Car_ID,Car_Name,Year,Present_Price_Lakh,Selling_Price_Lakh,Kms_Driven,Fuel_Type,Seller_Type,Transmission,Owner,Engine_CC,Mileage_Kmpl,City,Color,Car_Age
1,MG Hector,2015,21.43,2.57,67038,Petrol,Dealer,Automatic,0,1199,13.9,Kolkata,Red,11
2,Tata Safari,2023,27.28,17.82,31988,Diesel,Dealer,Automatic,0,1197,17.2,Mohali,Brown,3
3,Skoda Slavia,2014,15.58,1.87,87447,Petrol,Individual,Automatic,0,2179,16.1,Noida,Black,12
4,Maruti Ertiga,2023,10.69,6.83,19759,Petrol,Dealer,Manual,2,998,17.7,Kolkata,Grey,3
5,Maruti Baleno,2017,10.0,1.23,28576,Petrol,Individual,Manual,2,1597,19.0,Lucknow,Blue,9
6,Tata Nexon,2024,11.04,7.66,41021,Petrol,Dealer,Manual,0,1997,16.0,Mohali,Red,2
7,Kia Sonet,2018,13.31,3.46,27735,Petrol,Dealer,Manual,0,1956,21.8,Mumbai,White,8
8,Maruti Dzire,2021,8.62,4.19,28037,Petrol,Individual,Manual,1,1597,16.2,Delhi,White,5
9,Volkswagen Virtus,2023,15.7,9.72,49865,Petrol,Dealer,Automatic,0,799,21.7,Noida,Silver,3
10,Toyota Glanza,2020,9.42,4.02,40472,Petrol,Dealer,Manual,0,1199,19.6,Chennai,White,6
11,Skoda Slavia,2018,19.18,3.84,88199,Petrol,Individual,Automatic,0,1197,14.2,Chennai,Silver,8
12,Maruti Brezza,2023,13.72,9.01,19845,Petrol,Dealer,Manual,2,2755,16.8,Ludhiana,Brown,3
13,Maruti Alto,2020,4.04,1.75,24313,Petrol,Dealer,Manual,0,799,13.6,Noida,Red,6
14,Hyundai Alcazar,2022,22.61,10.14,43728,Diesel,Dealer,Automatic,1,1199,15.3,Chandigarh,Black,4
15,Skoda Slavia,2012,16.88,2.03,112583,Petrol,Dealer,Automatic,0,998,19.2,Chandigarh,Silver,14
16,Maruti Baleno,2018,9.68,2.12,51942,Petrol,Dealer,Manual,1,1498,17.4,Pune,Black,8
17,Honda Amaze,2012,9.03,1.08,114618,Petrol,Individual,Manual,1,1199,12.2,Mohali,Silver,14
18,Tata Tiago,2015,6.35,0.76,68129,Petrol,Dealer,Manual,1,2393,16.6,Delhi,White,11
19,Tata Harrier,2025,18.05,17.01,2500,Diesel,Individual,Manual,0,799,15.3,Pune,Grey,1
20,Hyundai Venue,2016,13.12,1.57,89717,Petrol,Dealer,Manual,0,1956,17.5,Mumbai,Grey,10
21,Hyundai i20,2012,10.07,1.21,120447,Petrol,Dealer,Manual,0,1498,18.1,Delhi,Black,14
22,Skoda Rapid,2012,10.16,1.22,113893,Diesel,Dealer,Manual,0,1197,20.9,Kolkata,Brown,14
23,Hyundai Venue,2022,11.81,7.6,8862,Petrol,Individual,Manual,0,1498,24.2,Gurugram,Silver,4
24,Tata Nexon,2025,10.69,8.29,46517,Petrol,Dealer,Manual,1,1197,22.4,Mumbai,Grey,1
25,Toyota Innova Crysta,2025,23.61,19.72,13769,Diesel,Individual,Manual,2,1497,14.6,Chandigarh,Grey,1
26,Maruti Swift,2013,7.72,0.93,122122,Petrol,Dealer,Manual,1,1498,16.8,Kolkata,Black,13
27,Nissan Magnite,2013,9.67,1.16,125922,Petrol,Individual,Manual,0,2179,22.9,Chennai,Red,13
28,Kia Sonet,2019,11.08,3.31,62026,Petrol,Individual,Manual,0,2755,24.0,Chandigarh,Blue,7
29,Volkswagen Polo,2013,7.1,0.85,148070,Petrol,Dealer,Manual,0,1498,20.0,Noida,Red,13
30,Nissan Magnite,2017,8.1,0.97,84297,Petrol,Individual,Manual,0,2755,20.4,Mohali,Grey,9
31,Mahindra Scorpio,2015,21.42,2.57,128102,Diesel,Dealer,Manual,0,2179,16.4,Delhi,Grey,11
32,Tata Tiago,2023,6.45,4.92,12633,Petrol,Dealer,Manual,0,2755,17.5,Lucknow,White,3
33,Maruti Alto,2013,4.14,0.55,99474,Petrol,Individual,Manual,0,1597,20.9,Chandigarh,Red,13
34,Toyota Fortuner,2018,36.85,5.27,70904,Diesel,Dealer,Automatic,0,2755,12.6,Gurugram,Blue,8
35,Maruti Dzire,2023,8.02,6.0,19416,Petrol,Individual,Manual,0,1498,20.6,Ludhiana,Black,3
36,Mahindra XUV700,2021,26.84,13.77,47787,Diesel,Individual,Automatic,1,998,12.4,Pune,Brown,5
37,Tata Safari,2023,24.9,12.71,66392,Diesel,Dealer,Automatic,0,1197,23.1,Bengaluru,Grey,3
38,Toyota Fortuner,2024,42.45,32.5,12009,Diesel,Individual,Automatic,0,2179,16.3,Chennai,White,2
39,Volkswagen Polo,2014,7.58,0.91,85310,Petrol,Individual,Manual,1,1997,22.8,Gurugram,Grey,12
40,Hyundai Grand i10,2016,7.62,0.91,100440,Petrol,Dealer,Manual,3,1597,19.8,Delhi,White,10
41,Mahindra Scorpio,2016,21.57,2.59,100818,Diesel,Dealer,Manual,1,799,18.8,Noida,White,10
42,Tata Punch,2024,9.38,7.67,18737,Petrol,Individual,Manual,0,1597,24.9,Mohali,White,2
43,Tata Tiago,2021,7.47,4.51,28499,Petrol,Dealer,Manual,0,1199,24.8,Amritsar,Red,5
44,MG Hector,2024,18.73,14.42,31139,Petrol,Individual,Automatic,1,2179,20.3,Jaipur,Black,2
45,Hyundai Creta,2019,18.82,5.89,51137,Diesel,Individual,Manual,0,1498,23.0,Gurugram,White,7
46,Kia Sonet,2024,11.99,10.39,9386,Petrol,Individual,Manual,0,2393,15.4,Hyderabad,Brown,2
47,Maruti Swift,2024,8.56,6.51,23592,Petrol,Dealer,Manual,0,1997,22.0,Gurugram,Brown,2
48,Toyota Innova Crysta,2025,27.82,22.93,4416,Diesel,Dealer,Manual,0,2179,12.2,Bengaluru,Blue,1
49,Tata Nexon,2017,12.24,1.47,95058,Petrol,Dealer,Manual,0,799,20.5,Chandigarh,Blue,9
50,Honda Amaze,2018,8.09,0.97,117175,Petrol,Dealer,Manual,0,2755,19.9,Ludhiana,Black,8
51,Renault Kiger,2015,9.97,1.2,49420,Petrol,Individual,Manual,1,1197,23.1,Gurugram,Red,11
52,Maruti Dzire,2020,10.05,2.8,69405,Petrol,Dealer,Manual,1,1498,22.9,Chennai,White,6
53,Hyundai i20,2016,8.51,1.02,70452,Petrol,Dealer,Manual,1,1997,17.6,Chandigarh,Black,10
54,Maruti Brezza,2023,11.62,7.39,31615,Petrol,Individual,Manual,1,799,15.3,Ludhiana,Silver,3
55,Maruti Alto,2014,4.2,0.55,79813,Petrol,Individual,Manual,2,1956,12.3,Delhi,Grey,12
56,Maruti Swift,2022,7.27,2.99,59615,Petrol,Dealer,Manual,2,799,13.8,Amritsar,White,4
57,Hyundai Alcazar,2016,22.08,2.65,116758,Diesel,Dealer,Automatic,0,1498,20.2,Mohali,Black,10
58,Volkswagen Polo,2015,7.32,0.88,46856,Petrol,Dealer,Manual,2,799,24.8,Ludhiana,Silver,11
59,Honda City,2021,14.86,6.59,49316,Petrol,Dealer,Manual,0,1197,19.3,Amritsar,Silver,5
60,Honda Amaze,2022,8.29,4.23,47065,Petrol,Dealer,Manual,0,2393,21.0,Mumbai,Silver,4
61,Tata Tiago,2016,7.66,0.92,72334,Petrol,Dealer,Manual,0,1997,16.8,Chandigarh,Red,10
62,Hyundai Verna,2021,13.42,5.96,44257,Petrol,Individual,Manual,1,2393,24.4,Lucknow,Blue,5
63,Kia Seltos,2015,17.63,2.12,105011,Diesel,Dealer,Manual,0,2179,22.3,Lucknow,Blue,11
64,Maruti Wagon R,2024,6.05,4.1,32804,Petrol,Individual,Manual,1,998,18.0,Mohali,Red,2
65,Hyundai Alcazar,2020,20.46,8.42,37036,Diesel,Individual,Automatic,1,2755,15.1,Hyderabad,Black,6
66,Hyundai Grand i10,2014,6.64,0.8,92441,Petrol,Individual,Manual,1,2755,13.7,Lucknow,White,12
67,Maruti Brezza,2015,11.68,1.4,111875,Petrol,Individual,Manual,0,799,12.1,Bengaluru,White,11
68,Maruti Brezza,2018,12.57,1.51,95153,Petrol,Individual,Manual,0,1997,13.1,Kolkata,Brown,8
69,Renault Kwid,2016,5.39,0.65,92585,Petrol,Individual,Manual,1,1956,21.8,Chandigarh,Blue,10
70,Maruti Wagon R,2022,6.34,4.28,2500,Petrol,Dealer,Manual,1,1197,14.7,Hyderabad,Grey,4
71,Hyundai Venue,2012,11.62,1.39,80465,Petrol,Dealer,Manual,1,2393,20.0,Pune,Red,14
72,Hyundai Grand i10,2016,7.18,0.86,106138,Petrol,Individual,Manual,0,2393,18.4,Chandigarh,White,10
73,Volkswagen Virtus,2025,18.11,16.19,4185,Petrol,Individual,Automatic,2,1197,12.9,Delhi,Grey,1
74,Toyota Fortuner,2019,40.32,8.88,73202,Diesel,Individual,Automatic,1,1197,21.0,Bengaluru,Red,7
75,Nissan Magnite,2020,9.01,3.95,42982,Petrol,Individual,Manual,1,799,22.1,Gurugram,Blue,6
76,Kia Sonet,2012,12.0,1.44,108738,Petrol,Individual,Manual,0,1197,17.8,Mumbai,Brown,14
77,Maruti Ciaz,2021,12.2,4.83,53946,Petrol,Dealer,Manual,1,1199,25.5,Chennai,Silver,5
78,Skoda Slavia,2022,17.47,7.05,72214,Petrol,Dealer,Automatic,2,1199,18.2,Hyderabad,Red,4
79,Maruti Ciaz,2016,10.81,1.3,27395,Petrol,Dealer,Manual,1,1199,19.3,Mumbai,Silver,10
80,Maruti Dzire,2015,9.24,1.11,52368,Petrol,Individual,Manual,0,1956,18.8,Mohali,Black,11
81,Renault Kwid,2023,4.85,3.26,12238,Petrol,Individual,Manual,2,2179,22.4,Bengaluru,Brown,3
82,Maruti Fronx,2017,10.05,1.21,69255,Petrol,Dealer,Manual,0,799,23.7,Chennai,White,9
83,Renault Kwid,2016,5.04,0.61,114737,Petrol,Individual,Manual,0,1197,17.4,Ludhiana,White,10
84,Hyundai i20,2017,8.46,1.01,48120,Petrol,Dealer,Manual,1,2755,24.3,Amritsar,Silver,9
85,Kia Sonet,2018,13.88,1.67,91854,Petrol,Dealer,Manual,0,799,14.4,Delhi,Red,8
86,Tata Altroz,2017,9.65,1.16,78916,Petrol,Dealer,Manual,0,1597,17.8,Gurugram,Blue,9
87,Mahindra Scorpio,2025,19.91,12.8,73038,Diesel,Individual,Manual,0,998,19.2,Lucknow,Black,1
88,Mahindra Thar,2017,17.11,2.05,68656,Diesel,Dealer,Manual,0,2179,24.1,Mumbai,Black,9
89,Mahindra Bolero,2018,10.72,2.41,63350,Diesel,Dealer,Manual,0,1956,13.4,Chennai,Silver,8
90,Maruti Swift,2014,9.07,1.09,72113,Petrol,Dealer,Manual,0,2393,25.0,Noida,Blue,12
91,Tata Nexon,2025,13.08,10.67,29548,Petrol,Dealer,Manual,0,1197,13.7,Chennai,Red,1
92,Toyota Fortuner,2023,38.53,23.33,43102,Diesel,Dealer,Automatic,1,1197,20.0,Lucknow,Black,3
93,Jeep Compass,2025,28.48,22.44,37393,Diesel,Individual,Automatic,0,2179,19.6,Mohali,White,1
94,Mahindra Scorpio,2012,21.61,2.59,164126,Diesel,Individual,Manual,1,1997,13.9,Jaipur,Brown,14
95,Maruti Baleno,2021,8.51,4.83,18154,Petrol,Dealer,Manual,0,2179,19.8,Delhi,Red,5
96,Honda City,2016,15.84,1.9,106641,Petrol,Dealer,Manual,0,1997,15.6,Bengaluru,Silver,10
97,Volkswagen Polo,2023,7.72,5.58,29325,Petrol,Individual,Manual,1,2179,17.7,Bengaluru,Grey,3
98,Ford EcoSport,2012,9.04,1.08,118108,Diesel,Dealer,Manual,0,1199,21.7,Kolkata,Silver,14
99,Volkswagen Virtus,2017,16.01,1.92,122288,Petrol,Individual,Automatic,2,1199,19.3,Chandigarh,Black,9
100,Honda City,2025,14.85,14.41,5937,Petrol,Dealer,Manual,0,2393,20.1,Chandigarh,White,1
101,Volkswagen Virtus,2014,15.8,1.9,92228,Petrol,Individual,Automatic,1,1997,18.0,Chandigarh,Black,12
102,Tata Safari,2014,23.59,2.83,116967,Diesel,Individual,Automatic,1,998,18.6,Hyderabad,White,12
103,Kia Seltos,2021,19.48,12.72,18978,Diesel,Dealer,Manual,0,1197,24.5,Chennai,White,5
104,Tata Harrier,2024,19.35,12.57,48839,Diesel,Dealer,Manual,1,799,20.8,Ludhiana,Brown,2
105,Volkswagen Polo,2014,7.65,0.92,76065,Petrol,Dealer,Manual,1,1199,22.7,Lucknow,White,12
106,Honda Elevate,2012,16.11,1.93,119875,Petrol,Dealer,Manual,0,2393,23.8,Ludhiana,Black,14
107,Mahindra Scorpio,2014,20.11,2.41,98465,Diesel,Dealer,Manual,1,1997,16.5,Jaipur,Black,12
108,Maruti Alto,2025,3.71,3.22,16304,Petrol,Individual,Manual,0,1497,12.6,Delhi,Blue,1
109,Hyundai Alcazar,2020,21.4,7.64,48608,Diesel,Individual,Automatic,0,1497,13.2,Bengaluru,Red,6
110,Tata Safari,2022,22.42,12.98,36863,Diesel,Individual,Automatic,0,1197,18.9,Hyderabad,Red,4
111,Kia Seltos,2020,17.91,5.51,66218,Diesel,Dealer,Manual,0,799,19.0,Lucknow,Brown,6
112,Nissan Magnite,2014,8.0,0.96,116509,Petrol,Individual,Manual,0,1956,22.1,Hyderabad,Red,12
113,Maruti Baleno,2025,9.78,8.99,13572,Petrol,Dealer,Manual,0,1197,24.9,Gurugram,White,1
114,Maruti Fronx,2019,10.08,2.71,64253,Petrol,Dealer,Manual,0,1497,12.7,Hyderabad,Silver,7
115,Skoda Slavia,2023,16.49,10.43,32451,Petrol,Dealer,Automatic,2,1956,19.6,Kolkata,Black,3
116,Tata Tiago,2019,7.2,2.16,47467,Petrol,Dealer,Manual,0,1497,21.2,Gurugram,White,7
117,Jeep Compass,2023,26.7,18.36,27823,Diesel,Individual,Automatic,0,1199,19.5,Lucknow,Black,3
118,Maruti Wagon R,2024,5.69,4.11,28204,Petrol,Dealer,Manual,1,1197,13.7,Mohali,Red,2
119,Maruti Ertiga,2021,12.02,4.5,72600,Petrol,Dealer,Manual,0,1498,24.7,Bengaluru,Red,5
120,Maruti Baleno,2022,9.8,4.68,49789,Petrol,Dealer,Manual,1,1956,12.6,Hyderabad,Black,4
121,Toyota Fortuner,2023,42.86,29.54,19203,Diesel,Dealer,Automatic,1,1498,17.0,Amritsar,White,3
122,Tata Harrier,2021,19.03,6.95,44014,Diesel,Dealer,Manual,2,1597,23.1,Jaipur,Brown,5
123,Mahindra Scorpio,2013,22.13,2.66,90584,Diesel,Individual,Manual,0,1956,17.8,Noida,Grey,13
124,Honda Amaze,2016,9.53,1.14,57000,Petrol,Individual,Manual,0,2755,21.8,Chandigarh,Black,10
125,Volkswagen Virtus,2012,18.49,2.22,86466,Petrol,Dealer,Automatic,1,1997,23.7,Kolkata,Grey,14
126,Maruti Ertiga,2014,11.77,1.41,84700,Petrol,Individual,Manual,2,1997,12.0,Pune,Blue,12
127,Tata Altroz,2015,8.59,1.03,58791,Petrol,Individual,Manual,0,998,22.8,Bengaluru,Red,11
128,Hyundai Creta,2012,18.66,2.24,104049,Diesel,Dealer,Manual,1,799,24.9,Gurugram,White,14
129,Hyundai i20,2017,8.67,1.13,62846,Petrol,Dealer,Manual,0,1498,14.8,Lucknow,Blue,9
130,Renault Kwid,2013,4.79,0.57,111084,Petrol,Dealer,Manual,0,1199,16.8,Chandigarh,Red,13
131,Jeep Compass,2018,26.0,3.12,82906,Diesel,Dealer,Automatic,1,1956,20.6,Mohali,White,8
132,Maruti Brezza,2020,13.44,4.14,55311,Petrol,Individual,Manual,1,1199,16.6,Delhi,Grey,6
133,Maruti Ertiga,2022,11.33,6.34,41519,Petrol,Dealer,Manual,1,1997,14.2,Mumbai,Brown,4
134,Honda Elevate,2017,17.43,2.09,114608,Petrol,Individual,Manual,0,1199,22.0,Mumbai,Brown,9
135,Mahindra Scorpio,2014,17.95,2.15,70153,Diesel,Dealer,Manual,0,1197,21.2,Mohali,Black,12
136,Hyundai Alcazar,2012,21.3,2.56,106594,Diesel,Dealer,Automatic,2,1497,16.7,Kolkata,Grey,14
137,Tata Safari,2013,26.23,3.15,111437,Diesel,Individual,Automatic,0,998,22.7,Pune,Black,13
138,Hyundai Venue,2014,11.63,1.4,131483,Petrol,Dealer,Manual,1,1597,20.5,Kolkata,Grey,12
139,Maruti Wagon R,2018,6.23,1.35,53518,Petrol,Dealer,Manual,0,1956,19.8,Gurugram,Brown,8
140,MG Hector,2017,20.01,4.1,47348,Petrol,Individual,Automatic,0,799,22.4,Bengaluru,Brown,9
141,Mahindra XUV700,2022,24.2,14.91,35690,Diesel,Dealer,Automatic,0,1997,17.8,Mohali,Blue,4
142,Maruti Alto,2020,4.41,1.69,46329,Petrol,Individual,Manual,0,1497,22.6,Bengaluru,Grey,6
143,Toyota Innova Crysta,2017,25.84,3.1,70801,Diesel,Dealer,Manual,0,1199,12.7,Lucknow,Red,9
144,Volkswagen Virtus,2017,16.82,2.02,80700,Petrol,Dealer,Automatic,1,2393,12.2,Delhi,Silver,9
145,MG Hector,2019,20.0,9.84,15279,Petrol,Dealer,Automatic,1,1199,21.5,Noida,Red,7
146,Tata Nexon,2012,13.28,1.59,98142,Petrol,Individual,Manual,0,799,23.3,Lucknow,Black,14
147,Hyundai Grand i10,2025,7.7,5.06,69375,Petrol,Dealer,Manual,1,1956,22.7,Mohali,Silver,1
148,Maruti Alto,2014,4.7,0.56,117462,Petrol,Dealer,Manual,0,1997,23.7,Hyderabad,Brown,12
149,Hyundai Creta,2020,18.26,6.78,48236,Diesel,Individual,Manual,0,1199,21.0,Hyderabad,Blue,6
150,Honda Elevate,2024,16.5,13.28,17453,Petrol,Dealer,Manual,1,1997,16.4,Hyderabad,Brown,2
151,Maruti Ertiga,2016,11.79,1.41,103246,Petrol,Dealer,Manual,1,1498,13.0,Mumbai,Grey,10
152,Hyundai Verna,2021,14.43,7.6,46561,Petrol,Individual,Manual,0,2755,12.3,Delhi,Blue,5
153,Hyundai Venue,2016,12.06,1.45,115798,Petrol,Individual,Manual,0,998,21.7,Chennai,Blue,10
154,Tata Nexon,2018,13.25,1.59,89165,Petrol,Individual,Manual,0,1197,12.8,Pune,Silver,8
155,Tata Punch,2014,8.59,1.03,98258,Petrol,Dealer,Manual,0,2755,19.3,Amritsar,Red,12
156,Skoda Rapid,2025,10.06,9.55,2500,Diesel,Dealer,Manual,0,2755,14.4,Amritsar,Brown,1
157,Maruti Ertiga,2019,10.24,2.66,49030,Petrol,Dealer,Manual,2,1498,19.4,Hyderabad,Brown,7
158,Nissan Magnite,2022,9.86,3.94,95013,Petrol,Individual,Manual,1,1997,23.3,Kolkata,Black,4
159,Honda Amaze,2012,9.58,1.15,130437,Petrol,Individual,Manual,0,2179,22.9,Mohali,Brown,14
160,Hyundai Grand i10,2012,6.2,0.74,88873,Petrol,Individual,Manual,0,1497,13.3,Chandigarh,Brown,14
161,Hyundai Alcazar,2014,19.69,2.36,120205,Diesel,Dealer,Automatic,0,1997,25.3,Gurugram,White,12
162,Maruti Swift,2021,7.88,2.31,83409,Petrol,Individual,Manual,1,1197,20.1,Mohali,Blue,5
163,Mahindra Scorpio,2018,20.56,4.53,52530,Diesel,Individual,Manual,1,2393,16.6,Jaipur,White,8
164,Hyundai Creta,2012,17.13,2.06,124854,Diesel,Individual,Manual,0,1956,20.8,Kolkata,Blue,14
165,Maruti Swift,2017,9.11,1.09,91789,Petrol,Dealer,Manual,1,2755,13.2,Kolkata,Blue,9
166,Toyota Fortuner,2020,39.92,14.06,46809,Diesel,Individual,Automatic,0,2755,25.2,Mohali,White,6
167,Tata Harrier,2023,21.23,13.44,50536,Diesel,Individual,Manual,0,1498,13.2,Pune,Blue,3
168,Mahindra Bolero,2016,9.71,1.17,95082,Diesel,Dealer,Manual,1,998,16.6,Chandigarh,Brown,10
169,Maruti Wagon R,2022,6.6,3.13,40320,Petrol,Dealer,Manual,1,998,19.0,Ludhiana,Grey,4
170,Ford EcoSport,2017,9.57,2.48,32633,Diesel,Dealer,Manual,0,1197,21.1,Hyderabad,Black,9
171,Hyundai Verna,2017,14.45,1.73,68549,Petrol,Dealer,Manual,1,2393,21.4,Mumbai,Black,9
172,Tata Altroz,2013,9.57,1.15,130389,Petrol,Individual,Manual,0,799,20.2,Pune,Brown,13
173,Maruti Swift,2014,7.37,0.88,75567,Petrol,Dealer,Manual,0,1997,15.1,Delhi,Grey,12
174,Hyundai Venue,2023,12.43,7.41,32918,Petrol,Dealer,Manual,0,2393,20.4,Hyderabad,Red,3
175,Tata Tiago,2014,6.88,0.83,69712,Petrol,Dealer,Manual,0,1956,16.0,Delhi,Red,12
176,Maruti Fronx,2014,10.28,1.23,82065,Petrol,Individual,Manual,1,1956,23.0,Pune,Brown,12
177,Toyota Fortuner,2015,40.49,4.86,112411,Diesel,Individual,Automatic,1,1197,17.0,Lucknow,Blue,11
178,Skoda Slavia,2024,17.32,12.5,11316,Petrol,Dealer,Automatic,0,2179,14.6,Ludhiana,Brown,2
179,Kia Seltos,2013,17.31,2.08,80222,Diesel,Dealer,Manual,0,799,19.4,Chandigarh,Silver,13
180,Kia Seltos,2025,17.05,14.26,6747,Diesel,Dealer,Manual,1,1199,23.6,Jaipur,Red,1
181,Nissan Magnite,2024,9.87,6.97,34231,Petrol,Dealer,Manual,1,998,12.5,Chandigarh,Black,2
182,Tata Nexon,2023,13.1,7.06,62532,Petrol,Individual,Manual,2,2755,18.1,Lucknow,White,3
183,Maruti Dzire,2023,7.95,4.19,75794,Petrol,Dealer,Manual,0,1197,13.0,Amritsar,White,3
184,Maruti Dzire,2015,8.69,1.04,73845,Petrol,Dealer,Manual,0,1597,22.6,Lucknow,Silver,11
185,Maruti Dzire,2016,9.27,1.11,110085,Petrol,Dealer,Manual,0,1956,22.4,Mohali,White,10
186,Maruti Wagon R,2013,5.7,0.68,101850,Petrol,Dealer,Manual,2,2179,22.8,Lucknow,Black,13
187,Renault Kwid,2013,4.53,0.55,138523,Petrol,Individual,Manual,1,2393,12.6,Mohali,Black,13
188,Honda Elevate,2018,14.55,2.33,63752,Petrol,Dealer,Manual,0,1199,15.2,Delhi,Blue,8
189,Mahindra Scorpio,2014,20.21,2.43,105762,Diesel,Individual,Manual,0,799,15.5,Chennai,Brown,12
190,Tata Nexon,2024,12.11,9.67,32194,Petrol,Dealer,Manual,0,2393,15.6,Hyderabad,Blue,2
191,Hyundai Creta,2013,17.95,2.15,113594,Diesel,Individual,Manual,0,1597,23.3,Lucknow,Silver,13
192,Ford EcoSport,2016,10.36,1.24,89296,Diesel,Dealer,Manual,0,1597,19.8,Gurugram,Blue,10
193,Skoda Slavia,2019,18.79,5.4,55989,Petrol,Individual,Automatic,0,1956,14.6,Chandigarh,Grey,7
194,Kia Sonet,2021,13.54,5.41,63202,Petrol,Individual,Manual,1,1199,19.1,Gurugram,White,5
195,Hyundai Venue,2012,11.67,1.4,131024,Petrol,Individual,Manual,1,1497,13.7,Hyderabad,Silver,14
196,Maruti Baleno,2015,8.28,0.99,76595,Petrol,Individual,Manual,0,1497,12.4,Hyderabad,Brown,11
197,Tata Altroz,2012,9.22,1.11,101859,Petrol,Dealer,Manual,1,1199,19.6,Ludhiana,Brown,14
198,Volkswagen Polo,2025,8.47,7.71,2754,Petrol,Dealer,Manual,1,1498,21.4,Noida,Silver,1
199,Jeep Compass,2016,24.06,2.89,85944,Diesel,Dealer,Automatic,0,1597,15.2,Chennai,White,10
200,Toyota Innova Crysta,2022,22.71,12.36,56008,Diesel,Dealer,Manual,0,1199,22.6,Hyderabad,Grey,4
201,Maruti Brezza,2025,11.08,8.51,35202,Petrol,Dealer,Manual,2,2179,16.5,Pune,Red,1
202,Mahindra Thar,2025,18.52,13.01,53455,Diesel,Individual,Manual,2,1197,17.8,Mumbai,Black,1
203,Toyota Fortuner,2016,45.26,5.43,24289,Diesel,Individual,Automatic,2,1597,24.2,Ludhiana,Grey,10
204,Skoda Rapid,2017,9.48,1.14,70466,Diesel,Dealer,Manual,2,1956,12.8,Bengaluru,Blue,9
205,Toyota Innova Crysta,2018,23.61,3.22,76810,Diesel,Dealer,Manual,0,2179,23.4,Hyderabad,Brown,8
206,Maruti Fronx,2024,8.85,6.76,47167,Petrol,Dealer,Manual,0,1498,24.1,Amritsar,Brown,2
207,Hyundai i20,2015,9.33,1.12,117015,Petrol,Individual,Manual,1,1497,15.5,Bengaluru,Black,11
208,Kia Seltos,2016,18.42,2.21,54670,Diesel,Individual,Manual,3,1997,12.3,Jaipur,Red,10
209,Nissan Magnite,2020,9.63,3.81,58412,Petrol,Dealer,Manual,0,2179,19.3,Delhi,Grey,6
210,Honda City,2013,14.86,1.78,104681,Petrol,Dealer,Manual,0,1997,21.0,Delhi,Blue,13
211,MG Hector,2017,19.62,2.35,97278,Petrol,Dealer,Automatic,0,799,14.7,Mumbai,Silver,9
212,Maruti Baleno,2025,9.59,7.81,24367,Petrol,Dealer,Manual,0,1956,25.3,Gurugram,White,1
213,Maruti Wagon R,2020,6.46,2.36,48093,Petrol,Dealer,Manual,0,1597,20.9,Mumbai,Blue,6
214,Ford EcoSport,2014,9.81,1.18,69137,Diesel,Dealer,Manual,0,1997,19.8,Mohali,Grey,12
215,Maruti Fronx,2025,9.21,8.15,2500,Petrol,Individual,Manual,1,1197,24.1,Chennai,Silver,1
216,Jeep Compass,2012,29.1,3.49,104618,Diesel,Individual,Automatic,0,1199,22.8,Amritsar,Red,14
217,Maruti Fronx,2023,10.92,7.29,12594,Petrol,Dealer,Manual,3,998,14.2,Bengaluru,Red,3
218,Mahindra XUV700,2022,24.23,13.05,65122,Diesel,Individual,Automatic,1,1497,25.1,Noida,Blue,4
219,Jeep Compass,2013,26.08,3.13,112791,Diesel,Individual,Automatic,3,1997,16.8,Mohali,Grey,13
220,Toyota Innova Crysta,2025,26.44,20.24,28507,Diesel,Dealer,Manual,1,1199,24.2,Bengaluru,Silver,1
221,Honda Elevate,2021,14.56,8.58,21373,Petrol,Individual,Manual,1,2393,20.6,Mohali,Silver,5
222,Honda Amaze,2013,8.08,0.97,132782,Petrol,Dealer,Manual,0,2755,25.4,Jaipur,Grey,13
223,Maruti Swift,2015,9.06,1.09,84108,Petrol,Dealer,Manual,0,1497,20.8,Jaipur,Red,11
224,Hyundai Venue,2012,11.05,1.33,129919,Petrol,Dealer,Manual,1,2393,12.0,Chandigarh,Blue,14
225,Volkswagen Polo,2019,7.12,2.46,32599,Petrol,Dealer,Manual,0,2393,17.7,Mumbai,Blue,7
226,Tata Safari,2025,27.33,23.67,11619,Diesel,Dealer,Automatic,1,2179,21.4,Mumbai,Silver,1
227,Hyundai Verna,2020,13.55,3.88,73550,Petrol,Individual,Manual,0,1497,19.3,Noida,Blue,6
228,Mahindra Thar,2020,17.4,6.28,53572,Diesel,Individual,Manual,0,2393,21.9,Mumbai,White,6
229,Maruti Baleno,2023,9.73,6.18,40922,Petrol,Individual,Manual,1,1597,19.2,Lucknow,Brown,3
230,Mahindra Thar,2023,17.1,12.07,33041,Diesel,Individual,Manual,0,799,22.0,Mumbai,Grey,3
231,Maruti Fronx,2015,9.86,1.18,80105,Petrol,Dealer,Manual,2,1197,24.0,Lucknow,White,11
232,Renault Kwid,2016,5.34,0.64,110879,Petrol,Dealer,Manual,1,2755,15.2,Chennai,Grey,10
233,Maruti Swift,2017,7.72,0.93,56788,Petrol,Individual,Manual,0,1498,13.0,Kolkata,Brown,9
234,Honda City,2024,14.89,12.11,10541,Petrol,Dealer,Manual,0,799,20.4,Chandigarh,White,2
235,Tata Altroz,2019,8.65,2.14,82678,Petrol,Dealer,Manual,1,1199,13.5,Kolkata,Silver,7
236,Tata Nexon,2016,10.89,1.31,94563,Petrol,Individual,Manual,0,799,20.3,Jaipur,Red,10
237,MG Hector,2018,23.04,4.01,68591,Petrol,Individual,Automatic,1,799,17.3,Gurugram,Brown,8
238,Hyundai Venue,2024,12.63,7.75,44267,Petrol,Individual,Manual,2,2393,12.0,Kolkata,White,2
239,Tata Harrier,2012,20.46,2.46,149468,Diesel,Dealer,Manual,0,998,13.2,Lucknow,Grey,14
240,Renault Kwid,2015,5.47,0.66,86985,Petrol,Individual,Manual,0,1997,20.7,Delhi,Brown,11
241,Hyundai Creta,2021,18.64,10.33,21402,Diesel,Dealer,Manual,0,1498,13.6,Mumbai,Grey,5
242,Jeep Compass,2014,25.62,3.07,73838,Diesel,Dealer,Automatic,0,799,13.1,Mumbai,Silver,12
243,Mahindra XUV700,2020,26.43,8.39,72820,Diesel,Individual,Automatic,1,1197,13.0,Delhi,Grey,6
244,Mahindra Thar,2023,17.34,11.52,19138,Diesel,Dealer,Manual,0,1597,16.3,Jaipur,Brown,3
245,Skoda Rapid,2023,11.07,8.79,9790,Diesel,Dealer,Manual,0,1956,22.3,Pune,Red,3
246,Tata Tiago,2024,7.3,6.23,2500,Petrol,Dealer,Manual,0,2393,16.2,Amritsar,Blue,2
247,Maruti Dzire,2019,7.98,1.87,34344,Petrol,Dealer,Manual,3,998,18.6,Pune,White,7
248,Maruti Swift,2022,7.44,4.77,2500,Petrol,Dealer,Manual,0,2179,24.2,Bengaluru,Blue,4
249,Nissan Magnite,2023,8.76,5.01,46832,Petrol,Individual,Manual,1,2393,25.0,Chandigarh,Red,3
250,Mahindra Scorpio,2017,19.31,3.14,50233,Diesel,Dealer,Manual,0,2393,23.3,Hyderabad,Red,9
251,Volkswagen Polo,2024,8.96,6.64,2500,Petrol,Dealer,Manual,2,2755,19.9,Mumbai,White,2
252,Hyundai Creta,2013,16.84,2.02,50833,Diesel,Individual,Manual,3,1997,22.7,Kolkata,Blue,13
253,MG Hector,2016,20.49,2.46,85865,Petrol,Individual,Automatic,1,1497,20.1,Lucknow,Silver,10
254,Tata Nexon,2017,13.29,1.6,68541,Petrol,Dealer,Manual,1,2755,25.1,Noida,Black,9
255,Kia Seltos,2023,17.25,9.5,56273,Diesel,Dealer,Manual,1,799,19.6,Hyderabad,Silver,3
256,Toyota Glanza,2022,9.57,5.5,34119,Petrol,Individual,Manual,1,2755,23.2,Amritsar,Black,4
257,Maruti Baleno,2018,10.02,1.2,94647,Petrol,Dealer,Manual,2,2393,12.4,Hyderabad,Silver,8
258,Mahindra XUV700,2018,27.0,3.32,68588,Diesel,Individual,Automatic,1,2179,20.5,Hyderabad,Black,8
259,Renault Kiger,2019,7.93,2.22,66156,Petrol,Individual,Manual,1,799,13.2,Delhi,Black,7
260,Maruti Swift,2012,8.72,1.05,140603,Petrol,Dealer,Manual,0,2755,20.9,Kolkata,Red,14
261,Skoda Rapid,2014,10.12,1.21,82124,Diesel,Dealer,Manual,0,1498,16.1,Pune,Blue,12
262,Hyundai Verna,2023,16.23,9.2,69452,Petrol,Dealer,Manual,0,1956,13.5,Hyderabad,Black,3
263,Honda Amaze,2017,9.88,1.59,41133,Petrol,Dealer,Manual,0,1956,17.5,Kolkata,Brown,9
264,Toyota Fortuner,2018,42.11,10.25,35102,Diesel,Individual,Automatic,1,1497,17.6,Bengaluru,Silver,8
265,Tata Harrier,2025,21.55,16.55,45116,Diesel,Individual,Manual,0,998,21.6,Delhi,Blue,1
266,Tata Safari,2017,24.52,2.94,54341,Diesel,Individual,Automatic,2,998,13.8,Mohali,Brown,9
267,Hyundai Venue,2012,11.27,1.35,100223,Petrol,Individual,Manual,0,1956,12.1,Chennai,Black,14
268,Toyota Fortuner,2023,44.54,29.52,25494,Diesel,Individual,Automatic,0,1199,24.2,Mohali,Grey,3
269,Maruti Brezza,2019,11.76,4.05,60057,Petrol,Individual,Manual,0,2179,13.9,Kolkata,Brown,7
270,Ford EcoSport,2024,10.14,7.95,11241,Diesel,Individual,Manual,0,1997,13.4,Jaipur,Blue,2
271,Hyundai Venue,2016,12.78,1.53,80932,Petrol,Dealer,Manual,2,998,20.6,Jaipur,Silver,10
272,Renault Kiger,2023,9.5,6.67,25199,Petrol,Dealer,Manual,0,1997,23.7,Delhi,White,3
273,Tata Punch,2012,8.6,1.03,128259,Petrol,Dealer,Manual,0,1199,22.0,Kolkata,Brown,14
274,Tata Nexon,2023,12.81,8.82,11686,Petrol,Dealer,Manual,2,1997,23.1,Mumbai,Red,3
275,Hyundai Grand i10,2025,6.84,5.52,22918,Petrol,Individual,Manual,1,1197,18.7,Noida,Black,1
276,Honda City,2023,14.84,10.03,29797,Petrol,Individual,Manual,0,1498,22.3,Mohali,Black,3
277,Honda Amaze,2012,8.49,1.02,123646,Petrol,Dealer,Manual,0,1997,13.6,Amritsar,Brown,14
278,Mahindra Scorpio,2016,22.28,2.67,111369,Diesel,Individual,Manual,0,1497,20.7,Mohali,Silver,10
279,Maruti Fronx,2022,9.35,5.45,47166,Petrol,Dealer,Manual,0,1956,12.9,Amritsar,Grey,4
280,Volkswagen Polo,2013,8.94,1.07,143272,Petrol,Dealer,Manual,0,1597,22.6,Ludhiana,White,13
281,Hyundai i20,2023,9.17,6.48,16741,Petrol,Individual,Manual,1,1997,22.5,Jaipur,Black,3
282,Hyundai i20,2024,8.65,6.69,34960,Petrol,Individual,Manual,0,799,24.8,Amritsar,White,2
283,Mahindra XUV700,2020,28.42,7.31,78519,Diesel,Dealer,Automatic,2,1956,13.8,Jaipur,Silver,6
284,Hyundai Alcazar,2024,20.62,14.3,38402,Diesel,Dealer,Automatic,1,1197,14.2,Noida,Red,2
285,Ford EcoSport,2023,9.98,6.49,41352,Diesel,Individual,Manual,0,2755,25.4,Pune,Silver,3
286,Kia Seltos,2025,15.46,14.42,2500,Diesel,Individual,Manual,0,1498,12.2,Chennai,Blue,1
287,Toyota Fortuner,2022,40.82,17.77,68946,Diesel,Individual,Automatic,0,1956,14.2,Delhi,Brown,4
288,Mahindra Thar,2012,15.0,1.8,146689,Diesel,Individual,Manual,2,2755,12.2,Gurugram,Blue,14
289,Skoda Slavia,2023,15.1,11.82,3991,Petrol,Individual,Automatic,0,1498,17.8,Kolkata,Silver,3
290,Hyundai Creta,2024,16.48,12.75,16116,Diesel,Individual,Manual,0,1997,22.3,Mumbai,White,2
291,Tata Altroz,2015,8.75,1.05,96945,Petrol,Dealer,Manual,2,998,25.4,Noida,White,11
292,Toyota Glanza,2013,9.54,1.15,79854,Petrol,Individual,Manual,0,2179,23.3,Pune,Brown,13
293,Maruti Dzire,2021,9.56,5.49,22619,Petrol,Individual,Manual,0,1497,19.0,Kolkata,Silver,5
294,Tata Tiago,2024,7.65,4.84,41144,Petrol,Individual,Manual,2,1199,23.1,Bengaluru,Blue,2
295,Toyota Fortuner,2019,44.04,10.55,49384,Diesel,Dealer,Automatic,1,1199,16.0,Jaipur,Silver,7
296,Tata Safari,2022,23.55,14.22,28471,Diesel,Individual,Automatic,1,1197,19.0,Ludhiana,Grey,4
297,Tata Harrier,2024,19.7,12.41,39185,Diesel,Individual,Manual,0,1498,12.1,Chennai,Brown,2
298,Tata Punch,2015,9.68,1.16,118282,Petrol,Dealer,Manual,1,1497,21.6,Delhi,Blue,11
299,Hyundai Verna,2020,13.74,3.69,71234,Petrol,Individual,Manual,1,1497,19.3,Kolkata,Blue,6
300,Honda Amaze,2022,8.01,3.55,71942,Petrol,Dealer,Manual,0,799,24.9,Noida,White,4
301,Honda City,2015,16.7,2.0,94681,Petrol,Dealer,Manual,0,1997,14.3,Chandigarh,White,11
302,Tata Safari,2013,22.85,2.74,130302,Diesel,Individual,Automatic,0,1597,23.5,Chennai,Black,13
303,Renault Kiger,2024,9.13,6.81,15899,Petrol,Dealer,Manual,1,799,21.8,Chandigarh,Brown,2
304,Maruti Alto,2012,3.82,0.55,89982,Petrol,Individual,Manual,1,1197,22.6,Delhi,White,14
305,Hyundai Verna,2021,16.68,6.74,70158,Petrol,Dealer,Manual,0,1498,19.4,Gurugram,Silver,5
306,Tata Tiago,2016,6.38,0.77,124022,Petrol,Dealer,Manual,1,1197,17.4,Noida,Silver,10
307,Hyundai Grand i10,2020,6.69,2.51,43465,Petrol,Individual,Manual,0,1497,13.0,Mumbai,White,6
308,Maruti Swift,2013,8.06,0.97,108034,Petrol,Dealer,Manual,0,799,24.6,Amritsar,Grey,13
309,Toyota Innova Crysta,2025,22.34,20.94,2500,Diesel,Dealer,Manual,0,1498,16.5,Jaipur,Silver,1
310,MG Hector,2015,21.61,2.59,79202,Petrol,Individual,Automatic,1,1956,15.7,Gurugram,Grey,11
311,Kia Seltos,2025,17.85,14.53,2500,Diesel,Dealer,Manual,3,1497,14.6,Noida,White,1
312,Toyota Glanza,2012,10.01,1.2,81076,Petrol,Dealer,Manual,0,1956,20.9,Delhi,Grey,14
313,Ford EcoSport,2018,8.39,1.53,67165,Diesel,Individual,Manual,0,998,15.6,Pune,Silver,8
314,Maruti Swift,2017,7.22,0.87,94350,Petrol,Individual,Manual,1,1199,15.4,Jaipur,Silver,9
315,Maruti Baleno,2012,9.27,1.11,111054,Petrol,Dealer,Manual,1,2393,22.4,Mumbai,Red,14
316,Mahindra Thar,2020,16.59,5.67,57125,Diesel,Individual,Manual,0,1197,24.9,Jaipur,Grey,6
317,Nissan Magnite,2017,9.69,1.16,75981,Petrol,Individual,Manual,0,2755,23.6,Lucknow,White,9
318,Maruti Fronx,2022,10.37,5.5,39347,Petrol,Individual,Manual,1,1199,14.8,Ludhiana,Black,4
319,Tata Harrier,2015,20.47,2.46,76130,Diesel,Dealer,Manual,0,1197,14.9,Gurugram,Black,11
320,Honda Amaze,2013,9.25,1.11,73980,Petrol,Dealer,Manual,2,1956,14.7,Pune,Silver,13
321,Maruti Alto,2018,4.03,0.88,72395,Petrol,Dealer,Manual,0,1498,22.8,Jaipur,Red,8
322,Toyota Innova Crysta,2012,27.0,3.24,120684,Diesel,Dealer,Manual,1,2393,20.6,Gurugram,Black,14
323,Renault Kwid,2015,4.64,0.56,66120,Petrol,Dealer,Manual,1,2393,20.1,Lucknow,Blue,11
324,Tata Punch,2018,8.48,1.02,68695,Petrol,Dealer,Manual,2,1498,20.8,Chennai,Silver,8
325,Jeep Compass,2016,23.17,2.78,95939,Diesel,Individual,Automatic,2,1197,22.9,Pune,Silver,10
326,Toyota Glanza,2019,9.67,3.54,25795,Petrol,Dealer,Manual,1,1597,14.9,Kolkata,White,7
327,Maruti Dzire,2015,9.71,1.17,61004,Petrol,Dealer,Manual,0,1997,13.0,Chandigarh,Red,11
328,MG Hector,2017,20.2,2.42,108346,Petrol,Dealer,Automatic,2,1997,12.2,Mumbai,Blue,9
329,Tata Harrier,2024,21.39,18.78,7125,Diesel,Dealer,Manual,0,998,19.2,Chennai,Red,2
330,Mahindra Thar,2017,15.39,3.7,31150,Diesel,Individual,Manual,0,2179,16.8,Mumbai,Blue,9
331,Skoda Rapid,2013,10.6,1.27,159887,Diesel,Dealer,Manual,0,1197,16.5,Hyderabad,Brown,13
332,Tata Safari,2019,22.57,5.54,60641,Diesel,Individual,Automatic,1,1956,21.5,Mumbai,Black,7
333,Hyundai Creta,2017,17.78,2.13,68605,Diesel,Individual,Manual,2,1597,13.9,Bengaluru,Red,9
334,Maruti Ertiga,2024,12.49,8.73,42885,Petrol,Dealer,Manual,0,799,20.3,Bengaluru,White,2
335,Maruti Swift,2024,8.13,5.67,56211,Petrol,Dealer,Manual,0,1956,22.2,Mohali,White,2
336,Tata Punch,2020,8.97,4.32,8112,Petrol,Dealer,Manual,1,998,17.5,Mumbai,Silver,6
337,Hyundai i20,2016,9.09,1.09,122666,Petrol,Dealer,Manual,0,1498,17.3,Delhi,Blue,10
338,Skoda Rapid,2023,10.14,6.54,39434,Diesel,Dealer,Manual,0,1199,25.5,Hyderabad,Brown,3
339,Toyota Fortuner,2014,35.7,4.28,85022,Diesel,Dealer,Automatic,0,2393,17.0,Noida,Grey,12
340,Mahindra Scorpio,2022,20.23,8.89,63422,Diesel,Dealer,Manual,1,998,22.4,Lucknow,Grey,4
341,Kia Sonet,2015,13.01,1.56,101560,Petrol,Individual,Manual,1,1199,13.9,Chennai,Black,11
342,Toyota Fortuner,2022,44.13,22.76,29253,Diesel,Individual,Automatic,2,1197,17.8,Chandigarh,Brown,4
343,Tata Punch,2025,8.38,6.7,14467,Petrol,Dealer,Manual,1,1997,15.3,Kolkata,Silver,1
344,Mahindra Thar,2025,16.8,15.13,16843,Diesel,Dealer,Manual,0,2755,18.0,Delhi,Black,1
345,Mahindra Scorpio,2012,21.56,2.59,134385,Diesel,Individual,Manual,0,799,19.1,Noida,Red,14
346,Tata Nexon,2021,13.39,4.34,66262,Petrol,Dealer,Manual,1,1199,18.2,Bengaluru,Brown,5
347,Tata Safari,2015,26.27,3.15,107764,Diesel,Dealer,Automatic,0,1498,12.5,Bengaluru,Brown,11
348,Maruti Dzire,2023,9.7,6.34,33597,Petrol,Individual,Manual,0,1597,25.4,Amritsar,Brown,3
349,Maruti Wagon R,2019,6.43,1.17,71823,Petrol,Dealer,Manual,0,2393,24.6,Pune,Grey,7
350,Hyundai Grand i10,2014,6.18,0.74,96858,Petrol,Dealer,Manual,0,1197,17.5,Amritsar,Red,12
351,Volkswagen Virtus,2017,16.58,1.99,105867,Petrol,Individual,Automatic,0,1197,24.7,Amritsar,Black,9
352,Tata Tiago,2020,7.16,2.15,58258,Petrol,Individual,Manual,1,1997,15.1,Gurugram,Silver,6
353,Tata Safari,2022,26.55,16.06,34457,Diesel,Dealer,Automatic,0,2755,18.7,Mumbai,Red,4
354,Jeep Compass,2020,23.52,6.76,68398,Diesel,Dealer,Automatic,1,1956,24.7,Hyderabad,Black,6
355,Renault Kiger,2022,9.44,5.13,61252,Petrol,Dealer,Manual,0,799,14.4,Chennai,Grey,4
356,Tata Punch,2013,9.73,1.17,127457,Petrol,Dealer,Manual,0,2393,21.4,Chandigarh,Brown,13
357,Tata Altroz,2025,9.91,8.0,21851,Petrol,Individual,Manual,2,799,15.7,Delhi,Red,1
358,Kia Seltos,2022,19.1,13.95,2500,Diesel,Dealer,Manual,0,799,20.2,Kolkata,Black,4
359,Honda Amaze,2025,9.65,8.72,2500,Petrol,Individual,Manual,1,1597,15.9,Amritsar,Red,1
360,Volkswagen Virtus,2014,16.66,2.0,105350,Petrol,Individual,Automatic,0,1199,16.7,Noida,Blue,12
361,Honda City,2021,13.47,6.9,31841,Petrol,Dealer,Manual,0,1498,24.7,Pune,Black,5
362,Hyundai Alcazar,2016,21.56,2.59,91340,Diesel,Dealer,Automatic,0,1956,14.8,Mohali,Brown,10
363,Hyundai Grand i10,2018,6.74,1.54,37870,Petrol,Individual,Manual,0,1199,14.0,Ludhiana,Blue,8
364,Tata Safari,2019,23.05,5.59,60808,Diesel,Dealer,Automatic,0,1498,22.5,Noida,Red,7
365,Tata Harrier,2012,19.27,2.31,120887,Diesel,Individual,Manual,0,1997,14.6,Bengaluru,Black,14
366,Honda Elevate,2014,16.93,2.03,102827,Petrol,Individual,Manual,1,1497,18.6,Ludhiana,Silver,12
367,Hyundai Venue,2023,12.04,7.65,55495,Petrol,Individual,Manual,0,1199,17.6,Chennai,Brown,3
368,Renault Kwid,2024,4.85,3.13,62040,Petrol,Individual,Manual,0,2755,19.5,Hyderabad,Grey,2
369,Mahindra Scorpio,2022,18.97,9.78,43769,Diesel,Dealer,Manual,0,1498,23.1,Mohali,Silver,4
370,Jeep Compass,2019,27.1,11.31,16535,Diesel,Dealer,Automatic,1,2393,16.6,Ludhiana,Silver,7
371,Maruti Dzire,2025,9.28,7.44,19478,Petrol,Individual,Manual,0,2179,22.7,Pune,Red,1
372,Hyundai Creta,2012,16.15,1.94,110880,Diesel,Dealer,Manual,0,2393,12.5,Ludhiana,Black,14
373,Maruti Ciaz,2022,11.31,6.13,45428,Petrol,Dealer,Manual,0,1597,18.6,Jaipur,Red,4
374,Honda City,2025,15.41,11.89,42276,Petrol,Dealer,Manual,0,799,18.9,Bengaluru,Brown,1
375,Maruti Fronx,2015,11.19,1.34,102681,Petrol,Dealer,Manual,0,1199,24.5,Chandigarh,White,11
376,Volkswagen Virtus,2022,19.01,12.8,4831,Petrol,Individual,Automatic,0,1997,14.6,Noida,White,4
377,Ford EcoSport,2019,9.24,2.08,103573,Diesel,Dealer,Manual,0,1956,24.5,Bengaluru,Red,7
378,Jeep Compass,2016,28.7,3.44,74493,Diesel,Dealer,Automatic,0,1956,12.4,Mumbai,Silver,10
379,Tata Tiago,2018,7.01,0.84,84290,Petrol,Dealer,Manual,1,1597,20.1,Delhi,Blue,8
380,Tata Punch,2021,10.06,5.14,40958,Petrol,Individual,Manual,0,1199,20.4,Chandigarh,White,5
381,Volkswagen Virtus,2025,16.98,14.44,14110,Petrol,Dealer,Automatic,0,2755,14.5,Kolkata,White,1
382,Toyota Glanza,2020,7.93,2.2,71547,Petrol,Dealer,Manual,0,998,14.6,Gurugram,White,6
383,Nissan Magnite,2020,9.61,2.91,72144,Petrol,Individual,Manual,1,2179,24.7,Bengaluru,Silver,6
384,Volkswagen Virtus,2023,16.48,11.28,22810,Petrol,Individual,Automatic,1,2755,24.3,Delhi,Grey,3
385,Maruti Alto,2017,4.19,0.55,65449,Petrol,Dealer,Manual,0,1498,14.3,Chandigarh,Grey,9
386,Jeep Compass,2024,27.74,22.31,2500,Diesel,Dealer,Automatic,1,2179,19.4,Bengaluru,White,2
387,Tata Harrier,2015,17.65,2.12,71427,Diesel,Dealer,Manual,2,2179,16.4,Mumbai,Black,11
388,Hyundai i20,2024,8.07,6.4,18690,Petrol,Dealer,Manual,0,1498,14.9,Amritsar,Red,2
389,Maruti Wagon R,2012,6.09,0.73,133514,Petrol,Dealer,Manual,1,2393,22.1,Chennai,Black,14
390,Toyota Innova Crysta,2021,23.36,12.79,31146,Diesel,Dealer,Manual,0,799,18.2,Jaipur,Grey,5
391,Maruti Alto,2012,4.06,0.55,123151,Petrol,Individual,Manual,2,1197,16.7,Hyderabad,Blue,14
392,Honda City,2012,14.57,1.75,87945,Petrol,Dealer,Manual,1,1197,15.0,Gurugram,Blue,14
393,Hyundai Alcazar,2017,22.29,2.67,93011,Diesel,Dealer,Automatic,0,1497,24.6,Mohali,Blue,9
394,Kia Seltos,2016,15.69,1.88,59941,Diesel,Individual,Manual,1,1997,21.6,Pune,White,10
395,Hyundai Alcazar,2014,21.53,2.58,121701,Diesel,Individual,Automatic,0,1956,16.3,Ludhiana,Grey,12
396,Maruti Alto,2014,3.73,0.55,75475,Petrol,Individual,Manual,1,1199,19.5,Lucknow,Brown,12
397,Honda Amaze,2025,9.5,8.39,6858,Petrol,Individual,Manual,0,1956,18.8,Mumbai,Blue,1
398,Maruti Fronx,2018,9.02,1.08,76778,Petrol,Individual,Manual,2,1997,15.9,Ludhiana,Red,8
399,Jeep Compass,2013,24.94,2.99,80842,Diesel,Individual,Automatic,2,1956,23.4,Noida,Blue,13
400,Tata Harrier,2017,21.84,2.62,90902,Diesel,Dealer,Manual,0,1199,14.9,Bengaluru,Black,9
401,Maruti Swift,2021,8.0,3.65,44421,Petrol,Dealer,Manual,1,1197,24.8,Hyderabad,Blue,5
402,Hyundai i20,2024,9.84,6.41,60288,Petrol,Dealer,Manual,1,1597,12.9,Jaipur,White,2
403,Maruti Dzire,2015,8.1,0.97,42040,Petrol,Dealer,Manual,0,2179,24.1,Lucknow,White,11
404,Mahindra Thar,2018,15.51,2.64,58879,Diesel,Dealer,Manual,0,1498,25.2,Bengaluru,Red,8
405,Maruti Wagon R,2023,5.73,3.72,22961,Petrol,Individual,Manual,0,1498,22.6,Amritsar,Black,3
406,Nissan Magnite,2023,8.73,4.63,52580,Petrol,Dealer,Manual,0,1956,24.2,Amritsar,Silver,3
407,Renault Kwid,2023,4.51,2.42,58125,Petrol,Dealer,Manual,1,1497,13.2,Kolkata,Grey,3
408,Skoda Rapid,2023,9.98,6.41,34619,Diesel,Dealer,Manual,0,1597,12.7,Noida,Black,3
409,Skoda Slavia,2024,15.26,11.98,2500,Petrol,Dealer,Automatic,0,1497,22.3,Ludhiana,Red,2
410,Maruti Brezza,2015,11.58,1.39,69728,Petrol,Individual,Manual,0,1197,21.4,Noida,Red,11
411,Toyota Fortuner,2015,39.85,4.78,69451,Diesel,Dealer,Automatic,0,1997,13.9,Lucknow,Brown,11
412,Maruti Dzire,2015,9.01,1.08,101792,Petrol,Dealer,Manual,0,2179,18.0,Mohali,Black,11
413,Maruti Baleno,2014,8.86,1.06,88806,Petrol,Dealer,Manual,1,1497,22.4,Lucknow,Silver,12
414,Hyundai Grand i10,2013,6.38,0.77,140374,Petrol,Individual,Manual,0,2393,15.8,Chennai,Red,13
415,Tata Nexon,2015,12.81,1.54,103722,Petrol,Dealer,Manual,0,799,20.8,Amritsar,Grey,11
416,Maruti Ertiga,2013,11.02,1.32,112738,Petrol,Dealer,Manual,0,2393,23.4,Delhi,Silver,13
417,Nissan Magnite,2022,7.96,3.71,75678,Petrol,Dealer,Manual,1,1498,13.9,Noida,Grey,4
418,Hyundai Grand i10,2023,7.18,4.74,27956,Petrol,Individual,Manual,1,1498,13.8,Lucknow,Red,3
419,Tata Altroz,2013,9.66,1.16,100204,Petrol,Dealer,Manual,2,1997,20.4,Mohali,Black,13
420,Tata Altroz,2018,8.03,2.53,45441,Petrol,Dealer,Manual,0,1997,25.0,Amritsar,Black,8
421,Hyundai Venue,2016,12.86,1.54,119688,Petrol,Dealer,Manual,0,998,13.7,Noida,Red,10
422,Hyundai Venue,2017,12.51,1.5,86208,Petrol,Dealer,Manual,0,1956,22.7,Gurugram,Grey,9
423,Skoda Rapid,2015,9.11,1.09,88955,Diesel,Dealer,Manual,0,1199,16.4,Amritsar,Red,11
424,MG Hector,2025,21.1,19.47,2500,Petrol,Dealer,Automatic,1,2755,24.5,Chennai,Blue,1
425,Maruti Dzire,2024,8.69,6.75,30335,Petrol,Dealer,Manual,0,1497,21.6,Amritsar,White,2
426,Tata Tiago,2025,7.52,6.19,17046,Petrol,Individual,Manual,1,1997,19.5,Mumbai,Red,1
427,Mahindra XUV700,2017,26.39,3.17,64614,Diesel,Dealer,Automatic,0,1498,18.0,Amritsar,Brown,9
428,Volkswagen Virtus,2015,15.89,1.91,119593,Petrol,Dealer,Automatic,0,1199,21.2,Chandigarh,Black,11
429,Maruti Swift,2023,9.17,5.35,36265,Petrol,Individual,Manual,1,1199,17.8,Jaipur,Brown,3
430,Toyota Glanza,2024,8.41,6.08,38949,Petrol,Dealer,Manual,1,1498,15.1,Lucknow,Red,2
431,Maruti Ciaz,2021,10.41,6.34,6755,Petrol,Dealer,Manual,0,1956,12.8,Jaipur,Grey,5
432,Hyundai Venue,2018,11.45,1.37,83462,Petrol,Dealer,Manual,1,1498,15.4,Amritsar,Silver,8
433,Nissan Magnite,2023,9.58,5.5,66476,Petrol,Individual,Manual,0,1997,21.5,Gurugram,Grey,3
434,Hyundai Venue,2022,13.34,7.42,40031,Petrol,Individual,Manual,1,1498,16.1,Gurugram,White,4
435,Maruti Baleno,2022,9.17,5.25,43469,Petrol,Dealer,Manual,0,1597,16.3,Jaipur,Brown,4
436,Kia Seltos,2020,15.88,5.81,50009,Diesel,Dealer,Manual,0,799,13.4,Noida,Grey,6
437,Toyota Fortuner,2024,40.24,30.55,2500,Diesel,Dealer,Automatic,1,1498,18.1,Pune,Black,2
438,Honda City,2013,13.66,1.64,95061,Petrol,Dealer,Manual,0,2393,16.6,Delhi,Blue,13
439,Volkswagen Polo,2015,7.26,0.87,73011,Petrol,Dealer,Manual,0,1997,13.3,Noida,Black,11
440,Tata Safari,2014,21.89,2.63,104995,Diesel,Individual,Automatic,1,2755,16.0,Jaipur,Black,12
441,Mahindra XUV700,2015,26.93,3.23,102246,Diesel,Dealer,Automatic,0,1498,18.4,Jaipur,Grey,11
442,Honda Elevate,2021,14.23,6.44,50800,Petrol,Individual,Manual,0,1498,21.7,Chennai,Black,5
443,Tata Punch,2014,9.25,1.11,156937,Petrol,Individual,Manual,2,1497,22.6,Chandigarh,Black,12
444,MG Hector,2020,22.39,6.54,61931,Petrol,Individual,Automatic,0,2755,12.7,Chennai,Red,6
445,Jeep Compass,2016,27.8,3.34,78177,Diesel,Dealer,Automatic,0,1956,19.5,Delhi,Red,10
446,Kia Sonet,2018,12.71,3.47,35524,Petrol,Dealer,Manual,2,1197,20.4,Mohali,Grey,8
447,Tata Punch,2016,8.27,0.99,114808,Petrol,Dealer,Manual,0,1597,18.0,Chennai,Black,10
448,Tata Tiago,2021,6.61,3.05,35991,Petrol,Dealer,Manual,0,1197,23.9,Gurugram,Red,5
449,Tata Altroz,2015,8.13,0.98,114721,Petrol,Dealer,Manual,3,1497,12.7,Noida,Red,11
450,Jeep Compass,2013,22.47,2.7,110356,Diesel,Dealer,Automatic,1,1956,16.0,Amritsar,Blue,13
451,Honda City,2023,13.71,8.63,32649,Petrol,Dealer,Manual,0,1497,24.8,Amritsar,Blue,3
452,Hyundai Creta,2022,15.06,9.51,21634,Diesel,Individual,Manual,0,1997,17.6,Mumbai,Silver,4
453,Mahindra Bolero,2015,9.23,1.11,93928,Diesel,Dealer,Manual,1,1497,13.3,Noida,Red,11
454,Honda Elevate,2013,17.32,2.08,85937,Petrol,Individual,Manual,0,1997,20.7,Gurugram,Black,13
455,MG Hector,2016,20.06,2.41,86471,Petrol,Dealer,Automatic,1,2393,25.2,Chandigarh,Silver,10
456,Honda Elevate,2023,17.5,12.8,19310,Petrol,Individual,Manual,1,799,24.9,Amritsar,Grey,3
457,Volkswagen Virtus,2019,15.27,7.19,12879,Petrol,Individual,Automatic,0,2755,25.4,Mohali,Silver,7
458,Tata Punch,2016,9.19,1.1,61109,Petrol,Dealer,Manual,0,2393,21.5,Mumbai,Brown,10
459,Hyundai Creta,2022,17.99,10.81,11598,Diesel,Dealer,Manual,1,2755,14.8,Amritsar,Red,4
460,Renault Kwid,2014,5.28,0.63,125502,Petrol,Dealer,Manual,1,1997,22.7,Jaipur,Red,12
461,Hyundai Creta,2012,16.66,2.0,105240,Diesel,Individual,Manual,0,1997,16.3,Jaipur,Black,14
462,Hyundai i20,2020,8.12,3.13,47076,Petrol,Dealer,Manual,0,1497,18.4,Mumbai,Brown,6
463,Honda Elevate,2012,16.3,1.96,94432,Petrol,Individual,Manual,0,799,23.6,Jaipur,Red,14
464,Kia Sonet,2013,11.81,1.42,132390,Petrol,Dealer,Manual,1,2179,14.4,Jaipur,White,13
465,Renault Kwid,2018,4.61,0.68,44338,Petrol,Individual,Manual,1,2393,13.2,Hyderabad,White,8
466,Mahindra Thar,2020,18.22,7.08,38694,Diesel,Individual,Manual,0,1956,21.0,Lucknow,Grey,6
467,Maruti Baleno,2012,9.48,1.14,111638,Petrol,Individual,Manual,1,1199,25.5,Delhi,Red,14
468,Mahindra XUV700,2020,26.18,8.83,61395,Diesel,Dealer,Automatic,0,1199,18.8,Gurugram,Black,6
469,Maruti Fronx,2015,9.7,1.16,135764,Petrol,Individual,Manual,2,1597,17.2,Chennai,Red,11
470,Maruti Dzire,2018,9.16,1.62,65222,Petrol,Dealer,Manual,0,1997,21.8,Gurugram,Black,8
471,Nissan Magnite,2018,8.5,2.69,25479,Petrol,Individual,Manual,0,1498,17.5,Bengaluru,Silver,8
472,Honda Amaze,2019,8.73,2.21,72153,Petrol,Individual,Manual,0,1197,24.9,Noida,White,7
473,Tata Tiago,2012,6.67,0.8,113493,Petrol,Dealer,Manual,0,1197,23.8,Mohali,Grey,14
474,Hyundai Creta,2018,17.69,2.82,77977,Diesel,Individual,Manual,0,1997,12.7,Chennai,Blue,8
475,Hyundai i20,2021,8.63,4.24,28862,Petrol,Dealer,Manual,0,1197,24.9,Gurugram,Blue,5
476,MG Hector,2025,20.53,15.21,37341,Petrol,Individual,Automatic,1,1956,21.1,Gurugram,Brown,1
477,Renault Kwid,2018,5.16,1.1,64518,Petrol,Dealer,Manual,1,2393,21.1,Jaipur,Silver,8
478,Skoda Rapid,2016,10.41,1.25,138674,Diesel,Individual,Manual,0,1197,23.3,Mumbai,Grey,10
479,Mahindra XUV700,2012,27.3,3.28,96818,Diesel,Dealer,Automatic,1,1498,16.7,Delhi,Brown,14
480,Hyundai Alcazar,2014,23.53,2.82,120091,Diesel,Individual,Automatic,0,1199,19.3,Gurugram,Blue,12
481,Hyundai Verna,2020,14.63,5.62,45866,Petrol,Dealer,Manual,0,1498,12.9,Gurugram,White,6
482,Maruti Wagon R,2012,6.46,0.78,137680,Petrol,Dealer,Manual,0,1498,14.6,Gurugram,Red,14
483,Ford EcoSport,2012,9.15,1.1,118451,Diesel,Dealer,Manual,1,1497,24.4,Jaipur,Red,14
484,Renault Kiger,2016,8.28,0.99,75847,Petrol,Dealer,Manual,0,1498,22.0,Pune,Blue,10
485,Jeep Compass,2022,23.31,11.16,42287,Diesel,Dealer,Automatic,2,1199,15.3,Kolkata,Grey,4
486,Mahindra Bolero,2023,8.89,4.58,48454,Diesel,Dealer,Manual,2,998,14.6,Delhi,Brown,3
487,Hyundai Creta,2019,15.0,5.26,48873,Diesel,Individual,Manual,0,998,23.7,Ludhiana,White,7
488,Volkswagen Polo,2021,7.23,2.58,60739,Petrol,Individual,Manual,0,799,23.6,Pune,Blue,5
489,Tata Nexon,2021,13.3,6.93,15234,Petrol,Dealer,Manual,1,1498,25.4,Kolkata,Silver,5
490,Tata Safari,2018,26.72,3.21,74178,Diesel,Dealer,Automatic,0,1498,25.2,Noida,Red,8
491,Nissan Magnite,2013,9.61,1.15,96465,Petrol,Individual,Manual,1,1597,14.2,Hyderabad,Blue,13
492,Tata Punch,2014,8.18,0.98,79393,Petrol,Individual,Manual,0,1199,23.7,Gurugram,White,12
493,Maruti Alto,2014,4.64,0.56,136616,Petrol,Dealer,Manual,0,2755,22.4,Hyderabad,Black,12
494,Ford EcoSport,2012,9.96,1.19,99936,Diesel,Dealer,Manual,0,1597,20.0,Pune,Blue,14
495,Honda City,2016,14.56,1.75,94514,Petrol,Individual,Manual,0,2179,13.2,Lucknow,Red,10
496,Mahindra Bolero,2018,9.06,1.11,88834,Diesel,Dealer,Manual,1,998,22.3,Bengaluru,Red,8
497,Tata Harrier,2017,20.15,2.42,105425,Diesel,Individual,Manual,0,998,18.1,Chennai,Red,9
498,Maruti Ertiga,2014,11.1,1.33,110867,Petrol,Individual,Manual,2,1199,20.6,Gurugram,Blue,12
499,Maruti Ertiga,2021,12.69,4.98,73728,Petrol,Dealer,Manual,0,2179,19.6,Ludhiana,Silver,5
500,Honda Amaze,2020,8.16,1.96,89337,Petrol,Dealer,Manual,1,2179,14.4,Amritsar,Black,6
501,Maruti Ertiga,2024,11.11,7.07,52513,Petrol,Individual,Manual,0,2179,21.8,Chandigarh,Silver,2
502,Jeep Compass,2020,27.55,9.09,42204,Diesel,Dealer,Automatic,2,1956,16.2,Jaipur,Grey,6
503,Mahindra Thar,2019,15.64,5.77,40198,Diesel,Dealer,Manual,0,799,14.6,Ludhiana,Red,7
504,Skoda Slavia,2024,16.85,12.72,2500,Petrol,Dealer,Automatic,1,1199,19.9,Delhi,Silver,2
505,Hyundai Creta,2022,17.51,11.21,5280,Diesel,Individual,Manual,1,2179,15.5,Jaipur,Black,4
506,Mahindra Scorpio,2016,19.34,2.32,44162,Diesel,Dealer,Manual,0,799,23.5,Mumbai,Silver,10
507,Skoda Rapid,2016,9.76,1.26,47397,Diesel,Dealer,Manual,0,799,12.7,Hyderabad,Blue,10
508,Honda Amaze,2021,9.21,5.48,23836,Petrol,Dealer,Manual,1,2393,13.5,Chennai,White,5
509,Mahindra Bolero,2021,9.94,4.62,44820,Diesel,Dealer,Manual,0,998,17.8,Ludhiana,Silver,5
510,Hyundai Venue,2021,10.71,3.78,87321,Petrol,Dealer,Manual,0,2755,17.8,Ludhiana,Red,5
511,Nissan Magnite,2020,9.22,3.96,23575,Petrol,Dealer,Manual,0,1199,21.8,Delhi,Grey,6
512,Hyundai Venue,2019,12.91,5.19,20570,Petrol,Dealer,Manual,1,998,16.4,Pune,Blue,7
513,Mahindra Thar,2016,16.41,1.97,70866,Diesel,Dealer,Manual,1,2393,13.1,Amritsar,Red,10
514,Maruti Dzire,2022,8.38,3.84,56305,Petrol,Individual,Manual,1,1197,14.7,Jaipur,Brown,4
515,Tata Nexon,2019,13.24,1.63,75363,Petrol,Individual,Manual,1,1597,21.7,Mumbai,Brown,7
516,Volkswagen Polo,2020,8.23,2.85,66762,Petrol,Dealer,Manual,0,998,17.1,Ludhiana,Red,6
517,Maruti Baleno,2013,7.97,0.96,114324,Petrol,Individual,Manual,1,1197,18.6,Kolkata,Red,13
518,Hyundai Venue,2020,11.67,5.4,19105,Petrol,Individual,Manual,0,1956,22.5,Bengaluru,Grey,6
519,Hyundai Verna,2017,15.81,1.9,93076,Petrol,Dealer,Manual,0,1597,15.9,Pune,Brown,9
520,Jeep Compass,2017,24.77,2.97,67439,Diesel,Dealer,Automatic,1,1197,22.0,Hyderabad,White,9
521,Maruti Ciaz,2016,11.38,1.37,136596,Petrol,Dealer,Manual,0,1956,22.1,Amritsar,Black,10
522,Hyundai Venue,2021,11.72,4.5,46997,Petrol,Dealer,Manual,1,2393,22.7,Ludhiana,White,5
523,Renault Kwid,2025,5.14,3.77,48953,Petrol,Individual,Manual,0,799,17.3,Delhi,Black,1
524,Honda Elevate,2025,17.81,11.7,43156,Petrol,Dealer,Manual,2,799,25.0,Chennai,Grey,1
525,Skoda Rapid,2012,9.44,1.13,149167,Diesel,Individual,Manual,0,1197,14.7,Bengaluru,Blue,14
526,Honda Amaze,2012,8.66,1.04,110212,Petrol,Dealer,Manual,0,1498,15.4,Bengaluru,Black,14
527,Kia Seltos,2019,15.73,4.99,76915,Diesel,Dealer,Manual,0,1497,20.1,Mohali,Black,7
528,Skoda Slavia,2018,16.01,2.97,71731,Petrol,Individual,Automatic,0,1497,19.3,Mohali,White,8
529,Renault Kiger,2016,8.94,1.07,103269,Petrol,Individual,Manual,0,1199,22.2,Mohali,Silver,10
530,Hyundai i20,2023,8.36,5.91,21689,Petrol,Dealer,Manual,0,2393,23.4,Gurugram,White,3
531,Honda Amaze,2025,8.57,7.86,7537,Petrol,Dealer,Manual,1,2755,17.2,Jaipur,Grey,1
532,Mahindra Bolero,2023,10.6,7.81,2500,Diesel,Individual,Manual,1,998,24.6,Mumbai,Red,3
533,Nissan Magnite,2024,9.92,8.14,2500,Petrol,Dealer,Manual,2,1956,20.5,Chandigarh,Brown,2
534,Hyundai Grand i10,2022,7.7,4.24,53286,Petrol,Dealer,Manual,0,2755,24.9,Mumbai,Black,4
535,Honda Amaze,2019,9.97,2.83,39371,Petrol,Individual,Manual,0,1497,14.4,Jaipur,Red,7
536,Volkswagen Polo,2020,7.6,3.66,47451,Petrol,Dealer,Manual,0,2755,15.1,Mohali,Black,6
537,Maruti Alto,2018,4.3,0.73,51589,Petrol,Individual,Manual,2,1498,14.0,Noida,Black,8
538,Jeep Compass,2018,27.4,3.29,106343,Diesel,Dealer,Automatic,0,1956,13.8,Delhi,White,8
539,Renault Kwid,2014,4.97,0.6,124503,Petrol,Dealer,Manual,0,2393,18.2,Jaipur,Brown,12
540,Mahindra Thar,2015,16.66,2.0,108984,Diesel,Individual,Manual,1,2755,19.4,Mohali,White,11
541,Mahindra XUV700,2023,25.97,15.96,43083,Diesel,Dealer,Automatic,0,1497,15.9,Mohali,Red,3
542,Mahindra Thar,2024,15.27,11.96,17457,Diesel,Individual,Manual,0,1597,12.1,Gurugram,Grey,2
543,Volkswagen Polo,2013,8.04,0.96,77257,Petrol,Dealer,Manual,2,2755,21.5,Hyderabad,Silver,13
544,Maruti Alto,2023,4.17,2.67,33946,Petrol,Dealer,Manual,1,2179,13.8,Chandigarh,Red,3
545,Renault Kwid,2017,4.97,0.77,36800,Petrol,Dealer,Manual,1,2393,19.2,Kolkata,White,9
546,Hyundai Grand i10,2017,7.08,0.85,77878,Petrol,Individual,Manual,0,1597,12.7,Kolkata,Blue,9
547,Kia Sonet,2023,13.46,8.41,27107,Petrol,Individual,Manual,0,799,19.9,Mumbai,White,3
548,Volkswagen Virtus,2020,16.73,4.29,91180,Petrol,Dealer,Automatic,0,2755,13.2,Pune,Grey,6
549,Tata Harrier,2017,20.34,2.44,94052,Diesel,Dealer,Manual,2,1197,21.2,Delhi,Silver,9
550,Nissan Magnite,2021,9.08,3.79,47180,Petrol,Individual,Manual,1,998,15.9,Bengaluru,Brown,5
551,Honda City,2018,14.18,1.98,43127,Petrol,Individual,Manual,3,1956,12.8,Mohali,Grey,8
552,Tata Safari,2025,25.99,22.47,4798,Diesel,Dealer,Automatic,1,1197,12.2,Noida,Silver,1
553,Maruti Fronx,2023,10.6,5.57,63472,Petrol,Dealer,Manual,1,799,14.5,Mohali,Grey,3
554,Hyundai Grand i10,2022,6.57,4.22,2500,Petrol,Dealer,Manual,2,1597,23.8,Delhi,Silver,4
555,Maruti Ciaz,2017,10.79,1.3,81258,Petrol,Dealer,Manual,0,1997,23.7,Amritsar,Brown,9
556,Volkswagen Virtus,2013,15.46,1.86,89992,Petrol,Individual,Automatic,2,2755,14.2,Jaipur,Grey,13
557,Tata Altroz,2024,9.57,7.65,2500,Petrol,Dealer,Manual,0,998,12.1,Bengaluru,Grey,2
558,MG Hector,2013,21.26,2.55,109187,Petrol,Individual,Automatic,1,1997,21.7,Chennai,Blue,13
559,Volkswagen Polo,2017,7.92,0.95,83764,Petrol,Dealer,Manual,0,1498,23.4,Lucknow,Blue,9
560,Maruti Swift,2014,8.03,0.96,125545,Petrol,Dealer,Manual,0,1199,14.9,Chennai,White,12
561,Hyundai Grand i10,2020,6.67,2.46,41124,Petrol,Individual,Manual,0,1197,18.0,Amritsar,Silver,6
562,Volkswagen Virtus,2019,16.09,2.59,95224,Petrol,Individual,Automatic,1,799,14.5,Amritsar,Blue,7
563,Maruti Wagon R,2020,5.7,2.54,38611,Petrol,Individual,Manual,0,2393,23.0,Hyderabad,Brown,6
564,Hyundai Venue,2019,11.52,3.25,86586,Petrol,Dealer,Manual,0,1197,18.4,Hyderabad,Red,7
565,Hyundai i20,2025,8.56,7.33,20244,Petrol,Dealer,Manual,1,2393,18.1,Kolkata,Brown,1
566,Maruti Brezza,2020,13.6,4.28,61593,Petrol,Dealer,Manual,0,1597,24.5,Mohali,Brown,6
567,Tata Harrier,2022,20.37,13.07,6124,Diesel,Individual,Manual,2,799,23.3,Lucknow,Grey,4
568,Mahindra Bolero,2017,10.11,1.21,63034,Diesel,Dealer,Manual,1,1197,16.0,Bengaluru,Blue,9
569,Nissan Magnite,2022,9.36,4.86,60877,Petrol,Dealer,Manual,0,2755,19.1,Mumbai,Black,4
570,Honda Amaze,2022,8.39,5.12,36073,Petrol,Individual,Manual,0,2179,20.4,Gurugram,Silver,4
571,Maruti Ertiga,2021,12.49,3.74,72214,Petrol,Dealer,Manual,2,1997,24.6,Lucknow,Silver,5
572,MG Hector,2015,23.74,2.85,123590,Petrol,Individual,Automatic,1,2393,21.8,Hyderabad,Black,11
573,Maruti Wagon R,2022,6.59,3.02,44996,Petrol,Dealer,Manual,2,2755,25.3,Mumbai,Brown,4
574,Jeep Compass,2015,26.08,3.13,88965,Diesel,Individual,Automatic,1,1997,17.8,Ludhiana,Red,11
575,Hyundai Grand i10,2013,7.53,0.9,112265,Petrol,Individual,Manual,0,2179,20.9,Chandigarh,Silver,13
576,Tata Nexon,2024,10.96,9.65,2500,Petrol,Dealer,Manual,0,799,12.2,Lucknow,Silver,2
577,Mahindra XUV700,2024,24.01,18.33,2500,Diesel,Individual,Automatic,0,2179,19.7,Hyderabad,Black,2
578,Maruti Ciaz,2019,10.25,1.78,103945,Petrol,Dealer,Manual,0,1497,22.3,Hyderabad,Brown,7
579,Mahindra XUV700,2013,22.94,2.75,119628,Diesel,Individual,Automatic,0,1199,14.5,Gurugram,Blue,13
580,Tata Harrier,2020,17.73,5.45,56106,Diesel,Dealer,Manual,1,2393,15.7,Jaipur,White,6
581,Ford EcoSport,2023,9.06,4.88,65762,Diesel,Dealer,Manual,1,2393,21.4,Pune,White,3
582,Maruti Fronx,2016,10.28,1.23,68760,Petrol,Dealer,Manual,0,1498,19.8,Gurugram,Silver,10
583,Maruti Wagon R,2021,5.9,2.51,65107,Petrol,Individual,Manual,0,799,12.3,Chennai,Grey,5
584,Mahindra Thar,2020,15.02,4.55,65450,Diesel,Dealer,Manual,0,2179,18.5,Mohali,Red,6
585,Hyundai Grand i10,2014,7.43,0.89,113628,Petrol,Individual,Manual,0,998,20.0,Lucknow,White,12
586,Maruti Baleno,2022,8.28,5.18,35509,Petrol,Individual,Manual,0,998,24.2,Chandigarh,Red,4
587,Maruti Baleno,2015,9.16,1.1,105970,Petrol,Dealer,Manual,1,1498,16.5,Kolkata,Silver,11
588,Honda Amaze,2021,8.28,4.5,24921,Petrol,Dealer,Manual,0,1497,13.3,Gurugram,Grey,5
589,Skoda Rapid,2015,9.44,1.13,80770,Diesel,Dealer,Manual,1,2755,20.5,Bengaluru,Grey,11
590,Kia Seltos,2016,18.23,2.19,93303,Diesel,Dealer,Manual,0,998,21.3,Chandigarh,Red,10
591,Mahindra Bolero,2014,9.72,1.17,88644,Diesel,Dealer,Manual,2,2393,24.3,Jaipur,Silver,12
592,Hyundai Venue,2024,13.08,10.12,2500,Petrol,Individual,Manual,0,2393,14.4,Ludhiana,Black,2
593,Maruti Fronx,2012,10.53,1.26,111789,Petrol,Individual,Manual,0,1997,15.5,Gurugram,Black,14
594,Toyota Fortuner,2024,40.33,29.6,15426,Diesel,Individual,Automatic,0,1197,17.5,Amritsar,Blue,2
595,Nissan Magnite,2013,8.21,0.99,103136,Petrol,Dealer,Manual,1,998,22.7,Kolkata,Grey,13
596,Mahindra XUV700,2024,28.76,23.1,10878,Diesel,Individual,Automatic,0,1997,16.6,Jaipur,Red,2
597,Kia Sonet,2014,11.92,1.43,86539,Petrol,Dealer,Manual,0,998,15.3,Lucknow,Grey,12
598,Maruti Dzire,2021,9.18,3.04,49994,Petrol,Dealer,Manual,3,1597,13.7,Delhi,Red,5
599,Maruti Swift,2024,8.02,5.75,26155,Petrol,Dealer,Manual,1,799,24.0,Mohali,Black,2
600,Maruti Wagon R,2022,5.93,4.26,13395,Petrol,Dealer,Manual,0,1498,15.7,Noida,Grey,4
601,Ford EcoSport,2024,10.1,7.01,25492,Diesel,Individual,Manual,0,1197,17.5,Pune,White,2
602,Maruti Ciaz,2014,12.54,1.51,73233,Petrol,Dealer,Manual,0,1997,14.0,Chennai,Grey,12
603,Mahindra Bolero,2018,9.42,2.26,43588,Diesel,Dealer,Manual,0,799,17.6,Bengaluru,Red,8
604,Hyundai Creta,2023,16.76,13.11,18354,Diesel,Dealer,Manual,0,1597,18.8,Noida,Black,3
605,Jeep Compass,2013,24.55,2.95,144968,Diesel,Dealer,Automatic,1,1597,14.9,Ludhiana,White,13
606,Maruti Brezza,2021,12.34,4.5,95241,Petrol,Dealer,Manual,0,1997,20.4,Chennai,Black,5
607,Maruti Fronx,2015,10.4,1.25,107305,Petrol,Dealer,Manual,1,2179,25.3,Hyderabad,Silver,11
608,Tata Tiago,2014,7.29,0.87,60033,Petrol,Individual,Manual,2,1199,22.5,Jaipur,Blue,12
609,Toyota Fortuner,2013,41.46,4.98,106977,Diesel,Dealer,Automatic,0,1498,21.9,Kolkata,Silver,13
610,Volkswagen Virtus,2017,18.16,2.18,72015,Petrol,Individual,Automatic,0,1956,12.1,Mumbai,Black,9
611,Kia Seltos,2024,18.02,12.35,33536,Diesel,Dealer,Manual,1,2179,24.1,Mumbai,Blue,2
612,Tata Nexon,2020,13.26,4.31,55404,Petrol,Dealer,Manual,0,2393,13.2,Chandigarh,Brown,6
613,Hyundai Venue,2018,12.19,2.44,55616,Petrol,Individual,Manual,1,2393,14.5,Jaipur,Red,8
614,Maruti Wagon R,2019,6.62,1.67,66550,Petrol,Dealer,Manual,0,1956,19.7,Jaipur,Black,7
615,MG Hector,2016,19.59,3.78,39273,Petrol,Dealer,Automatic,0,998,22.3,Delhi,White,10
616,Maruti Swift,2012,7.36,0.88,138899,Petrol,Individual,Manual,0,1197,19.0,Jaipur,Silver,14
617,Tata Punch,2018,9.79,1.17,85903,Petrol,Individual,Manual,1,1956,21.9,Lucknow,Red,8
618,Tata Safari,2013,21.74,2.61,128938,Diesel,Dealer,Automatic,0,1997,13.3,Ludhiana,Brown,13
619,Maruti Fronx,2019,9.46,2.69,49735,Petrol,Dealer,Manual,1,1199,13.3,Delhi,Brown,7
620,Honda Amaze,2020,8.27,2.81,69609,Petrol,Dealer,Manual,0,1597,17.8,Bengaluru,Grey,6
621,Honda Elevate,2024,15.46,12.5,15106,Petrol,Individual,Manual,0,1997,16.9,Chandigarh,Brown,2
622,Toyota Fortuner,2015,39.1,4.69,120897,Diesel,Individual,Automatic,0,799,23.2,Noida,Blue,11
623,Honda City,2014,13.58,1.63,115081,Petrol,Dealer,Manual,0,2179,22.4,Pune,Black,12
624,Honda Amaze,2021,8.56,3.77,42083,Petrol,Individual,Manual,0,1956,13.1,Mumbai,Black,5
625,Tata Nexon,2013,12.6,1.51,79998,Petrol,Dealer,Manual,0,1997,14.8,Amritsar,Grey,13
626,Jeep Compass,2014,26.13,3.14,58537,Diesel,Individual,Automatic,1,2179,23.0,Gurugram,Black,12
627,Mahindra XUV700,2019,28.25,8.03,48256,Diesel,Dealer,Automatic,0,1956,24.7,Pune,Black,7
628,Mahindra Scorpio,2015,17.85,2.14,53927,Diesel,Individual,Manual,1,1498,21.1,Kolkata,Grey,11
629,Toyota Innova Crysta,2014,23.71,2.84,123159,Diesel,Individual,Manual,1,1197,14.0,Noida,Brown,12
630,Skoda Slavia,2016,15.81,1.9,89451,Petrol,Dealer,Automatic,0,1199,21.4,Lucknow,Grey,10
631,Hyundai i20,2023,8.79,5.71,13628,Petrol,Individual,Manual,2,998,12.4,Chennai,Blue,3
632,Maruti Fronx,2014,10.58,1.27,110419,Petrol,Individual,Manual,0,2393,12.4,Kolkata,Grey,12
633,Ford EcoSport,2014,9.47,1.14,97181,Diesel,Dealer,Manual,2,1497,15.4,Chennai,Red,12
634,Maruti Fronx,2020,10.17,3.86,42246,Petrol,Dealer,Manual,1,1197,23.9,Hyderabad,Blue,6
635,Maruti Wagon R,2013,5.8,0.7,107872,Petrol,Dealer,Manual,0,799,12.2,Noida,Grey,13
636,Tata Safari,2017,23.0,2.76,67859,Diesel,Dealer,Automatic,0,2393,20.6,Kolkata,Brown,9
637,Hyundai Venue,2020,13.29,5.03,56663,Petrol,Individual,Manual,0,2179,13.2,Amritsar,Blue,6
638,Toyota Innova Crysta,2022,27.59,16.15,16713,Diesel,Dealer,Manual,0,1956,15.3,Gurugram,Red,4
639,Mahindra Bolero,2012,9.26,1.11,117333,Diesel,Dealer,Manual,1,1597,21.5,Bengaluru,Black,14
640,MG Hector,2023,19.37,11.4,32572,Petrol,Dealer,Automatic,0,2179,25.1,Mohali,Brown,3
641,Renault Kwid,2014,5.13,0.62,134299,Petrol,Dealer,Manual,0,1997,22.2,Mumbai,Black,12
642,Nissan Magnite,2020,9.26,3.81,44132,Petrol,Dealer,Manual,0,1199,19.4,Amritsar,Black,6
643,Tata Nexon,2022,13.16,8.2,28885,Petrol,Individual,Manual,0,1997,18.2,Mumbai,Red,4
644,Hyundai Venue,2017,12.97,1.56,68021,Petrol,Individual,Manual,2,998,18.1,Delhi,White,9
645,Maruti Ciaz,2016,11.18,1.34,114767,Petrol,Dealer,Manual,1,2393,12.8,Gurugram,Silver,10
646,Renault Kwid,2016,4.78,0.57,85856,Petrol,Dealer,Manual,0,998,24.8,Chennai,Silver,10
647,Tata Altroz,2013,7.97,0.96,99315,Petrol,Individual,Manual,0,2393,21.5,Noida,Blue,13
648,Volkswagen Virtus,2012,18.61,2.23,119176,Petrol,Dealer,Automatic,0,2755,23.5,Delhi,Brown,14
649,Honda Amaze,2024,9.45,6.7,30309,Petrol,Dealer,Manual,1,2179,21.2,Bengaluru,Red,2
650,Hyundai Creta,2012,15.18,1.82,111060,Diesel,Individual,Manual,0,2393,18.3,Jaipur,Silver,14
651,Kia Sonet,2022,13.7,8.93,6932,Petrol,Dealer,Manual,0,1956,22.3,Kolkata,White,4
652,Hyundai Venue,2019,12.57,2.36,68292,Petrol,Individual,Manual,1,1498,17.6,Pune,Brown,7
653,Toyota Fortuner,2022,40.95,21.34,48135,Diesel,Dealer,Automatic,0,998,24.8,Jaipur,White,4
654,Tata Safari,2023,26.72,16.77,27409,Diesel,Individual,Automatic,0,1956,18.8,Amritsar,Brown,3
655,Maruti Fronx,2018,10.35,1.24,85082,Petrol,Individual,Manual,2,2755,21.3,Bengaluru,Red,8
656,MG Hector,2018,22.87,3.59,89164,Petrol,Dealer,Automatic,1,1956,17.6,Delhi,Blue,8
657,Nissan Magnite,2023,9.64,5.86,31176,Petrol,Dealer,Manual,0,799,19.4,Ludhiana,Red,3
658,Tata Altroz,2012,8.68,1.04,120551,Petrol,Dealer,Manual,0,1199,12.6,Gurugram,White,14
659,Hyundai Venue,2018,11.34,2.81,41051,Petrol,Dealer,Manual,0,998,22.8,Jaipur,Brown,8
660,Ford EcoSport,2015,10.51,1.26,65563,Diesel,Individual,Manual,2,1199,21.7,Noida,Black,11
661,Hyundai Venue,2016,10.62,1.27,91357,Petrol,Dealer,Manual,0,1498,15.6,Amritsar,Red,10
662,Tata Altroz,2014,9.74,1.17,90189,Petrol,Individual,Manual,3,2393,19.4,Chandigarh,Brown,12
663,Maruti Ertiga,2021,12.01,6.11,6443,Petrol,Dealer,Manual,2,1197,15.1,Jaipur,Red,5
664,Mahindra Thar,2012,17.92,2.15,113570,Diesel,Individual,Manual,1,2393,24.8,Amritsar,Silver,14
665,Mahindra Scorpio,2021,20.14,7.22,77413,Diesel,Individual,Manual,0,799,13.6,Pune,Red,5
666,Tata Nexon,2019,11.78,4.23,50925,Petrol,Dealer,Manual,1,1199,17.2,Hyderabad,Black,7
667,Hyundai Venue,2024,10.98,8.41,7834,Petrol,Individual,Manual,0,1956,17.6,Bengaluru,Grey,2
668,Nissan Magnite,2012,9.59,1.15,116242,Petrol,Individual,Manual,3,1197,22.9,Jaipur,Grey,14
669,Hyundai Creta,2018,15.91,1.91,82542,Diesel,Individual,Manual,0,2393,18.9,Delhi,Brown,8
670,Hyundai Creta,2013,19.03,2.28,110572,Diesel,Individual,Manual,1,1597,12.9,Gurugram,Black,13
671,Tata Tiago,2018,6.58,0.79,91745,Petrol,Individual,Manual,0,2179,13.0,Kolkata,Blue,8
672,Maruti Brezza,2022,12.56,7.25,36753,Petrol,Dealer,Manual,1,1497,16.5,Chandigarh,White,4
673,Maruti Fronx,2020,10.21,3.41,77371,Petrol,Individual,Manual,0,799,19.0,Amritsar,White,6
674,Maruti Swift,2013,7.92,0.95,120332,Petrol,Individual,Manual,1,1498,14.1,Delhi,Brown,13
675,Tata Nexon,2024,10.78,9.18,2500,Petrol,Dealer,Manual,1,1956,23.9,Chandigarh,Blue,2
676,Honda Amaze,2025,9.81,8.8,12085,Petrol,Dealer,Manual,0,799,24.3,Jaipur,Silver,1
677,Hyundai Grand i10,2013,6.67,0.8,64139,Petrol,Dealer,Manual,1,1997,18.1,Gurugram,Silver,13
678,Mahindra Thar,2014,16.45,1.97,86110,Diesel,Individual,Manual,0,1497,20.1,Chandigarh,White,12
679,Hyundai i20,2020,8.11,3.63,31430,Petrol,Dealer,Manual,0,2393,14.6,Kolkata,Grey,6
680,Skoda Slavia,2017,15.36,1.84,84305,Petrol,Individual,Automatic,1,1956,21.8,Lucknow,Black,9
681,Volkswagen Virtus,2021,17.75,8.7,38422,Petrol,Individual,Automatic,0,1199,13.9,Chennai,Silver,5
682,Tata Safari,2020,24.97,9.64,57958,Diesel,Dealer,Automatic,0,1197,20.1,Hyderabad,Brown,6
683,Hyundai i20,2024,9.18,6.66,42026,Petrol,Individual,Manual,0,1956,17.8,Pune,White,2
684,Ford EcoSport,2021,8.53,4.23,56075,Diesel,Individual,Manual,0,1597,16.1,Bengaluru,Grey,5
685,Hyundai Venue,2017,10.94,1.31,105013,Petrol,Individual,Manual,0,2393,12.9,Pune,Red,9
686,Hyundai Creta,2019,16.22,3.2,85034,Diesel,Dealer,Manual,0,2393,23.7,Chandigarh,White,7
687,Skoda Slavia,2012,17.57,2.11,127416,Petrol,Individual,Automatic,0,2179,22.8,Noida,Grey,14
688,Maruti Alto,2019,4.16,1.81,27310,Petrol,Dealer,Manual,0,2393,16.1,Chennai,Grey,7
689,Maruti Alto,2020,3.83,1.56,34240,Petrol,Dealer,Manual,0,1498,14.9,Jaipur,White,6
690,MG Hector,2020,21.87,6.71,64465,Petrol,Dealer,Automatic,0,1497,24.0,Chandigarh,Silver,6
691,Kia Seltos,2017,17.15,2.06,62052,Diesel,Individual,Manual,2,998,12.1,Pune,Grey,9
692,Maruti Baleno,2016,9.15,1.1,98399,Petrol,Dealer,Manual,0,2179,13.5,Delhi,White,10
693,MG Hector,2024,21.32,15.81,36142,Petrol,Individual,Automatic,0,1497,15.9,Mumbai,White,2
694,Maruti Ertiga,2019,10.3,1.94,67135,Petrol,Dealer,Manual,3,1197,20.1,Chandigarh,White,7
695,Volkswagen Polo,2020,8.71,2.85,102928,Petrol,Individual,Manual,0,1199,13.5,Kolkata,Black,6
696,Honda Amaze,2017,8.69,1.04,103989,Petrol,Dealer,Manual,0,2179,12.7,Lucknow,Black,9
697,MG Hector,2016,21.5,2.58,40024,Petrol,Individual,Automatic,1,2755,23.6,Jaipur,Black,10
698,Hyundai Grand i10,2017,6.26,1.13,52177,Petrol,Individual,Manual,0,799,19.1,Gurugram,Silver,9
699,Hyundai i20,2023,9.14,5.77,27314,Petrol,Individual,Manual,0,2179,23.1,Lucknow,White,3
700,Maruti Dzire,2017,9.67,1.24,74047,Petrol,Dealer,Manual,0,1997,20.1,Hyderabad,Black,9
701,Hyundai Venue,2021,13.02,7.26,28313,Petrol,Dealer,Manual,0,1497,15.9,Mohali,White,5
702,Hyundai Alcazar,2016,24.34,2.92,94191,Diesel,Dealer,Automatic,0,2393,14.2,Hyderabad,Silver,10
703,Hyundai Grand i10,2013,6.81,0.82,98687,Petrol,Individual,Manual,0,2179,17.8,Noida,Grey,13
704,Tata Tiago,2024,7.69,6.48,4558,Petrol,Individual,Manual,0,1597,13.0,Jaipur,Silver,2
705,Tata Tiago,2021,6.88,3.2,31010,Petrol,Dealer,Manual,1,2755,15.6,Delhi,White,5
706,Mahindra XUV700,2016,21.94,2.63,56507,Diesel,Dealer,Automatic,0,1956,21.5,Hyderabad,Blue,10
707,Hyundai Grand i10,2018,7.02,0.87,94489,Petrol,Individual,Manual,0,799,14.0,Mohali,Red,8
708,Renault Kiger,2014,8.61,1.03,126708,Petrol,Dealer,Manual,1,1956,12.0,Lucknow,Black,12
709,Mahindra Thar,2020,18.23,7.27,38906,Diesel,Individual,Manual,0,1498,15.1,Mumbai,Grey,6
710,Maruti Fronx,2025,9.21,8.61,2500,Petrol,Individual,Manual,1,2755,23.7,Mohali,Blue,1
711,Tata Altroz,2023,9.03,6.37,21779,Petrol,Individual,Manual,0,1498,20.8,Gurugram,Black,3
712,Tata Tiago,2019,7.16,2.12,60695,Petrol,Individual,Manual,0,1498,16.1,Ludhiana,Blue,7
713,Hyundai Verna,2024,14.81,10.51,38284,Petrol,Individual,Manual,0,799,18.4,Lucknow,Black,2
714,Maruti Swift,2024,7.84,6.62,13389,Petrol,Individual,Manual,0,2393,18.9,Lucknow,Blue,2
715,Mahindra Thar,2022,17.31,6.02,77285,Diesel,Individual,Manual,2,1199,13.0,Lucknow,Brown,4
716,Hyundai i20,2024,8.68,6.1,39469,Petrol,Dealer,Manual,1,1199,21.7,Delhi,Blue,2
717,Maruti Fronx,2013,9.64,1.16,129665,Petrol,Individual,Manual,0,1199,22.8,Hyderabad,Red,13
718,Maruti Swift,2017,8.85,1.06,53361,Petrol,Individual,Manual,1,1997,14.5,Chandigarh,Silver,9
719,Maruti Ertiga,2014,10.16,1.22,71729,Petrol,Dealer,Manual,0,1199,15.4,Mohali,Blue,12
720,Renault Kiger,2018,9.53,1.41,103081,Petrol,Dealer,Manual,0,2393,16.8,Gurugram,Grey,8
721,Jeep Compass,2015,23.01,2.76,101651,Diesel,Dealer,Automatic,0,799,12.0,Noida,Grey,11
722,Skoda Rapid,2015,9.44,1.13,75834,Diesel,Individual,Manual,1,1497,23.7,Noida,Grey,11
723,Tata Nexon,2020,10.95,3.59,45586,Petrol,Dealer,Manual,2,799,22.7,Mumbai,Grey,6
724,Maruti Ciaz,2016,12.6,1.51,100956,Petrol,Dealer,Manual,0,998,15.3,Delhi,White,10
725,Kia Sonet,2021,11.46,4.72,35446,Petrol,Dealer,Manual,1,1956,18.7,Lucknow,Silver,5
726,Volkswagen Virtus,2018,19.22,2.66,47441,Petrol,Dealer,Automatic,1,799,12.8,Ludhiana,Red,8
727,Kia Seltos,2012,15.56,1.87,92103,Diesel,Dealer,Manual,0,2393,15.8,Gurugram,Silver,14
728,Toyota Glanza,2023,8.01,4.38,67344,Petrol,Dealer,Manual,0,1497,23.3,Ludhiana,Brown,3
729,Jeep Compass,2018,23.18,6.95,37241,Diesel,Dealer,Automatic,0,1597,21.8,Ludhiana,Black,8
730,Ford EcoSport,2016,10.12,1.21,103770,Diesel,Dealer,Manual,1,2755,13.5,Ludhiana,Red,10
731,Renault Kwid,2023,5.53,3.81,40508,Petrol,Individual,Manual,0,1997,16.4,Hyderabad,White,3
732,Maruti Ertiga,2013,12.84,1.54,150364,Petrol,Dealer,Manual,0,1997,14.7,Ludhiana,Silver,13
733,Maruti Fronx,2024,10.94,8.34,38770,Petrol,Dealer,Manual,0,1197,20.5,Delhi,White,2
734,Tata Nexon,2012,11.89,1.43,137032,Petrol,Dealer,Manual,0,1197,19.0,Delhi,Brown,14
735,Maruti Fronx,2016,9.12,1.09,78786,Petrol,Dealer,Manual,1,2393,20.4,Mumbai,White,10
736,Hyundai Verna,2023,14.91,8.8,42201,Petrol,Dealer,Manual,1,2179,13.3,Bengaluru,Silver,3
737,Toyota Innova Crysta,2025,23.37,21.96,2500,Diesel,Dealer,Manual,0,2393,22.4,Mohali,Red,1
738,Mahindra XUV700,2014,27.69,3.32,60934,Diesel,Individual,Automatic,0,1997,22.2,Mumbai,Silver,12
739,Maruti Swift,2018,7.38,1.53,50153,Petrol,Dealer,Manual,0,2179,23.8,Mumbai,Brown,8
740,Renault Kiger,2014,9.8,1.18,86314,Petrol,Dealer,Manual,0,1956,24.2,Ludhiana,Brown,12
741,Renault Kwid,2017,5.57,0.67,83796,Petrol,Individual,Manual,1,2393,19.4,Pune,Brown,9
742,Hyundai Creta,2022,16.69,8.93,49952,Diesel,Individual,Manual,0,799,24.8,Ludhiana,Grey,4
743,Honda Amaze,2012,8.28,0.99,101001,Petrol,Dealer,Manual,0,1197,21.4,Mohali,White,14
744,Kia Sonet,2013,11.97,1.44,108414,Petrol,Dealer,Manual,0,2179,14.3,Amritsar,Brown,13
745,Maruti Alto,2022,4.14,2.19,48910,Petrol,Dealer,Manual,0,2179,21.7,Pune,Brown,4
746,Hyundai i20,2022,8.97,4.41,51484,Petrol,Individual,Manual,0,2393,17.2,Hyderabad,Red,4
747,Maruti Dzire,2021,9.56,4.53,48738,Petrol,Dealer,Manual,0,1497,13.3,Delhi,White,5
748,Mahindra Bolero,2017,10.53,1.26,78143,Diesel,Individual,Manual,1,1956,23.4,Kolkata,White,9
749,Maruti Brezza,2020,12.92,3.9,58030,Petrol,Individual,Manual,1,2393,16.9,Mumbai,Grey,6
750,Honda City,2023,16.04,10.41,12000,Petrol,Dealer,Manual,1,2393,16.0,Delhi,Silver,3
751,Skoda Slavia,2025,15.3,11.45,49573,Petrol,Dealer,Automatic,0,1498,20.2,Kolkata,Red,1
752,Maruti Fronx,2017,10.57,1.27,88696,Petrol,Dealer,Manual,0,1498,14.9,Mumbai,Silver,9
753,Toyota Glanza,2023,8.03,5.98,2500,Petrol,Individual,Manual,1,1497,15.2,Bengaluru,Red,3
754,Toyota Glanza,2015,8.5,1.02,101561,Petrol,Dealer,Manual,2,799,18.9,Hyderabad,Brown,11
755,Renault Kiger,2017,10.05,1.21,117223,Petrol,Dealer,Manual,2,1199,14.2,Chandigarh,Silver,9
756,Skoda Rapid,2014,10.56,1.27,105495,Diesel,Dealer,Manual,1,1497,14.6,Pune,Silver,12
757,Tata Nexon,2024,12.3,9.93,25057,Petrol,Individual,Manual,0,1956,13.3,Ludhiana,Grey,2
758,Honda City,2018,16.75,2.76,59607,Petrol,Individual,Manual,0,1498,14.4,Mumbai,Red,8
759,Tata Harrier,2013,17.72,2.13,81973,Diesel,Individual,Manual,0,1597,20.8,Chandigarh,Blue,13
760,Hyundai Verna,2023,15.69,9.94,48612,Petrol,Dealer,Manual,0,1997,12.9,Amritsar,White,3
761,Tata Harrier,2017,19.64,3.02,38700,Diesel,Individual,Manual,0,1997,20.1,Ludhiana,Brown,9
762,Hyundai Venue,2012,12.33,1.48,112693,Petrol,Dealer,Manual,0,2755,13.6,Gurugram,White,14
763,Hyundai Alcazar,2016,22.38,2.69,95692,Diesel,Dealer,Automatic,0,2755,16.2,Lucknow,White,10
764,Honda Elevate,2012,14.1,1.69,83745,Petrol,Dealer,Manual,0,1497,23.6,Mumbai,Silver,14
765,Skoda Rapid,2024,10.63,8.16,26355,Diesel,Individual,Manual,0,1197,23.4,Chandigarh,Blue,2
766,Maruti Baleno,2016,8.55,1.03,74560,Petrol,Dealer,Manual,2,1997,13.3,Hyderabad,Silver,10
767,Maruti Swift,2012,7.95,0.95,112312,Petrol,Individual,Manual,3,2393,17.0,Chandigarh,White,14
768,Hyundai Creta,2017,15.04,1.81,86421,Diesel,Dealer,Manual,1,1498,16.2,Gurugram,Red,9
769,Mahindra Bolero,2024,9.77,7.69,19173,Diesel,Dealer,Manual,0,1197,18.7,Chandigarh,Grey,2
770,Mahindra Bolero,2013,9.21,1.11,117626,Diesel,Individual,Manual,1,1498,21.4,Kolkata,Brown,13
771,Honda Elevate,2019,14.56,4.61,63427,Petrol,Individual,Manual,1,1199,23.2,Lucknow,Grey,7
772,Maruti Dzire,2017,8.4,1.01,90670,Petrol,Dealer,Manual,0,799,14.5,Ludhiana,White,9
773,Kia Seltos,2018,17.52,5.6,22499,Diesel,Individual,Manual,0,2755,17.0,Jaipur,Silver,8
774,Honda Amaze,2019,8.24,2.79,40432,Petrol,Dealer,Manual,1,1197,23.3,Lucknow,Red,7
775,Mahindra Bolero,2016,9.8,1.18,70775,Diesel,Dealer,Manual,0,998,22.4,Jaipur,White,10
776,Renault Kiger,2021,8.8,4.34,45421,Petrol,Individual,Manual,0,1597,24.8,Pune,Silver,5
777,Skoda Rapid,2019,8.87,3.23,24803,Diesel,Dealer,Manual,1,2179,23.1,Pune,Blue,7
778,Skoda Slavia,2018,16.54,2.7,69055,Petrol,Individual,Automatic,2,2755,12.5,Jaipur,Blue,8
779,Hyundai Verna,2012,13.2,1.58,120444,Petrol,Individual,Manual,1,1197,17.3,Pune,White,14
780,Maruti Fronx,2022,11.07,4.84,82810,Petrol,Individual,Manual,0,799,18.0,Amritsar,White,4
781,Maruti Dzire,2022,8.3,4.7,41442,Petrol,Dealer,Manual,0,1597,21.0,Ludhiana,Red,4
782,Mahindra XUV700,2012,27.84,3.34,123586,Diesel,Individual,Automatic,2,1497,14.4,Noida,Silver,14
783,Honda Amaze,2015,9.41,1.13,81090,Petrol,Individual,Manual,2,2755,14.1,Gurugram,Red,11
784,Tata Punch,2013,9.83,1.18,84444,Petrol,Dealer,Manual,0,799,19.1,Amritsar,Grey,13
785,Maruti Dzire,2025,9.03,6.33,37291,Petrol,Dealer,Manual,3,1498,21.3,Chennai,Red,1
786,Skoda Rapid,2012,10.61,1.27,132975,Diesel,Dealer,Manual,0,1956,22.2,Hyderabad,Silver,14
787,Maruti Baleno,2016,8.6,1.03,77864,Petrol,Dealer,Manual,1,1497,16.0,Kolkata,Brown,10
788,Maruti Brezza,2020,12.55,4.99,47468,Petrol,Dealer,Manual,1,1956,19.1,Lucknow,Blue,6
789,Kia Seltos,2021,16.11,7.36,47585,Diesel,Dealer,Manual,1,1597,15.7,Gurugram,Blue,5
790,Jeep Compass,2019,27.57,7.68,53991,Diesel,Individual,Automatic,1,1197,23.4,Jaipur,Silver,7
791,Hyundai Creta,2012,15.34,1.84,153794,Diesel,Dealer,Manual,1,1197,12.2,Hyderabad,Grey,14
792,Hyundai Creta,2025,16.7,14.44,2500,Diesel,Dealer,Manual,1,1498,24.5,Chennai,Silver,1
793,Hyundai Creta,2014,16.68,2.0,115397,Diesel,Individual,Manual,0,1956,12.7,Gurugram,Black,12
794,Honda City,2018,15.48,1.86,99325,Petrol,Individual,Manual,0,998,13.2,Jaipur,Black,8
795,Tata Nexon,2021,11.65,4.49,60240,Petrol,Individual,Manual,0,1956,25.4,Bengaluru,Black,5
796,Maruti Wagon R,2020,6.15,1.2,82970,Petrol,Dealer,Manual,2,1498,25.0,Ludhiana,Red,6
797,Honda Elevate,2015,16.57,1.99,106571,Petrol,Individual,Manual,1,1597,23.3,Delhi,Blue,11
798,Tata Harrier,2025,21.46,16.79,41718,Diesel,Individual,Manual,0,2179,16.6,Mumbai,Brown,1
799,Volkswagen Virtus,2024,17.01,15.01,2500,Petrol,Individual,Automatic,0,1956,16.0,Mohali,Brown,2
800,Hyundai Creta,2024,14.96,13.42,2756,Diesel,Individual,Manual,0,2393,21.8,Ludhiana,Silver,2
801,Maruti Brezza,2017,11.96,1.43,65742,Petrol,Dealer,Manual,0,1997,21.1,Kolkata,Red,9
802,Maruti Dzire,2016,8.42,1.01,110854,Petrol,Dealer,Manual,0,998,17.8,Mumbai,Grey,10
803,Skoda Slavia,2022,19.01,11.22,42155,Petrol,Dealer,Automatic,0,2179,19.5,Chennai,Brown,4
804,Hyundai i20,2024,8.26,6.61,2500,Petrol,Dealer,Manual,0,1498,23.8,Lucknow,Grey,2
805,Maruti Alto,2014,3.83,0.55,134010,Petrol,Individual,Manual,0,2179,21.9,Noida,Silver,12
806,Hyundai Creta,2014,15.9,1.91,70887,Diesel,Dealer,Manual,1,2179,17.5,Bengaluru,Black,12
807,Renault Kiger,2022,9.73,5.93,6540,Petrol,Dealer,Manual,3,1997,12.1,Delhi,Grey,4
808,Ford EcoSport,2018,10.06,1.51,119422,Diesel,Dealer,Manual,1,1199,17.6,Pune,White,8
809,Kia Seltos,2012,17.08,2.05,175577,Diesel,Individual,Manual,0,998,16.3,Lucknow,Silver,14
810,Renault Kiger,2022,8.82,5.62,33157,Petrol,Individual,Manual,0,1997,17.4,Gurugram,Blue,4
811,Volkswagen Virtus,2021,17.82,5.91,70411,Petrol,Dealer,Automatic,1,1956,15.9,Chandigarh,Silver,5
812,Honda Amaze,2022,8.17,4.18,65464,Petrol,Individual,Manual,0,2179,13.6,Chandigarh,White,4
813,Jeep Compass,2012,28.29,3.39,123621,Diesel,Dealer,Automatic,0,1197,23.5,Chandigarh,Grey,14
814,Mahindra Bolero,2015,9.64,1.16,103323,Diesel,Dealer,Manual,1,1597,13.5,Hyderabad,White,11
815,Maruti Brezza,2019,13.8,1.66,92074,Petrol,Dealer,Manual,2,2755,21.8,Chandigarh,Grey,7
816,Toyota Fortuner,2013,38.64,4.64,93291,Diesel,Dealer,Automatic,2,2755,25.5,Delhi,Brown,13
817,Skoda Rapid,2024,10.04,7.31,38169,Diesel,Dealer,Manual,0,1197,24.2,Bengaluru,Blue,2
818,Maruti Fronx,2016,10.38,1.25,94202,Petrol,Dealer,Manual,1,1197,16.0,Pune,Black,10
819,Mahindra XUV700,2020,25.96,7.85,66514,Diesel,Dealer,Automatic,1,1197,14.8,Delhi,Black,6
820,Tata Altroz,2020,9.69,3.29,75093,Petrol,Individual,Manual,0,1956,12.8,Jaipur,Brown,6
821,Maruti Wagon R,2019,6.39,1.73,52499,Petrol,Individual,Manual,1,2755,21.1,Pune,Silver,7
822,Maruti Wagon R,2017,5.61,0.77,58510,Petrol,Dealer,Manual,2,2179,17.5,Mumbai,Grey,9
823,Volkswagen Polo,2016,8.68,1.04,49719,Petrol,Individual,Manual,1,1197,15.7,Bengaluru,Blue,10
824,Hyundai Grand i10,2022,6.9,4.59,29495,Petrol,Individual,Manual,0,1956,21.6,Mumbai,White,4
825,Tata Tiago,2020,6.97,2.13,65325,Petrol,Individual,Manual,1,1956,15.2,Mumbai,Blue,6
826,Toyota Innova Crysta,2018,24.0,5.4,39217,Diesel,Dealer,Manual,2,998,18.5,Bengaluru,White,8
827,Honda City,2015,15.2,1.82,53376,Petrol,Individual,Manual,0,1597,15.8,Gurugram,Brown,11
828,Hyundai Alcazar,2021,21.08,8.59,41080,Diesel,Dealer,Automatic,0,1199,24.1,Jaipur,Black,5
829,Mahindra XUV700,2017,23.57,2.83,72723,Diesel,Individual,Automatic,1,1197,13.1,Amritsar,Red,9
830,Maruti Alto,2015,4.33,0.55,80166,Petrol,Individual,Manual,1,2179,14.7,Mumbai,White,11
831,Hyundai Verna,2021,14.24,8.57,25151,Petrol,Individual,Manual,0,1498,19.2,Mohali,Silver,5
832,Tata Nexon,2022,12.31,7.56,22513,Petrol,Individual,Manual,0,998,22.5,Pune,Silver,4
833,Maruti Dzire,2025,9.81,7.11,49110,Petrol,Dealer,Manual,0,1498,17.5,Jaipur,Red,1
834,Nissan Magnite,2024,8.71,7.17,2500,Petrol,Dealer,Manual,2,1956,22.5,Lucknow,Silver,2
835,Maruti Baleno,2019,8.98,2.7,61409,Petrol,Dealer,Manual,1,1497,18.5,Noida,Silver,7
836,Renault Kiger,2012,9.33,1.12,81405,Petrol,Individual,Manual,0,2393,20.4,Mumbai,Red,14
837,Kia Seltos,2019,15.8,1.9,77696,Diesel,Individual,Manual,2,2393,12.5,Chandigarh,Silver,7
838,Ford EcoSport,2014,8.4,1.01,84242,Diesel,Dealer,Manual,3,2179,16.5,Chandigarh,Red,12
839,Maruti Brezza,2012,13.05,1.57,98451,Petrol,Dealer,Manual,0,1956,19.7,Kolkata,Red,14
840,Volkswagen Virtus,2012,15.3,1.84,110297,Petrol,Dealer,Automatic,1,1997,16.1,Chandigarh,Brown,14
841,Honda Amaze,2016,9.93,1.19,90339,Petrol,Dealer,Manual,0,2755,21.8,Mumbai,Black,10
842,Volkswagen Polo,2018,7.05,1.3,52034,Petrol,Individual,Manual,0,1498,17.7,Amritsar,Silver,8
843,Tata Safari,2016,21.13,2.71,39766,Diesel,Dealer,Automatic,0,1497,13.4,Bengaluru,Silver,10
844,Tata Safari,2013,27.82,3.34,68119,Diesel,Dealer,Automatic,1,1197,22.8,Bengaluru,Silver,13
845,Honda Elevate,2021,14.89,8.79,18588,Petrol,Dealer,Manual,1,1997,16.4,Kolkata,Brown,5
846,Mahindra XUV700,2022,26.14,17.63,12089,Diesel,Individual,Automatic,1,2393,12.9,Hyderabad,Black,4
847,Hyundai Grand i10,2014,7.58,0.91,72991,Petrol,Dealer,Manual,0,1498,19.9,Mumbai,Brown,12
848,Hyundai Venue,2024,12.34,8.62,35025,Petrol,Dealer,Manual,1,2755,23.4,Bengaluru,Red,2
849,Renault Kwid,2017,5.59,0.67,61415,Petrol,Dealer,Manual,1,2755,22.3,Mohali,White,9
850,Honda Amaze,2014,8.74,1.05,27401,Petrol,Dealer,Manual,0,2179,24.6,Delhi,Silver,12
851,Kia Sonet,2022,12.39,5.24,51250,Petrol,Dealer,Manual,1,1497,23.7,Bengaluru,Grey,4
852,Maruti Brezza,2016,13.36,1.6,77336,Petrol,Dealer,Manual,1,799,18.2,Kolkata,Silver,10
853,Ford EcoSport,2023,10.39,6.18,42948,Diesel,Dealer,Manual,1,1498,16.7,Chandigarh,Grey,3
854,Toyota Fortuner,2017,43.62,5.92,67485,Diesel,Individual,Automatic,0,2755,18.0,Pune,Black,9
855,Tata Punch,2014,8.41,1.01,94252,Petrol,Individual,Manual,0,998,14.3,Mumbai,Black,12
856,Volkswagen Virtus,2018,17.63,2.12,80477,Petrol,Individual,Automatic,0,2755,21.1,Mohali,White,8
857,Maruti Ertiga,2024,11.13,7.7,44196,Petrol,Individual,Manual,1,1956,22.9,Amritsar,Red,2
858,Nissan Magnite,2018,7.92,1.61,92969,Petrol,Dealer,Manual,0,1497,12.9,Chennai,Red,8
859,Maruti Alto,2015,4.17,0.55,67514,Petrol,Individual,Manual,0,1197,17.1,Amritsar,White,11
860,Mahindra Scorpio,2021,17.91,7.24,30965,Diesel,Dealer,Manual,3,1498,19.9,Chandigarh,Red,5
861,Renault Kwid,2019,5.18,1.83,32890,Petrol,Individual,Manual,0,2393,14.8,Pune,Brown,7
862,Kia Sonet,2021,11.35,4.1,58663,Petrol,Individual,Manual,1,998,21.1,Noida,White,5
863,Hyundai Creta,2020,18.06,6.63,58879,Diesel,Individual,Manual,0,1597,21.3,Kolkata,Red,6
864,Hyundai Verna,2022,16.47,6.24,59000,Petrol,Dealer,Manual,2,2755,12.7,Mohali,Black,4
865,Toyota Fortuner,2025,45.31,35.98,21799,Diesel,Individual,Automatic,1,2755,24.5,Hyderabad,Red,1
866,Skoda Slavia,2018,16.89,2.03,70969,Petrol,Individual,Automatic,2,998,25.4,Chandigarh,Grey,8
867,Renault Kiger,2014,8.17,0.98,60380,Petrol,Individual,Manual,0,2393,22.6,Gurugram,Silver,12
868,Tata Punch,2019,8.81,2.45,42324,Petrol,Individual,Manual,1,1497,14.0,Ludhiana,Brown,7
869,Tata Nexon,2013,12.11,1.45,88937,Petrol,Dealer,Manual,0,1497,17.8,Chennai,Red,13
870,Maruti Ciaz,2020,12.29,6.51,2500,Petrol,Individual,Manual,1,1197,19.5,Lucknow,Red,6
871,Nissan Magnite,2023,9.03,5.01,54564,Petrol,Individual,Manual,1,1956,17.4,Noida,Silver,3
872,Hyundai Alcazar,2025,22.48,20.35,3949,Diesel,Individual,Automatic,0,1199,22.4,Lucknow,Black,1
873,Maruti Fronx,2016,9.46,1.14,106674,Petrol,Dealer,Manual,0,1497,18.1,Pune,Red,10
874,Honda Amaze,2020,9.34,4.23,20729,Petrol,Individual,Manual,0,2393,16.4,Bengaluru,Blue,6
875,Maruti Fronx,2015,10.9,1.31,79865,Petrol,Dealer,Manual,0,799,18.3,Lucknow,White,11
876,Renault Kiger,2020,9.92,2.39,99412,Petrol,Dealer,Manual,1,2393,12.1,Pune,Brown,6
877,Maruti Alto,2020,4.19,1.68,26669,Petrol,Dealer,Manual,0,2179,23.9,Ludhiana,Brown,6
878,Tata Punch,2022,9.87,3.96,55044,Petrol,Dealer,Manual,2,799,19.7,Bengaluru,Red,4
879,Hyundai Verna,2019,13.27,2.67,110369,Petrol,Individual,Manual,0,1197,23.5,Mohali,White,7
880,Volkswagen Polo,2024,8.92,7.25,2500,Petrol,Dealer,Manual,0,799,19.3,Ludhiana,Blue,2
881,Volkswagen Virtus,2022,15.87,8.35,53097,Petrol,Individual,Automatic,0,1956,17.7,Ludhiana,Silver,4
882,Volkswagen Polo,2019,8.0,2.35,42492,Petrol,Dealer,Manual,1,1197,25.0,Amritsar,Grey,7
883,Volkswagen Polo,2013,7.83,0.94,85301,Petrol,Dealer,Manual,2,998,17.9,Ludhiana,Red,13
884,Maruti Ciaz,2025,11.53,8.74,55357,Petrol,Dealer,Manual,0,2755,15.0,Noida,Silver,1
885,Maruti Wagon R,2014,6.72,0.81,95197,Petrol,Individual,Manual,0,1497,24.2,Mohali,Silver,12
886,Ford EcoSport,2022,8.79,5.15,33345,Diesel,Dealer,Manual,1,1597,15.0,Hyderabad,Blue,4
887,Nissan Magnite,2019,8.62,2.05,48355,Petrol,Dealer,Manual,2,1997,23.2,Chandigarh,Grey,7
888,Mahindra Bolero,2017,10.52,1.26,84854,Diesel,Individual,Manual,1,998,18.8,Amritsar,Red,9
889,Volkswagen Virtus,2021,15.72,6.09,71930,Petrol,Individual,Automatic,1,1197,17.5,Mohali,Grey,5
890,Hyundai i20,2024,8.18,5.96,32080,Petrol,Individual,Manual,0,2755,18.0,Jaipur,Brown,2
891,Hyundai Creta,2016,15.57,1.87,66441,Diesel,Dealer,Manual,0,2755,18.8,Gurugram,Silver,10
892,Maruti Swift,2016,7.97,0.96,56621,Petrol,Dealer,Manual,0,2179,14.9,Amritsar,Blue,10
893,Kia Sonet,2017,11.21,1.35,67715,Petrol,Dealer,Manual,1,2179,20.0,Jaipur,Grey,9
894,Skoda Slavia,2024,18.41,11.44,29896,Petrol,Individual,Automatic,2,1498,17.6,Amritsar,Blue,2
895,Kia Seltos,2016,17.23,2.07,100133,Diesel,Dealer,Manual,0,2179,14.2,Pune,Grey,10
896,Maruti Ciaz,2018,11.1,1.33,107520,Petrol,Individual,Manual,0,1498,20.5,Bengaluru,White,8
897,Tata Altroz,2019,8.24,1.89,61964,Petrol,Dealer,Manual,0,1956,16.6,Mumbai,Grey,7
898,Maruti Ciaz,2019,11.08,3.46,41216,Petrol,Dealer,Manual,0,1597,23.4,Gurugram,Brown,7
899,Mahindra Bolero,2012,9.11,1.09,128912,Diesel,Dealer,Manual,0,1956,25.4,Mumbai,Brown,14
900,Renault Kwid,2018,4.89,0.91,60908,Petrol,Dealer,Manual,1,1497,16.6,Hyderabad,White,8
901,Toyota Glanza,2017,9.16,1.1,91700,Petrol,Dealer,Manual,0,1497,12.7,Bengaluru,Blue,9
902,Volkswagen Polo,2015,8.29,1.0,102475,Petrol,Individual,Manual,0,998,25.4,Mumbai,Black,11
903,Hyundai Grand i10,2016,6.27,0.77,74148,Petrol,Individual,Manual,0,1956,14.9,Noida,Blue,10
904,Toyota Innova Crysta,2025,24.51,22.3,18955,Diesel,Individual,Manual,1,2393,21.4,Hyderabad,Grey,1
905,Maruti Swift,2023,8.32,6.17,2560,Petrol,Dealer,Manual,2,1497,24.4,Lucknow,Black,3
906,Hyundai i20,2022,9.49,4.32,48007,Petrol,Individual,Manual,2,2755,21.3,Chandigarh,Blue,4
907,Kia Sonet,2015,11.97,1.44,85261,Petrol,Individual,Manual,1,1199,13.9,Mohali,Brown,11
908,Hyundai Verna,2012,13.73,1.65,129724,Petrol,Individual,Manual,1,1956,13.5,Mumbai,Silver,14
909,Maruti Wagon R,2018,6.15,0.92,78632,Petrol,Dealer,Manual,0,1997,25.2,Lucknow,White,8
910,Hyundai Creta,2014,16.42,1.97,108833,Diesel,Individual,Manual,0,1498,23.4,Ludhiana,Brown,12
911,Ford EcoSport,2023,10.4,5.53,67047,Diesel,Dealer,Manual,0,1199,13.2,Delhi,Blue,3
912,Renault Kwid,2012,4.66,0.56,105452,Petrol,Individual,Manual,0,1956,15.6,Hyderabad,Brown,14
913,Maruti Dzire,2024,9.81,6.7,34137,Petrol,Individual,Manual,0,1597,22.4,Kolkata,Black,2
914,Volkswagen Polo,2021,7.06,4.14,15003,Petrol,Individual,Manual,0,2393,18.1,Lucknow,Brown,5
915,Kia Sonet,2020,12.82,4.15,75648,Petrol,Dealer,Manual,1,799,21.2,Amritsar,Brown,6
916,Mahindra Thar,2024,18.12,10.5,59323,Diesel,Individual,Manual,0,2393,22.3,Chennai,Grey,2
917,Hyundai Grand i10,2022,7.24,5.05,4667,Petrol,Individual,Manual,1,799,18.2,Delhi,Red,4
918,Maruti Baleno,2018,9.89,1.64,51729,Petrol,Individual,Manual,2,1199,24.6,Kolkata,Red,8
919,Hyundai Alcazar,2023,19.68,14.34,21008,Diesel,Dealer,Automatic,1,1199,14.2,Chandigarh,White,3
920,Hyundai Verna,2012,16.06,1.93,109159,Petrol,Individual,Manual,0,1597,21.2,Noida,Silver,14
921,Toyota Innova Crysta,2018,22.25,3.82,48304,Diesel,Dealer,Manual,2,1597,13.7,Kolkata,Blue,8
922,Kia Seltos,2021,16.29,6.14,69847,Diesel,Individual,Manual,0,1498,21.9,Hyderabad,White,5
923,Mahindra Scorpio,2025,22.05,18.39,9941,Diesel,Dealer,Manual,0,1199,25.4,Noida,Grey,1
924,Ford EcoSport,2013,10.3,1.24,85870,Diesel,Individual,Manual,2,1197,24.5,Noida,Brown,13
925,Toyota Innova Crysta,2019,25.09,9.6,25157,Diesel,Dealer,Manual,0,998,15.6,Jaipur,Brown,7
926,Ford EcoSport,2017,9.13,1.1,98073,Diesel,Dealer,Manual,1,799,14.8,Lucknow,Brown,9
927,Mahindra Scorpio,2024,17.8,11.7,49690,Diesel,Dealer,Manual,0,1497,22.8,Gurugram,Blue,2
928,Tata Safari,2023,26.38,16.07,31014,Diesel,Dealer,Automatic,1,2755,24.3,Jaipur,Grey,3
929,Volkswagen Polo,2019,7.99,2.9,34512,Petrol,Dealer,Manual,0,799,17.8,Delhi,White,7
930,Toyota Fortuner,2023,40.29,33.88,2500,Diesel,Dealer,Automatic,0,1197,20.7,Noida,Grey,3
931,Mahindra Thar,2025,18.84,15.55,32943,Diesel,Individual,Manual,0,2179,21.6,Ludhiana,Silver,1
932,Honda City,2015,16.06,1.93,94613,Petrol,Individual,Manual,0,2179,18.4,Chandigarh,Silver,11
933,Toyota Glanza,2013,9.02,1.08,107712,Petrol,Dealer,Manual,1,1197,17.7,Bengaluru,Blue,13
934,Skoda Slavia,2024,15.95,12.04,34302,Petrol,Individual,Automatic,0,1199,14.3,Pune,White,2
935,Maruti Dzire,2020,8.99,3.91,31139,Petrol,Individual,Manual,2,1956,15.0,Mumbai,Blue,6
936,Nissan Magnite,2012,8.08,0.97,67657,Petrol,Dealer,Manual,0,1956,12.4,Noida,Red,14
937,Skoda Slavia,2015,15.64,1.88,77843,Petrol,Dealer,Automatic,1,1997,17.5,Mumbai,White,11
938,Volkswagen Polo,2020,8.83,2.93,75295,Petrol,Individual,Manual,0,1199,12.2,Jaipur,Brown,6
939,Toyota Innova Crysta,2020,22.97,7.14,69821,Diesel,Dealer,Manual,2,1197,17.5,Noida,Blue,6
940,Maruti Swift,2025,8.39,7.61,12274,Petrol,Dealer,Manual,0,1197,20.5,Chandigarh,Red,1
941,Jeep Compass,2019,24.76,8.46,26316,Diesel,Individual,Automatic,1,1199,19.2,Ludhiana,Silver,7
942,Tata Tiago,2022,6.54,3.24,58909,Petrol,Individual,Manual,0,1197,22.2,Ludhiana,Silver,4
943,Maruti Swift,2021,8.58,4.14,36408,Petrol,Dealer,Manual,1,2755,16.5,Amritsar,Red,5
944,Volkswagen Virtus,2017,16.88,2.03,67783,Petrol,Dealer,Automatic,0,1997,23.2,Bengaluru,Red,9
945,Toyota Fortuner,2025,39.39,35.05,2500,Diesel,Individual,Automatic,0,1597,22.4,Hyderabad,Grey,1
946,Honda Amaze,2012,9.56,1.15,113078,Petrol,Dealer,Manual,0,2179,21.1,Noida,Black,14
947,Honda Amaze,2018,9.68,1.66,69813,Petrol,Individual,Manual,0,1498,23.1,Gurugram,Grey,8
948,Hyundai Grand i10,2020,6.91,2.31,69450,Petrol,Dealer,Manual,1,998,19.7,Pune,Black,6
949,Maruti Dzire,2024,9.01,6.8,24676,Petrol,Dealer,Manual,0,1497,23.4,Chandigarh,Brown,2
950,Skoda Slavia,2025,17.74,14.97,7428,Petrol,Dealer,Automatic,1,1497,16.7,Amritsar,Grey,1
951,Tata Safari,2016,25.06,3.01,116892,Diesel,Dealer,Automatic,2,2393,23.9,Pune,Black,10
952,Toyota Glanza,2017,8.75,1.05,62924,Petrol,Individual,Manual,1,2393,21.7,Chandigarh,Silver,9
953,Maruti Dzire,2024,9.57,7.24,28594,Petrol,Dealer,Manual,0,2393,23.4,Pune,Red,2
954,Kia Seltos,2022,18.85,9.61,59724,Diesel,Dealer,Manual,0,2179,15.1,Mumbai,Silver,4
955,Kia Seltos,2023,18.89,13.07,34162,Diesel,Dealer,Manual,1,2179,19.0,Ludhiana,White,3
956,Jeep Compass,2016,26.73,3.21,70367,Diesel,Dealer,Automatic,0,2179,19.8,Noida,Red,10
957,Renault Kwid,2024,4.61,3.65,23155,Petrol,Individual,Manual,1,1199,12.4,Amritsar,Black,2
958,Maruti Fronx,2018,8.97,1.55,86544,Petrol,Individual,Manual,0,2179,16.6,Mumbai,Red,8
959,Skoda Slavia,2018,15.27,1.92,74463,Petrol,Individual,Automatic,0,1199,18.6,Hyderabad,White,8
960,Toyota Glanza,2014,9.21,1.11,59528,Petrol,Dealer,Manual,0,1497,12.7,Noida,White,12
961,Hyundai Venue,2020,10.97,4.3,48513,Petrol,Dealer,Manual,0,1197,22.4,Gurugram,Red,6
962,Maruti Brezza,2024,12.3,9.67,2500,Petrol,Dealer,Manual,3,1497,23.4,Mohali,Silver,2
963,Volkswagen Polo,2016,7.48,0.9,73923,Petrol,Dealer,Manual,1,1498,21.8,Chandigarh,Red,10
964,Maruti Brezza,2013,11.45,1.37,98714,Petrol,Dealer,Manual,3,2179,13.8,Mohali,White,13
965,Skoda Rapid,2019,9.53,3.4,39324,Diesel,Individual,Manual,0,1997,23.1,Mohali,Black,7
966,Mahindra Bolero,2013,10.8,1.3,104402,Diesel,Individual,Manual,1,1199,15.8,Mumbai,Red,13
967,Honda Amaze,2017,8.52,1.09,63070,Petrol,Dealer,Manual,0,1597,23.9,Amritsar,Red,9
968,Maruti Swift,2019,7.8,2.43,51967,Petrol,Dealer,Manual,0,1956,20.6,Pune,Red,7
969,Maruti Dzire,2024,9.25,6.44,34821,Petrol,Dealer,Manual,0,1597,18.3,Delhi,Silver,2
970,Honda Elevate,2017,16.34,1.96,93075,Petrol,Dealer,Manual,0,998,12.5,Chennai,Blue,9
971,Mahindra XUV700,2022,23.74,14.15,21359,Diesel,Individual,Automatic,1,2179,20.7,Amritsar,Grey,4
972,Nissan Magnite,2024,8.29,5.77,37441,Petrol,Dealer,Manual,1,2755,25.2,Mohali,Red,2
973,Volkswagen Polo,2018,8.18,1.62,53183,Petrol,Individual,Manual,0,1997,12.5,Noida,Brown,8
974,Tata Tiago,2015,6.92,0.83,63218,Petrol,Dealer,Manual,0,1597,17.6,Lucknow,Red,11
975,Hyundai Venue,2019,10.87,2.48,67909,Petrol,Dealer,Manual,0,1497,23.2,Noida,Black,7
976,Mahindra Thar,2021,17.86,7.85,62778,Diesel,Dealer,Manual,1,1497,20.9,Lucknow,Grey,5
977,Kia Seltos,2012,15.62,1.87,140019,Diesel,Dealer,Manual,0,1597,12.8,Chandigarh,Silver,14
978,Honda Amaze,2017,8.65,1.04,104006,Petrol,Dealer,Manual,1,1497,17.5,Ludhiana,Blue,9
979,Ford EcoSport,2016,9.52,1.14,78297,Diesel,Dealer,Manual,0,1956,22.7,Pune,Blue,10
980,Renault Kwid,2017,4.88,0.82,62416,Petrol,Dealer,Manual,0,2179,15.3,Ludhiana,Red,9
981,Maruti Fronx,2015,9.39,1.13,78060,Petrol,Individual,Manual,0,998,12.3,Bengaluru,Brown,11
982,MG Hector,2021,22.9,11.85,44236,Petrol,Dealer,Automatic,0,998,23.6,Amritsar,White,5
983,Tata Safari,2018,23.65,6.4,32810,Diesel,Individual,Automatic,0,1197,22.8,Bengaluru,Silver,8
984,Maruti Baleno,2024,8.87,7.16,2500,Petrol,Dealer,Manual,2,1498,12.3,Bengaluru,Silver,2
985,Volkswagen Virtus,2019,17.27,3.3,74126,Petrol,Dealer,Automatic,0,1597,22.6,Delhi,Red,7
986,Skoda Slavia,2018,19.28,2.41,82580,Petrol,Individual,Automatic,0,2179,24.2,Kolkata,Black,8
987,Maruti Brezza,2016,11.66,1.4,105876,Petrol,Individual,Manual,0,2179,12.6,Chandigarh,Blue,10
988,Tata Punch,2024,9.97,7.88,35378,Petrol,Individual,Manual,1,1199,19.8,Hyderabad,Red,2
989,Mahindra Thar,2022,18.89,13.12,2500,Diesel,Dealer,Manual,0,1199,12.3,Jaipur,Blue,4
990,Kia Seltos,2013,18.96,2.27,72882,Diesel,Dealer,Manual,0,1197,17.3,Mumbai,Blue,13
991,Tata Nexon,2021,12.02,6.69,13000,Petrol,Dealer,Manual,1,799,14.7,Kolkata,Brown,5
992,Hyundai i20,2022,9.32,5.86,16346,Petrol,Dealer,Manual,0,998,14.9,Ludhiana,Red,4
993,Renault Kwid,2021,4.56,1.64,41780,Petrol,Dealer,Manual,0,2393,22.7,Pune,White,5
994,Hyundai Grand i10,2013,6.37,0.76,90616,Petrol,Dealer,Manual,0,2179,14.5,Kolkata,White,13
995,Hyundai Venue,2022,11.46,6.96,34553,Petrol,Individual,Manual,1,2393,12.2,Delhi,Brown,4
996,Maruti Ciaz,2017,11.07,1.65,51609,Petrol,Individual,Manual,1,1997,24.6,Lucknow,Brown,9
997,Maruti Baleno,2013,9.3,1.12,141169,Petrol,Dealer,Manual,0,799,12.9,Ludhiana,Blue,13
998,Maruti Fronx,2022,9.22,4.15,51698,Petrol,Individual,Manual,1,799,16.6,Mumbai,Black,4
999,Tata Tiago,2018,6.23,0.75,117430,Petrol,Dealer,Manual,3,799,24.2,Amritsar,Grey,8
1000,Tata Altroz,2024,7.95,5.77,51349,Petrol,Dealer,Manual,0,1199,19.0,Jaipur,White,2
1001,Maruti Fronx,2025,9.28,7.08,31819,Petrol,Dealer,Manual,2,799,22.6,Mumbai,Grey,1
1002,Maruti Baleno,2013,8.48,1.02,120617,Petrol,Individual,Manual,1,1199,12.2,Ludhiana,Red,13
1003,Hyundai Verna,2013,14.19,1.7,124320,Petrol,Individual,Manual,2,1197,18.8,Mohali,White,13
1004,Hyundai Alcazar,2024,20.59,15.46,41724,Diesel,Dealer,Automatic,0,998,19.8,Pune,Silver,2
1005,Maruti Wagon R,2019,5.8,0.81,79950,Petrol,Individual,Manual,1,799,22.7,Pune,Blue,7
1006,Mahindra Scorpio,2014,19.36,2.32,89521,Diesel,Individual,Manual,1,1497,23.4,Mohali,White,12
1007,Toyota Innova Crysta,2018,25.36,4.12,70375,Diesel,Individual,Manual,1,1497,13.1,Lucknow,Blue,8
1008,Maruti Brezza,2016,12.01,1.44,85624,Petrol,Individual,Manual,2,1997,20.7,Noida,Brown,10
1009,MG Hector,2024,21.17,14.23,45286,Petrol,Individual,Automatic,0,998,15.5,Hyderabad,Blue,2
1010,Hyundai i20,2012,8.72,1.05,125234,Petrol,Dealer,Manual,1,1956,21.6,Hyderabad,Red,14
1011,Mahindra XUV700,2015,26.26,3.15,96199,Diesel,Dealer,Automatic,0,2393,21.7,Kolkata,Black,11
1012,Toyota Fortuner,2020,44.21,12.72,64357,Diesel,Dealer,Automatic,1,2755,19.5,Noida,Silver,6
1013,Honda Amaze,2025,8.58,7.92,2500,Petrol,Dealer,Manual,2,2393,24.3,Chandigarh,Grey,1
1014,Hyundai Creta,2016,18.61,2.23,84404,Diesel,Dealer,Manual,1,799,23.3,Mohali,Black,10
1015,Mahindra Bolero,2012,8.99,1.08,111185,Diesel,Individual,Manual,1,799,14.7,Chennai,Red,14
1016,Tata Safari,2015,24.1,2.89,68069,Diesel,Dealer,Automatic,2,2179,19.2,Jaipur,Brown,11
1017,Tata Altroz,2022,9.77,4.89,57924,Petrol,Dealer,Manual,1,799,22.4,Gurugram,Black,4
1018,Tata Safari,2017,28.11,3.37,105981,Diesel,Dealer,Automatic,1,998,12.9,Noida,Red,9
1019,MG Hector,2020,21.94,10.06,24958,Petrol,Individual,Automatic,0,1597,13.7,Lucknow,Brown,6
1020,MG Hector,2012,23.57,2.83,117666,Petrol,Dealer,Automatic,0,1997,19.9,Noida,Brown,14
1021,Maruti Brezza,2023,11.54,7.62,26197,Petrol,Dealer,Manual,1,1597,22.0,Gurugram,Brown,3
1022,Hyundai Verna,2022,15.82,7.69,63477,Petrol,Individual,Manual,0,1997,24.0,Mohali,Grey,4
1023,Maruti Ciaz,2025,11.79,9.36,17382,Petrol,Dealer,Manual,0,1497,25.0,Hyderabad,Red,1
1024,Toyota Glanza,2019,8.36,2.36,64560,Petrol,Dealer,Manual,0,1597,19.8,Jaipur,Red,7
1025,Mahindra Scorpio,2020,19.0,5.74,63842,Diesel,Individual,Manual,1,1197,24.1,Ludhiana,Grey,6
1026,Mahindra Thar,2024,15.06,11.76,15544,Diesel,Individual,Manual,0,1956,17.0,Amritsar,Blue,2
1027,Maruti Baleno,2020,8.33,3.0,50157,Petrol,Dealer,Manual,2,998,16.6,Kolkata,Grey,6
1028,Volkswagen Polo,2014,8.47,1.02,74218,Petrol,Individual,Manual,0,1498,23.8,Kolkata,Silver,12
1029,Volkswagen Virtus,2018,16.49,3.35,37858,Petrol,Dealer,Automatic,3,2393,19.8,Pune,Black,8
1030,Honda Amaze,2020,9.56,1.99,82667,Petrol,Dealer,Manual,1,799,17.6,Hyderabad,Blue,6
1031,Honda City,2019,14.29,4.32,37857,Petrol,Individual,Manual,0,2179,15.6,Pune,White,7
1032,Skoda Rapid,2012,9.43,1.13,165582,Diesel,Dealer,Manual,0,1199,15.0,Noida,Blue,14
1033,Renault Kiger,2014,8.47,1.02,78563,Petrol,Dealer,Manual,0,2393,20.4,Chennai,Brown,12
1034,Honda Elevate,2017,16.7,2.0,100253,Petrol,Individual,Manual,0,1956,20.1,Noida,Black,9
1035,Maruti Ertiga,2013,11.69,1.4,119931,Petrol,Dealer,Manual,0,1956,20.8,Pune,White,13
1036,Tata Safari,2018,27.18,3.26,68273,Diesel,Dealer,Automatic,2,2755,24.0,Gurugram,Grey,8
1037,Tata Nexon,2013,11.81,1.42,104477,Petrol,Dealer,Manual,0,2755,16.9,Mohali,Red,13
1038,Maruti Fronx,2020,9.8,2.25,83739,Petrol,Dealer,Manual,1,1956,13.7,Hyderabad,Silver,6
1039,Maruti Alto,2013,4.56,0.55,37452,Petrol,Dealer,Manual,0,1498,17.7,Jaipur,Red,13
1040,Hyundai Alcazar,2013,23.04,2.77,99627,Diesel,Dealer,Automatic,0,2755,15.4,Chennai,Black,13
1041,Volkswagen Virtus,2014,18.24,2.19,70640,Petrol,Dealer,Automatic,0,1497,24.5,Delhi,Grey,12
1042,Tata Tiago,2018,7.48,0.9,71782,Petrol,Dealer,Manual,0,1199,14.8,Ludhiana,Red,8
1043,MG Hector,2019,20.84,2.5,79481,Petrol,Individual,Automatic,1,1597,21.5,Chennai,Black,7
1044,Toyota Fortuner,2013,43.29,5.19,83884,Diesel,Individual,Automatic,0,1497,19.4,Kolkata,Blue,13
1045,Maruti Alto,2023,4.48,3.04,2500,Petrol,Individual,Manual,1,2755,19.8,Mumbai,Blue,3
1046,Honda Elevate,2019,16.04,5.39,49863,Petrol,Dealer,Manual,0,1199,21.8,Mohali,Silver,7
1047,Maruti Fronx,2015,9.77,1.17,82602,Petrol,Individual,Manual,1,1956,12.5,Bengaluru,White,11
1048,Maruti Fronx,2013,10.51,1.26,114794,Petrol,Dealer,Manual,0,1597,18.9,Chandigarh,Grey,13
1049,Hyundai i20,2017,8.96,1.07,101180,Petrol,Individual,Manual,1,1997,24.5,Ludhiana,Red,9
1050,Nissan Magnite,2016,10.06,1.21,62805,Petrol,Dealer,Manual,0,1199,21.0,Chandigarh,Black,10
1051,Maruti Ciaz,2016,12.82,1.54,74042,Petrol,Individual,Manual,1,1498,18.5,Lucknow,Grey,10
1052,Skoda Rapid,2012,8.99,1.08,104651,Diesel,Individual,Manual,1,1197,17.0,Kolkata,Brown,14
1053,Hyundai Verna,2020,13.89,4.49,49992,Petrol,Dealer,Manual,2,1997,24.3,Mohali,Black,6
1054,Renault Kwid,2022,5.55,2.12,73454,Petrol,Individual,Manual,0,1497,15.4,Gurugram,Blue,4
1055,Jeep Compass,2021,22.2,12.11,33551,Diesel,Dealer,Automatic,0,1956,16.5,Mohali,Black,5
1056,Kia Sonet,2013,12.3,1.48,90566,Petrol,Individual,Manual,1,1199,24.2,Jaipur,Black,13
1057,Tata Safari,2025,24.03,21.5,17351,Diesel,Dealer,Automatic,0,2393,22.3,Chennai,Grey,1
1058,Maruti Dzire,2017,8.75,1.05,102990,Petrol,Individual,Manual,0,1597,22.5,Noida,Silver,9
1059,Hyundai Verna,2017,13.86,2.68,32285,Petrol,Individual,Manual,0,799,19.5,Bengaluru,Grey,9
1060,Maruti Swift,2022,8.51,5.67,9783,Petrol,Individual,Manual,0,799,23.5,Mohali,Black,4
1061,Tata Punch,2020,9.32,3.72,47971,Petrol,Dealer,Manual,0,1597,19.3,Chennai,Red,6
1062,Maruti Ciaz,2023,11.22,5.73,80042,Petrol,Dealer,Manual,0,2755,20.2,Chandigarh,Blue,3
1063,Volkswagen Polo,2022,7.5,4.08,28591,Petrol,Individual,Manual,1,1597,22.6,Lucknow,White,4
1064,Maruti Baleno,2019,8.89,1.82,66743,Petrol,Dealer,Manual,0,1498,14.5,Pune,Silver,7
1065,Skoda Rapid,2021,9.51,3.15,70688,Diesel,Dealer,Manual,1,998,17.1,Amritsar,Brown,5
1066,Honda Amaze,2020,9.76,3.01,81382,Petrol,Dealer,Manual,0,2179,22.3,Pune,Brown,6
1067,Volkswagen Polo,2019,8.19,1.38,81609,Petrol,Individual,Manual,0,1997,12.0,Jaipur,Brown,7
1068,MG Hector,2020,20.44,8.66,27483,Petrol,Dealer,Automatic,0,1997,17.7,Hyderabad,White,6
1069,Maruti Ciaz,2018,11.84,1.42,111231,Petrol,Dealer,Manual,2,998,17.9,Chennai,Silver,8
1070,Tata Tiago,2025,7.33,7.09,5089,Petrol,Dealer,Manual,0,1997,15.4,Amritsar,Grey,1
1071,Toyota Fortuner,2018,41.97,7.47,72771,Diesel,Dealer,Automatic,0,1199,20.1,Pune,White,8
1072,Volkswagen Polo,2024,8.57,4.58,75085,Petrol,Dealer,Manual,1,1997,16.3,Hyderabad,White,2
1073,Tata Safari,2016,26.13,3.14,101746,Diesel,Dealer,Automatic,1,2179,14.3,Chennai,White,10
1074,Mahindra Bolero,2012,9.02,1.08,127502,Diesel,Dealer,Manual,1,1498,25.4,Mohali,Brown,14
1075,Tata Nexon,2025,13.02,11.56,26588,Petrol,Individual,Manual,0,1497,19.7,Bengaluru,Blue,1
1076,Honda Elevate,2015,14.48,1.74,112851,Petrol,Dealer,Manual,0,1597,18.5,Delhi,White,11
1077,Hyundai i20,2015,8.26,0.99,79998,Petrol,Individual,Manual,0,1997,16.0,Bengaluru,Brown,11
1078,Tata Tiago,2025,7.79,6.34,24169,Petrol,Dealer,Manual,0,799,16.2,Noida,Black,1
1079,Tata Altroz,2019,8.69,1.98,78834,Petrol,Individual,Manual,0,2393,16.0,Delhi,Black,7
1080,Tata Nexon,2019,10.78,2.5,54058,Petrol,Dealer,Manual,3,1497,16.3,Chandigarh,Grey,7
1081,Jeep Compass,2014,22.36,2.68,90718,Diesel,Individual,Automatic,1,1997,18.7,Mumbai,Black,12
1082,Mahindra Thar,2015,16.61,1.99,82954,Diesel,Dealer,Manual,1,799,24.3,Jaipur,Blue,11
1083,Volkswagen Polo,2022,7.71,3.72,58306,Petrol,Individual,Manual,1,1197,13.9,Gurugram,Brown,4
1084,Ford EcoSport,2023,8.61,4.68,48683,Diesel,Dealer,Manual,2,1199,12.1,Jaipur,Silver,3
1085,Tata Safari,2015,25.44,3.05,93739,Diesel,Dealer,Automatic,1,1956,19.5,Mohali,Black,11
1086,Maruti Dzire,2013,9.85,1.18,115210,Petrol,Individual,Manual,0,2393,19.7,Jaipur,Grey,13
1087,Maruti Ciaz,2020,10.62,3.28,63752,Petrol,Individual,Manual,1,1497,20.1,Chennai,Grey,6
1088,Hyundai Alcazar,2021,21.11,7.03,67343,Diesel,Individual,Automatic,1,998,21.6,Chandigarh,Red,5
1089,Hyundai Grand i10,2019,6.18,1.58,58366,Petrol,Dealer,Manual,0,799,14.5,Kolkata,Red,7
1090,Maruti Ertiga,2023,10.51,7.17,37819,Petrol,Dealer,Manual,0,2393,16.8,Jaipur,White,3
1091,Honda City,2017,16.64,2.0,47025,Petrol,Dealer,Manual,1,2755,12.9,Mohali,Blue,9
1092,Hyundai Verna,2018,13.62,2.44,65141,Petrol,Individual,Manual,0,1197,20.9,Noida,Black,8
1093,MG Hector,2022,18.48,10.29,26174,Petrol,Dealer,Automatic,2,1997,14.6,Noida,Blue,4
1094,Hyundai Verna,2021,15.09,5.15,47659,Petrol,Individual,Manual,2,2755,21.9,Delhi,Red,5
1095,Mahindra Bolero,2015,10.66,1.28,82205,Diesel,Dealer,Manual,1,1997,14.8,Delhi,White,11
1096,Hyundai i20,2015,9.81,1.18,77015,Petrol,Individual,Manual,0,1956,19.8,Ludhiana,Red,11
1097,MG Hector,2020,18.63,8.66,16277,Petrol,Dealer,Automatic,1,799,22.2,Pune,Red,6
1098,Tata Tiago,2016,7.16,0.86,64722,Petrol,Individual,Manual,0,1498,18.5,Bengaluru,White,10
1099,Maruti Dzire,2016,9.9,1.19,103466,Petrol,Dealer,Manual,1,998,18.8,Mohali,Black,10
1100,Hyundai i20,2022,8.86,5.4,29489,Petrol,Dealer,Manual,0,1498,18.9,Bengaluru,Black,4
1101,Maruti Dzire,2019,8.68,2.39,58043,Petrol,Dealer,Manual,0,1497,13.3,Chennai,Grey,7
1102,Maruti Brezza,2022,12.07,6.89,33353,Petrol,Individual,Manual,0,1497,16.3,Delhi,Grey,4
1103,Volkswagen Virtus,2017,18.44,2.29,54013,Petrol,Individual,Automatic,1,1199,12.7,Ludhiana,Black,9
1104,Honda Amaze,2021,10.0,4.34,36415,Petrol,Individual,Manual,2,1497,12.8,Bengaluru,Silver,5
1105,Honda Amaze,2025,9.8,8.27,18317,Petrol,Individual,Manual,0,1956,18.4,Kolkata,Black,1
1106,Maruti Dzire,2025,8.89,6.41,42337,Petrol,Individual,Manual,3,1497,13.4,Gurugram,White,1
1107,Toyota Fortuner,2022,36.68,19.75,44512,Diesel,Dealer,Automatic,0,1956,16.6,Hyderabad,Black,4
1108,Toyota Innova Crysta,2020,25.51,9.09,41496,Diesel,Individual,Manual,1,998,20.4,Delhi,Black,6
1109,Hyundai Venue,2013,11.82,1.42,100649,Petrol,Dealer,Manual,0,1199,13.1,Hyderabad,Blue,13
1110,Volkswagen Virtus,2015,15.68,1.88,62061,Petrol,Individual,Automatic,1,799,23.1,Kolkata,Grey,11
1111,Mahindra Thar,2013,16.23,1.95,96902,Diesel,Dealer,Manual,1,998,13.7,Chandigarh,Black,13
1112,Tata Safari,2020,26.04,7.2,85726,Diesel,Dealer,Automatic,0,1597,17.6,Jaipur,Grey,6
1113,Hyundai i20,2024,8.1,6.41,2500,Petrol,Individual,Manual,2,998,12.8,Mohali,Grey,2
1114,Hyundai Verna,2013,16.1,1.93,69391,Petrol,Individual,Manual,0,1197,24.5,Chandigarh,Black,13
1115,Volkswagen Virtus,2014,14.62,1.75,114313,Petrol,Individual,Automatic,0,1498,14.7,Delhi,Red,12
1116,Nissan Magnite,2016,9.88,1.19,56059,Petrol,Dealer,Manual,0,998,16.7,Mumbai,Silver,10
1117,Ford EcoSport,2022,9.28,5.9,10822,Diesel,Dealer,Manual,0,1197,23.6,Jaipur,Silver,4
1118,Hyundai Grand i10,2021,6.44,2.53,71653,Petrol,Dealer,Manual,0,2393,24.0,Pune,Black,5
1119,Jeep Compass,2018,28.68,6.78,53615,Diesel,Dealer,Automatic,0,2179,18.0,Chandigarh,Grey,8
1120,Toyota Innova Crysta,2025,22.78,16.56,55621,Diesel,Individual,Manual,1,1956,24.2,Gurugram,Black,1
1121,Kia Sonet,2016,11.77,1.41,63690,Petrol,Individual,Manual,1,1197,21.4,Kolkata,Brown,10
1122,Maruti Brezza,2022,13.63,8.47,14269,Petrol,Dealer,Manual,1,2179,20.7,Lucknow,Silver,4
1123,Maruti Swift,2013,8.24,0.99,110843,Petrol,Individual,Manual,1,2179,23.6,Lucknow,Brown,13
1124,Toyota Fortuner,2021,41.04,18.3,49647,Diesel,Individual,Automatic,0,1199,14.0,Bengaluru,Black,5
1125,Tata Tiago,2023,7.46,3.71,66524,Petrol,Individual,Manual,1,2755,24.5,Hyderabad,Blue,3
1126,Nissan Magnite,2015,8.8,1.06,79190,Petrol,Dealer,Manual,2,1497,17.2,Jaipur,Grey,11
1127,Maruti Ciaz,2012,11.15,1.34,138369,Petrol,Dealer,Manual,3,1597,15.4,Pune,White,14
1128,Honda City,2018,14.8,1.78,71596,Petrol,Dealer,Manual,0,1197,25.0,Pune,Grey,8
1129,Hyundai Alcazar,2015,20.86,2.5,92139,Diesel,Dealer,Automatic,1,1197,16.4,Lucknow,Grey,11
1130,Tata Harrier,2017,17.79,2.14,94363,Diesel,Dealer,Manual,1,1597,22.7,Kolkata,White,9
1131,Hyundai Alcazar,2014,23.62,2.83,111756,Diesel,Dealer,Automatic,1,1199,15.7,Mumbai,Brown,12
1132,Mahindra XUV700,2017,22.58,2.71,57881,Diesel,Dealer,Automatic,1,2393,14.8,Delhi,White,9
1133,Hyundai Creta,2019,17.55,4.54,62654,Diesel,Dealer,Manual,1,2755,17.0,Pune,Red,7
1134,Tata Nexon,2022,12.7,6.74,56071,Petrol,Dealer,Manual,0,1498,23.7,Hyderabad,White,4
1135,Nissan Magnite,2025,9.95,8.98,13033,Petrol,Dealer,Manual,0,1597,22.4,Ludhiana,Black,1
1136,Mahindra Thar,2025,16.66,14.44,2500,Diesel,Individual,Manual,1,2393,17.0,Bengaluru,Grey,1
1137,Mahindra Scorpio,2016,20.16,2.42,111636,Diesel,Dealer,Manual,0,2179,16.4,Mohali,Silver,10
1138,Honda City,2016,16.59,1.99,87845,Petrol,Individual,Manual,0,2755,21.4,Chennai,Brown,10
1139,Mahindra XUV700,2022,24.56,14.04,39853,Diesel,Individual,Automatic,0,1497,19.7,Jaipur,Grey,4
1140,Tata Tiago,2025,6.48,5.42,21767,Petrol,Individual,Manual,1,1497,20.4,Lucknow,Grey,1
1141,Skoda Rapid,2016,10.96,1.32,80880,Diesel,Dealer,Manual,2,799,22.2,Gurugram,Red,10
1142,Mahindra XUV700,2017,24.71,3.63,60953,Diesel,Dealer,Automatic,0,1199,12.5,Bengaluru,Grey,9
1143,Toyota Glanza,2012,8.99,1.08,155119,Petrol,Dealer,Manual,0,998,13.4,Chandigarh,Red,14
1144,Toyota Innova Crysta,2019,25.95,6.92,41030,Diesel,Dealer,Manual,1,2179,16.0,Chennai,Brown,7
1145,Toyota Fortuner,2022,40.72,24.71,28620,Diesel,Dealer,Automatic,0,1197,12.3,Hyderabad,Black,4
1146,Tata Tiago,2023,7.79,4.72,43963,Petrol,Dealer,Manual,0,1498,20.0,Noida,Blue,3
1147,Renault Kiger,2016,9.1,1.09,87451,Petrol,Individual,Manual,0,1197,23.1,Kolkata,Red,10
1148,Mahindra Thar,2015,17.67,2.12,98309,Diesel,Individual,Manual,0,2179,22.3,Noida,Brown,11
1149,Toyota Glanza,2024,10.01,8.1,11453,Petrol,Individual,Manual,0,998,15.3,Delhi,Blue,2
1150,Jeep Compass,2024,28.0,20.33,19093,Diesel,Dealer,Automatic,2,1498,15.0,Lucknow,Grey,2
1151,Ford EcoSport,2013,8.62,1.03,82569,Diesel,Dealer,Manual,1,1199,19.4,Pune,Blue,13
1152,Hyundai Verna,2015,16.63,2.0,97267,Petrol,Dealer,Manual,3,1497,18.3,Chennai,Brown,11
1153,Renault Kwid,2020,4.68,1.78,64868,Petrol,Dealer,Manual,0,799,19.8,Chandigarh,Black,6
1154,Skoda Slavia,2020,15.96,6.27,50802,Petrol,Dealer,Automatic,0,1498,23.3,Noida,Blue,6
1155,Mahindra Bolero,2012,10.02,1.2,43217,Diesel,Individual,Manual,0,2179,23.5,Amritsar,Silver,14
1156,Honda Amaze,2023,8.32,6.01,30821,Petrol,Dealer,Manual,0,1498,21.8,Jaipur,Red,3
1157,Maruti Baleno,2014,9.56,1.15,105897,Petrol,Dealer,Manual,2,2179,17.8,Ludhiana,Brown,12
1158,Tata Punch,2014,9.17,1.1,116984,Petrol,Individual,Manual,0,2179,15.0,Bengaluru,White,12
1159,Hyundai Grand i10,2021,6.49,3.52,22809,Petrol,Dealer,Manual,0,2755,15.1,Mumbai,Red,5
1160,Maruti Wagon R,2022,5.91,3.2,51890,Petrol,Dealer,Manual,1,1199,20.1,Kolkata,Red,4
1161,Mahindra XUV700,2013,25.88,3.11,132178,Diesel,Dealer,Automatic,1,1197,15.6,Lucknow,Black,13
1162,MG Hector,2019,21.19,3.93,87831,Petrol,Individual,Automatic,0,1597,19.8,Ludhiana,Red,7
1163,Kia Seltos,2015,18.36,2.2,78074,Diesel,Individual,Manual,1,2755,19.2,Mumbai,Black,11
1164,Hyundai Grand i10,2012,6.78,0.81,115040,Petrol,Dealer,Manual,1,1199,21.2,Chandigarh,Red,14
1165,Tata Altroz,2020,9.87,3.46,53354,Petrol,Dealer,Manual,1,998,16.5,Lucknow,Brown,6
1166,Toyota Glanza,2017,7.96,1.5,43406,Petrol,Dealer,Manual,0,1597,17.6,Kolkata,Silver,9
1167,Toyota Fortuner,2013,37.78,4.53,115791,Diesel,Dealer,Automatic,0,1199,16.9,Kolkata,Blue,13
1168,Hyundai Creta,2012,16.03,1.92,109962,Diesel,Dealer,Manual,1,799,21.2,Ludhiana,Brown,14
1169,Hyundai Grand i10,2017,6.35,0.76,115024,Petrol,Individual,Manual,0,1498,19.8,Chennai,Grey,9
1170,Skoda Rapid,2023,10.63,7.26,26049,Diesel,Individual,Manual,0,2393,17.4,Delhi,Grey,3
1171,Toyota Fortuner,2021,39.34,19.31,43383,Diesel,Individual,Automatic,0,2755,25.0,Ludhiana,White,5
1172,Tata Punch,2016,8.27,0.99,99339,Petrol,Dealer,Manual,1,2179,23.9,Hyderabad,Blue,10
1173,Renault Kiger,2022,8.74,4.84,32201,Petrol,Individual,Manual,1,1199,14.4,Mumbai,Red,4
1174,Maruti Ertiga,2015,10.43,1.25,126670,Petrol,Individual,Manual,0,998,22.2,Delhi,White,11
1175,Hyundai Alcazar,2012,22.08,2.65,120027,Diesel,Dealer,Automatic,0,2755,18.8,Ludhiana,Grey,14
1176,Kia Seltos,2020,17.7,6.17,58104,Diesel,Dealer,Manual,0,1497,24.8,Delhi,White,6
1177,MG Hector,2019,22.37,5.13,78927,Petrol,Individual,Automatic,0,1497,23.6,Jaipur,Brown,7
1178,Tata Nexon,2020,11.99,5.0,36080,Petrol,Dealer,Manual,0,2179,12.1,Amritsar,Red,6
1179,Hyundai Alcazar,2016,23.7,2.84,86026,Diesel,Dealer,Automatic,1,1197,13.7,Mohali,Silver,10
1180,Hyundai Verna,2014,16.31,1.96,92508,Petrol,Individual,Manual,2,1199,16.5,Mumbai,Black,12
1181,Toyota Glanza,2019,8.25,1.9,73789,Petrol,Dealer,Manual,0,1199,15.6,Bengaluru,Grey,7
1182,Mahindra Thar,2017,16.39,2.86,51123,Diesel,Individual,Manual,1,1199,22.6,Delhi,Silver,9
1183,Tata Punch,2014,9.9,1.19,104094,Petrol,Dealer,Manual,1,1498,12.5,Hyderabad,Brown,12
1184,Mahindra XUV700,2018,25.21,7.79,31397,Diesel,Dealer,Automatic,0,2179,22.3,Chennai,Blue,8
1185,Honda Amaze,2013,9.58,1.15,97746,Petrol,Individual,Manual,0,2755,21.4,Noida,Red,13
1186,Honda City,2012,14.23,1.71,150612,Petrol,Dealer,Manual,0,1199,21.2,Chennai,Black,14
1187,Hyundai Grand i10,2014,6.78,0.81,82674,Petrol,Individual,Manual,0,799,25.5,Delhi,Red,12
1188,Hyundai Alcazar,2023,18.54,10.47,58189,Diesel,Dealer,Automatic,1,1199,24.8,Mumbai,Grey,3
1189,Hyundai Creta,2020,15.63,6.47,22052,Diesel,Dealer,Manual,0,1956,14.9,Mumbai,Black,6
1190,Kia Seltos,2020,18.14,7.82,35343,Diesel,Dealer,Manual,1,1997,16.4,Mohali,White,6
1191,Skoda Slavia,2016,16.58,1.99,65556,Petrol,Individual,Automatic,0,1497,13.8,Amritsar,Silver,10
1192,Tata Harrier,2025,20.18,14.83,27041,Diesel,Dealer,Manual,3,1199,12.2,Delhi,Black,1
1193,Volkswagen Polo,2022,8.49,4.72,29426,Petrol,Individual,Manual,0,1199,14.2,Gurugram,Red,4
1194,Toyota Innova Crysta,2014,27.43,3.29,104386,Diesel,Dealer,Manual,0,1497,21.4,Chennai,Grey,12
1195,Tata Tiago,2015,6.68,0.8,104900,Petrol,Individual,Manual,1,2755,17.9,Lucknow,Silver,11
1196,Tata Tiago,2015,6.88,0.83,82158,Petrol,Dealer,Manual,0,1199,12.5,Chennai,White,11
1197,Maruti Alto,2012,3.77,0.55,118348,Petrol,Individual,Manual,1,1997,19.0,Hyderabad,Black,14
1198,Ford EcoSport,2024,8.41,6.53,31600,Diesel,Individual,Manual,0,2393,12.1,Delhi,Grey,2
1199,Maruti Dzire,2021,9.38,3.72,29784,Petrol,Dealer,Manual,3,1497,23.6,Bengaluru,Grey,5
1200,Hyundai Creta,2020,14.98,5.74,42381,Diesel,Individual,Manual,1,1997,23.0,Noida,Grey,6
1201,Hyundai Verna,2014,16.01,1.92,96239,Petrol,Dealer,Manual,2,2179,25.5,Ludhiana,Black,12
1202,Toyota Innova Crysta,2025,22.18,15.3,36766,Diesel,Dealer,Manual,2,2393,12.7,Gurugram,Silver,1
1203,Maruti Brezza,2022,13.32,6.21,61772,Petrol,Dealer,Manual,0,1956,16.6,Chennai,Black,4
1204,Skoda Rapid,2024,9.38,7.27,28955,Diesel,Individual,Manual,0,1497,13.8,Bengaluru,Red,2
1205,MG Hector,2017,23.4,2.81,75233,Petrol,Individual,Automatic,1,1597,22.0,Noida,Black,9
1206,Honda Elevate,2024,17.8,12.01,44436,Petrol,Individual,Manual,1,1199,12.4,Kolkata,Silver,2
1207,Maruti Ciaz,2024,11.85,9.43,32376,Petrol,Dealer,Manual,0,1498,15.7,Mohali,Silver,2
1208,Maruti Alto,2020,4.33,1.79,49949,Petrol,Individual,Manual,1,1956,12.3,Amritsar,Grey,6
1209,Mahindra Thar,2021,18.58,8.86,45858,Diesel,Individual,Manual,0,2755,14.1,Jaipur,Brown,5
1210,Honda City,2013,16.65,2.0,105825,Petrol,Dealer,Manual,0,2393,23.5,Chennai,Blue,13
1211,Tata Altroz,2015,8.44,1.01,135598,Petrol,Dealer,Manual,1,1597,22.7,Mumbai,White,11
1212,Hyundai Creta,2014,16.66,2.0,159160,Diesel,Individual,Manual,1,1497,21.2,Amritsar,Black,12
1213,MG Hector,2014,23.0,2.76,116034,Petrol,Dealer,Automatic,0,2755,23.6,Noida,Blue,12
1214,Honda Elevate,2023,16.91,12.61,2500,Petrol,Individual,Manual,1,1199,13.4,Bengaluru,White,3
1215,Hyundai Verna,2019,16.05,4.6,67664,Petrol,Individual,Manual,0,2393,14.5,Kolkata,Brown,7
1216,Nissan Magnite,2024,8.72,6.46,23231,Petrol,Dealer,Manual,0,1497,22.1,Chandigarh,Red,2
1217,Renault Kiger,2019,9.75,2.61,55130,Petrol,Dealer,Manual,0,1197,23.4,Gurugram,Silver,7
1218,Maruti Dzire,2021,9.86,4.15,46830,Petrol,Individual,Manual,2,1597,20.0,Bengaluru,Silver,5
1219,Tata Nexon,2019,11.68,5.21,12148,Petrol,Dealer,Manual,1,998,16.3,Chandigarh,White,7
1220,Maruti Baleno,2014,8.25,0.99,101518,Petrol,Individual,Manual,0,1997,21.0,Gurugram,Red,12
1221,Mahindra XUV700,2015,27.56,3.31,49550,Diesel,Individual,Automatic,0,1997,22.5,Mumbai,Red,11
1222,Hyundai Alcazar,2013,18.68,2.24,114835,Diesel,Individual,Automatic,0,1497,21.7,Chennai,Silver,13
1223,Renault Kiger,2021,8.38,3.46,43248,Petrol,Individual,Manual,3,2179,23.4,Hyderabad,Blue,5
1224,Ford EcoSport,2020,8.42,1.43,85539,Diesel,Individual,Manual,1,1197,21.0,Amritsar,Blue,6
1225,Mahindra XUV700,2022,25.38,15.42,15597,Diesel,Dealer,Automatic,2,1497,23.8,Mohali,Brown,4
1226,Maruti Swift,2025,8.65,7.71,2500,Petrol,Dealer,Manual,1,1197,20.2,Amritsar,Silver,1
1227,Honda City,2014,15.04,1.8,89481,Petrol,Dealer,Manual,0,2179,21.8,Chennai,Blue,12
1228,Hyundai i20,2023,8.33,5.87,8912,Petrol,Individual,Manual,1,998,13.7,Bengaluru,Silver,3
1229,Honda Elevate,2022,17.61,11.07,30118,Petrol,Dealer,Manual,0,1197,18.4,Mumbai,Brown,4
1230,Tata Safari,2025,23.2,20.12,7308,Diesel,Individual,Automatic,1,1597,16.7,Chennai,White,1
1231,Toyota Innova Crysta,2014,27.09,3.25,96741,Diesel,Individual,Manual,0,1197,13.9,Hyderabad,Blue,12
1232,Honda Elevate,2016,17.84,2.14,73750,Petrol,Individual,Manual,2,998,15.5,Lucknow,Red,10
1233,Maruti Ciaz,2013,12.25,1.47,124543,Petrol,Dealer,Manual,1,799,24.9,Bengaluru,Black,13
1234,Skoda Rapid,2018,10.62,1.46,82111,Diesel,Dealer,Manual,0,2179,22.7,Kolkata,Silver,8
1235,Hyundai i20,2017,9.37,1.12,68994,Petrol,Dealer,Manual,0,2393,25.4,Pune,Blue,9
1236,Volkswagen Polo,2017,7.24,0.87,55829,Petrol,Dealer,Manual,0,2755,20.2,Amritsar,Silver,9
1237,Maruti Swift,2020,9.1,2.77,64340,Petrol,Dealer,Manual,1,1497,14.1,Chandigarh,Silver,6
1238,Maruti Ciaz,2012,10.93,1.31,133461,Petrol,Individual,Manual,0,1498,20.0,Lucknow,Brown,14
1239,Hyundai Alcazar,2013,23.02,2.76,102455,Diesel,Dealer,Automatic,0,1197,15.3,Chandigarh,Brown,13
1240,Honda Amaze,2017,9.36,1.12,83868,Petrol,Dealer,Manual,0,1956,25.3,Kolkata,Brown,9
1241,Hyundai Creta,2023,16.65,10.76,33768,Diesel,Dealer,Manual,0,1498,19.4,Pune,Red,3
1242,Maruti Swift,2014,9.07,1.09,103636,Petrol,Dealer,Manual,1,1997,15.2,Bengaluru,Brown,12
1243,Hyundai Creta,2023,15.24,9.86,29940,Diesel,Individual,Manual,2,1497,22.3,Kolkata,White,3
1244,Tata Harrier,2024,19.73,14.77,40152,Diesel,Individual,Manual,0,1956,20.6,Mumbai,Silver,2
1245,Kia Seltos,2012,17.44,2.09,70909,Diesel,Dealer,Manual,0,1956,22.6,Chandigarh,Blue,14
1246,Maruti Ciaz,2023,10.31,6.53,33686,Petrol,Individual,Manual,0,1199,16.4,Jaipur,Silver,3
1247,Hyundai i20,2023,9.77,5.88,66822,Petrol,Individual,Manual,0,1597,12.7,Pune,Black,3
1248,Kia Sonet,2020,12.6,3.48,78715,Petrol,Dealer,Manual,1,1498,19.6,Chandigarh,Blue,6
1249,Kia Sonet,2023,12.09,9.55,2630,Petrol,Individual,Manual,0,799,12.5,Gurugram,Grey,3
1250,Maruti Wagon R,2012,6.21,0.75,91943,Petrol,Individual,Manual,0,2393,24.8,Kolkata,White,14
1251,Maruti Wagon R,2014,5.83,0.7,90253,Petrol,Individual,Manual,0,1997,16.6,Ludhiana,Blue,12
1252,Ford EcoSport,2021,9.34,4.27,50099,Diesel,Dealer,Manual,0,799,18.7,Ludhiana,Brown,5
1253,Hyundai Venue,2019,12.01,3.39,47300,Petrol,Dealer,Manual,0,2755,15.7,Hyderabad,Brown,7
1254,Renault Kiger,2015,8.91,1.07,94223,Petrol,Dealer,Manual,1,1197,17.4,Lucknow,Red,11
1255,Tata Harrier,2013,21.98,2.64,116503,Diesel,Individual,Manual,0,1197,13.5,Kolkata,Grey,13
1256,Toyota Fortuner,2018,45.11,6.23,88954,Diesel,Individual,Automatic,0,1997,16.7,Mumbai,Brown,8
1257,Mahindra Bolero,2022,9.74,4.44,51256,Diesel,Dealer,Manual,1,1597,18.7,Ludhiana,Black,4
1258,Jeep Compass,2021,23.94,9.65,43904,Diesel,Dealer,Automatic,1,1997,20.2,Mohali,Grey,5
1259,Renault Kiger,2020,9.94,2.94,71018,Petrol,Dealer,Manual,0,799,14.2,Bengaluru,Grey,6
1260,Kia Seltos,2025,17.46,14.52,25542,Diesel,Dealer,Manual,1,1997,18.8,Delhi,Black,1
1261,Tata Safari,2019,22.61,4.42,75888,Diesel,Individual,Automatic,0,2179,25.0,Kolkata,White,7
1262,Renault Kiger,2018,8.81,1.06,97628,Petrol,Dealer,Manual,1,799,19.1,Noida,Black,8
1263,Skoda Rapid,2023,9.31,5.28,38424,Diesel,Dealer,Manual,1,1197,23.9,Pune,Grey,3
1264,Hyundai Venue,2013,11.9,1.43,116475,Petrol,Dealer,Manual,1,1497,14.0,Gurugram,Red,13
1265,Jeep Compass,2012,24.3,2.92,155555,Diesel,Individual,Automatic,0,998,12.9,Kolkata,Brown,14
1266,Skoda Rapid,2023,10.28,7.46,9225,Diesel,Individual,Manual,0,1597,14.1,Ludhiana,Grey,3
1267,Renault Kiger,2021,7.95,3.1,73590,Petrol,Dealer,Manual,0,1199,22.6,Pune,Black,5
1268,Mahindra Scorpio,2022,22.35,13.01,29713,Diesel,Dealer,Manual,0,2393,22.3,Mumbai,Red,4
1269,Tata Punch,2014,8.38,1.01,76586,Petrol,Dealer,Manual,0,1199,18.1,Pune,Grey,12
1270,Toyota Fortuner,2013,38.09,4.57,117542,Diesel,Dealer,Automatic,0,998,17.2,Hyderabad,Brown,13
1271,Tata Altroz,2014,9.43,1.13,88370,Petrol,Dealer,Manual,0,1197,19.0,Bengaluru,Black,12
1272,Volkswagen Polo,2017,7.64,0.92,92415,Petrol,Individual,Manual,0,2755,21.7,Noida,Grey,9
1273,Hyundai Venue,2016,11.64,1.4,57545,Petrol,Individual,Manual,3,1197,17.4,Gurugram,Blue,10
1274,Skoda Slavia,2020,18.44,5.28,33026,Petrol,Individual,Automatic,3,1597,20.5,Delhi,Red,6
1275,Hyundai Verna,2014,13.88,1.67,92420,Petrol,Individual,Manual,2,1497,20.3,Chennai,Blue,12
1276,Maruti Baleno,2016,9.75,1.17,73989,Petrol,Dealer,Manual,0,1497,19.3,Bengaluru,Red,10
1277,Tata Altroz,2015,9.23,1.11,98542,Petrol,Individual,Manual,1,2179,13.4,Hyderabad,Blue,11
1278,Kia Sonet,2024,12.59,9.0,44562,Petrol,Dealer,Manual,0,1199,20.3,Mumbai,Brown,2
1279,Hyundai i20,2016,9.61,1.15,102966,Petrol,Individual,Manual,1,1497,21.1,Gurugram,Brown,10
1280,Hyundai Verna,2015,13.6,1.63,85026,Petrol,Dealer,Manual,2,2393,23.0,Noida,White,11
1281,Tata Tiago,2024,6.8,5.35,18150,Petrol,Dealer,Manual,0,1497,13.2,Bengaluru,Silver,2
1282,Mahindra Scorpio,2015,18.03,2.16,122973,Diesel,Individual,Manual,0,2179,17.3,Gurugram,Silver,11
1283,Honda Elevate,2021,15.91,9.54,7177,Petrol,Individual,Manual,0,799,15.7,Kolkata,Grey,5
1284,Jeep Compass,2015,23.41,2.81,117353,Diesel,Individual,Automatic,0,1498,24.0,Chandigarh,Grey,11
1285,Maruti Ciaz,2017,12.11,1.45,86873,Petrol,Dealer,Manual,1,1597,23.8,Pune,Red,9
1286,Kia Seltos,2020,16.75,7.05,30445,Diesel,Individual,Manual,0,1498,15.9,Jaipur,Red,6
1287,Mahindra Scorpio,2024,21.18,16.88,13011,Diesel,Dealer,Manual,0,1956,17.6,Jaipur,Red,2
1288,Nissan Magnite,2021,8.45,2.62,70976,Petrol,Dealer,Manual,3,1956,13.2,Lucknow,Red,5
1289,Renault Kwid,2021,5.51,3.0,20254,Petrol,Dealer,Manual,0,1197,23.4,Lucknow,Black,5
1290,Mahindra XUV700,2021,28.09,11.96,33984,Diesel,Individual,Automatic,1,1498,16.7,Gurugram,Silver,5
1291,Nissan Magnite,2019,9.83,2.24,65322,Petrol,Dealer,Manual,0,1498,14.0,Mohali,Silver,7
1292,Volkswagen Virtus,2018,16.84,3.53,62162,Petrol,Individual,Automatic,0,2393,21.2,Amritsar,Blue,8
1293,Toyota Innova Crysta,2021,23.7,8.0,76442,Diesel,Individual,Manual,1,1199,17.3,Noida,Red,5
1294,Tata Tiago,2020,7.5,2.5,60376,Petrol,Dealer,Manual,0,2393,14.4,Mumbai,Blue,6
1295,Toyota Innova Crysta,2025,22.43,19.11,2500,Diesel,Dealer,Manual,1,1498,13.5,Gurugram,Black,1
1296,Hyundai Alcazar,2021,19.01,9.15,54656,Diesel,Dealer,Automatic,0,1197,21.9,Jaipur,White,5
1297,Hyundai Grand i10,2013,6.55,0.79,95268,Petrol,Individual,Manual,0,998,18.3,Jaipur,Silver,13
1298,Tata Nexon,2014,11.49,1.38,100345,Petrol,Dealer,Manual,1,1956,13.3,Noida,Black,12
1299,Maruti Baleno,2012,8.73,1.05,115346,Petrol,Individual,Manual,1,1199,23.3,Bengaluru,Red,14
1300,Toyota Fortuner,2019,44.37,18.14,11750,Diesel,Dealer,Automatic,1,2755,15.7,Bengaluru,Red,7
1301,Maruti Ertiga,2012,11.28,1.35,121837,Petrol,Individual,Manual,1,1498,18.3,Hyderabad,Blue,14
1302,Nissan Magnite,2016,9.09,1.09,56127,Petrol,Dealer,Manual,0,1597,15.4,Bengaluru,Grey,10
1303,Hyundai Alcazar,2012,20.06,2.41,67742,Diesel,Dealer,Automatic,0,1497,18.6,Bengaluru,Blue,14
1304,Hyundai Creta,2022,15.61,9.84,5985,Diesel,Dealer,Manual,0,1497,22.3,Chandigarh,Red,4
1305,Tata Safari,2024,21.0,14.28,19278,Diesel,Dealer,Automatic,1,1199,12.7,Delhi,Brown,2
1306,Maruti Dzire,2025,10.08,9.01,14707,Petrol,Dealer,Manual,0,1199,23.5,Chennai,White,1
1307,Tata Punch,2013,8.38,1.01,116364,Petrol,Individual,Manual,0,2755,19.5,Mumbai,Blue,13
1308,Hyundai Verna,2013,14.82,1.78,105379,Petrol,Dealer,Manual,0,1199,14.0,Mumbai,White,13
1309,Maruti Alto,2018,4.5,1.29,35087,Petrol,Individual,Manual,0,1498,14.8,Mumbai,Silver,8
1310,Ford EcoSport,2025,10.31,9.39,2500,Diesel,Individual,Manual,0,1197,13.9,Bengaluru,Black,1
1311,Maruti Ciaz,2016,10.33,1.24,89195,Petrol,Dealer,Manual,1,1997,17.0,Amritsar,White,10
1312,Ford EcoSport,2016,10.56,1.27,117196,Diesel,Dealer,Manual,0,1997,22.7,Pune,Black,10
1313,Honda City,2021,13.8,6.27,38613,Petrol,Dealer,Manual,1,799,19.0,Chandigarh,Silver,5
1314,Jeep Compass,2023,23.43,14.87,2500,Diesel,Dealer,Automatic,2,1497,24.0,Pune,Black,3
1315,Maruti Fronx,2023,11.12,6.5,43469,Petrol,Individual,Manual,1,1199,19.5,Kolkata,Blue,3
1316,Hyundai Grand i10,2021,7.62,3.96,29580,Petrol,Dealer,Manual,1,1498,18.8,Amritsar,Blue,5
1317,Maruti Dzire,2025,9.14,7.83,12952,Petrol,Dealer,Manual,1,2393,16.4,Kolkata,Grey,1
1318,Mahindra XUV700,2023,28.4,14.17,58919,Diesel,Dealer,Automatic,1,2179,19.2,Hyderabad,Grey,3
1319,Hyundai Venue,2020,11.84,5.55,31221,Petrol,Individual,Manual,0,1956,13.2,Delhi,Grey,6
1320,Jeep Compass,2016,27.68,3.32,71810,Diesel,Dealer,Automatic,0,1597,16.6,Chandigarh,Black,10
1321,Renault Kwid,2016,5.44,0.65,74737,Petrol,Individual,Manual,1,799,13.5,Lucknow,White,10
1322,Toyota Innova Crysta,2016,22.46,2.7,95616,Diesel,Dealer,Manual,0,1956,23.5,Hyderabad,Silver,10
1323,Tata Harrier,2015,22.11,2.65,114379,Diesel,Individual,Manual,0,799,17.2,Noida,Silver,11
1324,Tata Safari,2021,22.3,11.76,39055,Diesel,Individual,Automatic,0,1199,23.0,Delhi,Silver,5
1325,Tata Punch,2014,9.57,1.15,104807,Petrol,Individual,Manual,1,1497,16.3,Gurugram,Grey,12
1326,MG Hector,2017,18.19,2.18,84103,Petrol,Individual,Automatic,1,1199,19.4,Amritsar,Brown,9
1327,Volkswagen Polo,2018,8.07,1.57,50277,Petrol,Dealer,Manual,0,1597,21.1,Chandigarh,White,8
1328,Honda Elevate,2012,14.76,1.77,156604,Petrol,Dealer,Manual,3,2755,20.7,Kolkata,Red,14
1329,Honda Elevate,2017,15.51,1.86,76823,Petrol,Dealer,Manual,2,1498,13.9,Amritsar,Silver,9
1330,MG Hector,2022,22.08,13.36,26530,Petrol,Dealer,Automatic,1,2179,15.1,Pune,White,4
1331,Mahindra XUV700,2023,26.88,20.65,2500,Diesel,Individual,Automatic,0,998,24.8,Ludhiana,Grey,3
1332,Nissan Magnite,2014,9.56,1.15,81954,Petrol,Individual,Manual,0,1197,13.3,Gurugram,Silver,12
1333,Maruti Brezza,2012,11.64,1.4,93405,Petrol,Individual,Manual,3,1956,22.2,Mumbai,Red,14
1334,Tata Safari,2024,22.09,18.45,2500,Diesel,Dealer,Automatic,0,2179,23.3,Lucknow,White,2
1335,Hyundai Creta,2012,17.17,2.06,117104,Diesel,Dealer,Manual,0,1199,16.5,Ludhiana,Red,14
1336,Renault Kwid,2018,4.6,0.55,82107,Petrol,Dealer,Manual,0,799,16.9,Jaipur,Brown,8
1337,Hyundai Alcazar,2013,22.8,2.74,122056,Diesel,Dealer,Automatic,1,998,17.6,Kolkata,Blue,13
1338,Maruti Brezza,2018,13.15,2.33,51477,Petrol,Dealer,Manual,0,2179,20.2,Noida,Black,8
1339,Tata Safari,2014,25.35,3.04,71642,Diesel,Dealer,Automatic,0,1199,20.7,Kolkata,Blue,12
1340,Renault Kwid,2018,5.23,0.63,73709,Petrol,Dealer,Manual,1,998,19.6,Ludhiana,Brown,8
1341,Mahindra Thar,2018,17.22,4.15,24952,Diesel,Dealer,Manual,1,1497,20.5,Kolkata,Blue,8
1342,Maruti Dzire,2023,8.43,5.35,20077,Petrol,Individual,Manual,1,1497,23.5,Gurugram,Red,3
1343,Maruti Swift,2023,9.12,6.72,22225,Petrol,Dealer,Manual,0,1997,16.3,Hyderabad,White,3
1344,Honda City,2014,16.5,1.98,82034,Petrol,Dealer,Manual,1,1597,18.8,Lucknow,White,12
1345,Mahindra Thar,2022,16.85,8.99,39295,Diesel,Dealer,Manual,1,2179,12.4,Jaipur,Grey,4
1346,Renault Kiger,2014,8.81,1.06,76046,Petrol,Individual,Manual,0,1956,15.2,Jaipur,Grey,12
1347,Maruti Swift,2021,8.07,3.83,39497,Petrol,Dealer,Manual,0,1997,14.8,Delhi,Blue,5
1348,Tata Safari,2012,23.45,2.81,97683,Diesel,Individual,Automatic,1,799,17.4,Gurugram,Silver,14
1349,Honda Amaze,2012,8.49,1.02,115312,Petrol,Individual,Manual,0,998,14.9,Amritsar,Brown,14
1350,Toyota Innova Crysta,2018,23.73,4.47,62509,Diesel,Individual,Manual,0,1956,14.5,Mumbai,Silver,8
1351,Jeep Compass,2014,23.71,2.84,77617,Diesel,Individual,Automatic,0,998,16.4,Noida,Grey,12
1352,Kia Seltos,2014,16.98,2.04,108207,Diesel,Dealer,Manual,1,2393,16.8,Gurugram,Blue,12
1353,Tata Altroz,2016,9.07,1.09,97349,Petrol,Dealer,Manual,1,799,15.2,Lucknow,Silver,10
1354,Renault Kwid,2014,4.66,0.56,75066,Petrol,Individual,Manual,3,2179,19.0,Ludhiana,Red,12
1355,Tata Punch,2012,8.22,0.99,122411,Petrol,Dealer,Manual,1,2393,12.3,Delhi,Red,14
1356,Tata Nexon,2016,12.52,1.5,84033,Petrol,Dealer,Manual,0,998,19.6,Chennai,White,10
1357,Renault Kiger,2022,9.72,7.03,4676,Petrol,Dealer,Manual,1,1997,20.8,Mumbai,Silver,4
1358,Maruti Ciaz,2024,12.66,8.34,26271,Petrol,Dealer,Manual,1,1956,22.5,Ludhiana,Red,2
1359,Maruti Brezza,2016,12.62,1.51,69928,Petrol,Individual,Manual,0,1956,17.9,Mohali,Black,10
1360,Mahindra Scorpio,2012,18.23,2.19,115519,Diesel,Dealer,Manual,2,1199,13.4,Amritsar,Red,14
1361,Tata Altroz,2016,9.33,1.12,61133,Petrol,Dealer,Manual,0,1199,24.1,Delhi,Grey,10
1362,Jeep Compass,2021,24.4,11.96,44241,Diesel,Dealer,Automatic,1,998,23.6,Lucknow,White,5
1363,Tata Harrier,2013,20.52,2.46,114745,Diesel,Dealer,Manual,1,799,16.2,Amritsar,Grey,13
1364,Nissan Magnite,2022,9.11,4.61,66810,Petrol,Dealer,Manual,0,2755,14.4,Chandigarh,Grey,4
1365,Renault Kwid,2018,4.81,1.3,55653,Petrol,Individual,Manual,0,799,15.6,Pune,Brown,8
1366,Honda City,2018,16.5,2.44,62723,Petrol,Individual,Manual,2,799,13.9,Pune,Red,8
1367,Maruti Wagon R,2020,5.83,1.71,61393,Petrol,Dealer,Manual,2,1199,21.6,Delhi,Silver,6
1368,Hyundai Grand i10,2024,6.82,5.09,16260,Petrol,Dealer,Manual,1,1956,19.0,Kolkata,White,2
1369,Mahindra Bolero,2024,9.7,6.1,48962,Diesel,Dealer,Manual,1,2179,14.8,Mumbai,Black,2
1370,Mahindra Scorpio,2019,21.89,6.23,55858,Diesel,Individual,Manual,1,1597,20.0,Bengaluru,Grey,7
1371,Mahindra Scorpio,2024,17.73,11.92,50360,Diesel,Dealer,Manual,0,1956,20.0,Pune,White,2
1372,Volkswagen Virtus,2025,15.73,13.69,2500,Petrol,Dealer,Automatic,0,998,18.0,Pune,White,1
1373,Kia Sonet,2018,13.08,1.57,70699,Petrol,Individual,Manual,0,998,23.7,Delhi,Blue,8
1374,Tata Tiago,2013,6.9,0.83,111558,Petrol,Dealer,Manual,0,1197,15.2,Lucknow,Blue,13
1375,Maruti Ertiga,2025,12.37,10.91,4993,Petrol,Individual,Manual,0,2755,22.6,Jaipur,White,1
1376,Hyundai Alcazar,2014,22.56,2.71,113800,Diesel,Dealer,Automatic,0,998,19.4,Delhi,Blue,12
1377,Jeep Compass,2013,27.74,3.33,99134,Diesel,Dealer,Automatic,0,2393,18.3,Jaipur,Brown,13
1378,Maruti Baleno,2014,8.83,1.06,125796,Petrol,Individual,Manual,0,2755,25.4,Mohali,Silver,12
1379,Kia Sonet,2023,13.62,8.7,38134,Petrol,Dealer,Manual,0,2179,18.3,Chennai,Black,3
1380,Maruti Wagon R,2014,5.78,0.69,93782,Petrol,Individual,Manual,1,1197,24.1,Chennai,White,12
1381,Skoda Slavia,2012,16.61,1.99,136961,Petrol,Dealer,Automatic,2,1197,13.2,Bengaluru,Grey,14
1382,Tata Nexon,2025,13.27,11.38,42344,Petrol,Dealer,Manual,0,1956,15.4,Delhi,Brown,1
1383,Honda Amaze,2014,10.01,1.2,65796,Petrol,Individual,Manual,1,1956,18.5,Mohali,Silver,12
1384,Tata Safari,2024,21.8,16.22,17266,Diesel,Dealer,Automatic,1,998,24.2,Chandigarh,Grey,2
1385,Jeep Compass,2023,23.81,14.01,38407,Diesel,Dealer,Automatic,1,1498,19.7,Ludhiana,Silver,3
1386,Tata Tiago,2012,6.71,0.8,106193,Petrol,Dealer,Manual,1,1956,24.0,Jaipur,Silver,14
1387,Tata Nexon,2023,10.97,5.97,68419,Petrol,Dealer,Manual,0,1498,13.5,Mohali,Grey,3
1388,Nissan Magnite,2015,8.18,0.98,69379,Petrol,Dealer,Manual,0,1956,14.5,Kolkata,Grey,11
1389,Tata Nexon,2019,11.93,2.45,112005,Petrol,Dealer,Manual,1,2393,18.9,Gurugram,Red,7
1390,Hyundai Alcazar,2022,20.68,13.26,13077,Diesel,Dealer,Automatic,0,799,21.2,Mumbai,Black,4
1391,Hyundai Grand i10,2012,7.46,0.89,159335,Petrol,Dealer,Manual,3,1597,13.0,Gurugram,Black,14
1392,Maruti Baleno,2025,8.27,6.71,18574,Petrol,Dealer,Manual,0,1497,23.6,Jaipur,Red,1
1393,Maruti Ertiga,2020,11.45,3.05,48307,Petrol,Dealer,Manual,3,1997,24.0,Ludhiana,Grey,6
1394,Honda City,2013,14.97,1.8,107461,Petrol,Dealer,Manual,1,1956,22.7,Kolkata,Red,13
1395,Toyota Innova Crysta,2012,24.33,2.92,99916,Diesel,Dealer,Manual,1,799,16.6,Hyderabad,Blue,14
1396,Hyundai Alcazar,2015,22.69,2.72,132933,Diesel,Dealer,Automatic,1,1498,25.2,Lucknow,Brown,11
1397,Mahindra Thar,2024,16.86,13.75,2500,Diesel,Dealer,Manual,0,2393,13.1,Pune,Black,2
1398,Mahindra Scorpio,2016,19.13,2.3,68835,Diesel,Individual,Manual,2,1997,16.6,Lucknow,Red,10
1399,Volkswagen Virtus,2012,15.48,1.86,95754,Petrol,Individual,Automatic,2,2393,15.7,Noida,Black,14
1400,Mahindra Bolero,2018,9.46,1.14,62793,Diesel,Individual,Manual,3,2393,13.1,Kolkata,Grey,8
1401,Jeep Compass,2012,28.03,3.36,95310,Diesel,Dealer,Automatic,2,1597,23.1,Mumbai,Black,14
1402,Volkswagen Polo,2012,8.13,0.98,82254,Petrol,Dealer,Manual,1,2755,14.6,Noida,Red,14
1403,Maruti Baleno,2013,9.92,1.19,121651,Petrol,Individual,Manual,2,1197,14.8,Chandigarh,Grey,13
1404,Jeep Compass,2021,27.39,12.65,27564,Diesel,Dealer,Automatic,1,1997,13.1,Chandigarh,Brown,5
1405,Hyundai Grand i10,2023,7.66,4.72,37797,Petrol,Dealer,Manual,0,998,22.9,Hyderabad,Blue,3
1406,Kia Sonet,2017,11.82,1.42,78603,Petrol,Individual,Manual,0,2393,19.1,Gurugram,Red,9
1407,Maruti Swift,2013,9.09,1.09,86116,Petrol,Dealer,Manual,1,2179,14.5,Mohali,Grey,13
1408,Mahindra Scorpio,2025,18.5,11.83,51239,Diesel,Dealer,Manual,2,2755,13.9,Lucknow,Black,1
1409,Toyota Innova Crysta,2018,23.33,2.8,130201,Diesel,Dealer,Manual,1,1997,22.2,Chennai,Silver,8
1410,Maruti Swift,2023,7.49,4.89,25404,Petrol,Individual,Manual,1,1197,14.0,Kolkata,Red,3
1411,Tata Harrier,2022,21.21,10.73,54110,Diesel,Individual,Manual,0,2393,23.0,Noida,Grey,4
1412,Toyota Fortuner,2019,40.83,13.57,50136,Diesel,Dealer,Automatic,0,2393,20.3,Ludhiana,Black,7
1413,Hyundai Alcazar,2024,20.06,14.43,42563,Diesel,Dealer,Automatic,0,2179,15.6,Chandigarh,Silver,2
1414,Maruti Brezza,2023,13.05,7.51,56048,Petrol,Dealer,Manual,1,1997,14.8,Chandigarh,Blue,3
1415,Kia Seltos,2024,16.55,12.66,13057,Diesel,Dealer,Manual,2,1597,17.0,Chandigarh,Silver,2
1416,Honda Elevate,2020,16.06,4.16,70554,Petrol,Individual,Manual,1,1956,19.1,Mohali,Black,6
1417,Tata Tiago,2019,7.43,1.69,62540,Petrol,Dealer,Manual,1,1197,19.1,Pune,White,7
1418,Honda City,2025,14.7,12.03,30162,Petrol,Dealer,Manual,0,998,20.5,Delhi,White,1
1419,Mahindra XUV700,2016,27.12,3.25,84551,Diesel,Individual,Automatic,0,998,14.5,Jaipur,Brown,10
1420,Honda Amaze,2020,9.07,3.6,43249,Petrol,Dealer,Manual,0,1597,17.8,Noida,Red,6
1421,Honda Amaze,2022,8.64,5.33,27651,Petrol,Individual,Manual,0,1997,22.0,Kolkata,White,4
1422,Kia Sonet,2021,12.96,7.59,2500,Petrol,Individual,Manual,1,799,15.0,Pune,Grey,5
1423,Maruti Brezza,2022,12.0,6.97,32612,Petrol,Individual,Manual,1,2179,20.1,Mumbai,Black,4
1424,Ford EcoSport,2025,8.38,7.09,11397,Diesel,Dealer,Manual,1,1597,17.1,Lucknow,Black,1
1425,Maruti Ciaz,2025,11.29,9.83,35610,Petrol,Dealer,Manual,0,1497,23.6,Lucknow,Grey,1
1426,Maruti Dzire,2013,8.36,1.0,50896,Petrol,Dealer,Manual,1,2393,20.1,Amritsar,Silver,13
1427,Mahindra Bolero,2025,9.05,6.56,35414,Diesel,Individual,Manual,3,1498,16.5,Ludhiana,White,1
1428,Tata Harrier,2025,18.64,15.49,29252,Diesel,Individual,Manual,0,1497,16.7,Hyderabad,Red,1
1429,Toyota Innova Crysta,2021,22.47,7.41,75286,Diesel,Dealer,Manual,0,1197,18.6,Chandigarh,Black,5
1430,Maruti Alto,2017,4.33,0.55,99317,Petrol,Dealer,Manual,0,2179,14.1,Chandigarh,White,9
1431,Maruti Fronx,2025,10.21,8.02,22813,Petrol,Individual,Manual,1,1956,21.1,Jaipur,Red,1
1432,Tata Punch,2016,9.03,1.09,54036,Petrol,Dealer,Manual,1,2179,25.0,Chennai,Blue,10
1433,Maruti Ertiga,2019,12.51,3.93,54681,Petrol,Dealer,Manual,0,1956,15.7,Chandigarh,Blue,7
1434,Hyundai Alcazar,2016,24.06,2.89,57158,Diesel,Individual,Automatic,0,1956,14.0,Noida,White,10
1435,Jeep Compass,2024,23.24,19.64,3354,Diesel,Dealer,Automatic,0,998,16.3,Kolkata,White,2
1436,Hyundai i20,2023,7.95,5.71,2500,Petrol,Individual,Manual,0,1197,21.8,Mohali,Black,3
1437,Maruti Swift,2021,7.36,3.56,54475,Petrol,Dealer,Manual,0,1197,22.1,Chandigarh,Blue,5
1438,Hyundai i20,2024,9.5,7.42,18097,Petrol,Dealer,Manual,0,1199,21.1,Lucknow,Brown,2
1439,Kia Seltos,2020,18.36,5.85,61072,Diesel,Dealer,Manual,0,799,18.3,Chandigarh,Blue,6
1440,Mahindra Thar,2017,15.88,1.91,67637,Diesel,Dealer,Manual,1,998,19.6,Hyderabad,Grey,9
1441,Renault Kiger,2022,9.81,4.32,94647,Petrol,Individual,Manual,0,1956,20.6,Kolkata,White,4
1442,Tata Safari,2021,25.96,9.7,57890,Diesel,Individual,Automatic,1,2179,21.0,Mumbai,Black,5
1443,Tata Nexon,2013,11.58,1.39,121113,Petrol,Individual,Manual,0,1497,14.3,Jaipur,Black,13
1444,Hyundai Venue,2015,13.08,1.57,92952,Petrol,Dealer,Manual,1,1199,16.3,Chennai,Grey,11
1445,Mahindra Thar,2021,15.48,10.41,4417,Diesel,Individual,Manual,0,799,12.2,Gurugram,Grey,5
1446,Kia Seltos,2021,17.77,5.92,86558,Diesel,Individual,Manual,0,799,21.8,Pune,Blue,5
1447,Hyundai Alcazar,2012,22.74,2.73,122078,Diesel,Dealer,Automatic,0,2393,23.7,Delhi,Grey,14
1448,Honda Elevate,2022,16.77,10.06,40322,Petrol,Dealer,Manual,0,2393,18.6,Pune,White,4
1449,Volkswagen Virtus,2025,17.46,12.63,76225,Petrol,Dealer,Automatic,0,1498,16.3,Jaipur,Blue,1
1450,Skoda Slavia,2013,19.06,2.29,133596,Petrol,Dealer,Automatic,1,1597,22.9,Amritsar,Blue,13
1451,Maruti Fronx,2014,10.85,1.3,96132,Petrol,Dealer,Manual,1,2755,13.3,Ludhiana,White,12
1452,Kia Sonet,2024,11.29,7.72,33335,Petrol,Dealer,Manual,2,998,23.2,Mohali,Black,2
1453,Renault Kwid,2018,5.48,0.88,71062,Petrol,Dealer,Manual,1,1597,12.8,Amritsar,Silver,8
1454,Mahindra Scorpio,2021,20.18,12.45,2500,Diesel,Dealer,Manual,0,1597,18.8,Chandigarh,Grey,5
1455,Ford EcoSport,2019,9.93,2.31,43816,Diesel,Dealer,Manual,2,1956,18.1,Jaipur,Red,7
1456,Hyundai Alcazar,2012,22.02,2.64,100142,Diesel,Dealer,Automatic,0,1497,21.4,Ludhiana,White,14
1457,Tata Punch,2013,9.39,1.13,104270,Petrol,Dealer,Manual,1,2179,24.0,Kolkata,Blue,13
1458,Maruti Fronx,2016,10.91,1.31,106803,Petrol,Dealer,Manual,1,1197,12.7,Noida,Grey,10
1459,Tata Safari,2024,21.83,14.03,49898,Diesel,Individual,Automatic,3,1597,14.1,Gurugram,Blue,2
1460,Maruti Alto,2014,4.51,0.55,100890,Petrol,Dealer,Manual,3,1199,25.3,Ludhiana,Brown,12
1461,Mahindra Bolero,2015,8.93,1.07,63228,Diesel,Dealer,Manual,0,1498,13.2,Chennai,Brown,11
1462,Maruti Alto,2014,4.65,0.56,118949,Petrol,Dealer,Manual,0,2755,17.5,Lucknow,Silver,12
1463,Skoda Slavia,2022,16.66,9.09,42139,Petrol,Individual,Automatic,2,2393,18.1,Delhi,Silver,4
1464,Tata Tiago,2018,6.77,1.92,37795,Petrol,Individual,Manual,0,1997,20.7,Chennai,Silver,8
1465,Tata Punch,2019,8.03,1.83,66550,Petrol,Dealer,Manual,0,1199,22.4,Kolkata,Red,7
1466,Hyundai Venue,2012,10.79,1.29,98819,Petrol,Dealer,Manual,1,998,13.6,Bengaluru,Silver,14
1467,Honda Amaze,2023,9.29,5.76,36973,Petrol,Dealer,Manual,0,2179,23.2,Jaipur,Red,3
1468,Maruti Ertiga,2020,10.23,3.84,45018,Petrol,Individual,Manual,0,2755,21.5,Chennai,Red,6
1469,Hyundai Venue,2019,11.28,1.85,90761,Petrol,Individual,Manual,0,998,24.0,Jaipur,Grey,7
1470,Nissan Magnite,2024,8.34,6.5,18728,Petrol,Individual,Manual,0,2755,17.0,Amritsar,Brown,2
1471,Maruti Fronx,2015,9.62,1.15,110221,Petrol,Individual,Manual,2,998,25.3,Chennai,Blue,11
1472,Toyota Fortuner,2016,41.15,4.94,53625,Diesel,Individual,Automatic,2,1498,19.0,Ludhiana,Grey,10
1473,Maruti Wagon R,2016,6.7,0.8,65644,Petrol,Dealer,Manual,0,1199,21.1,Delhi,Brown,10
1474,Renault Kiger,2016,9.25,1.11,71563,Petrol,Dealer,Manual,0,1956,15.3,Mohali,Blue,10
1475,Maruti Dzire,2016,8.04,0.96,91910,Petrol,Individual,Manual,1,1956,12.2,Chennai,Black,10
1476,Mahindra XUV700,2020,22.92,6.1,67123,Diesel,Dealer,Automatic,2,1997,23.4,Chandigarh,Silver,6
1477,Maruti Wagon R,2015,5.73,0.69,91062,Petrol,Individual,Manual,0,1498,21.8,Pune,Red,11
1478,Tata Punch,2020,8.87,4.68,6044,Petrol,Dealer,Manual,0,2393,21.7,Hyderabad,Silver,6
1479,Honda City,2025,15.55,11.73,50557,Petrol,Individual,Manual,0,1997,24.4,Gurugram,Red,1
1480,Maruti Ertiga,2025,11.93,9.28,42945,Petrol,Dealer,Manual,0,2393,19.7,Pune,Blue,1
1481,Maruti Baleno,2012,8.01,0.96,115566,Petrol,Dealer,Manual,3,1597,20.9,Mohali,Blue,14
1482,Tata Nexon,2019,11.32,2.42,60355,Petrol,Dealer,Manual,1,2755,21.2,Delhi,Black,7
1483,Kia Sonet,2017,11.5,1.38,106493,Petrol,Individual,Manual,2,1498,13.9,Lucknow,Grey,9
1484,Mahindra Bolero,2024,9.65,7.49,19702,Diesel,Dealer,Manual,0,1497,22.5,Chennai,Black,2
1485,Mahindra Scorpio,2025,19.93,15.96,24219,Diesel,Individual,Manual,0,1597,19.5,Gurugram,Black,1
1486,Maruti Ciaz,2015,11.54,1.38,81039,Petrol,Dealer,Manual,0,1597,20.5,Amritsar,Brown,11
1487,Renault Kwid,2021,4.48,1.94,56887,Petrol,Dealer,Manual,1,2393,25.2,Gurugram,Brown,5
1488,Honda Amaze,2025,8.64,6.19,34044,Petrol,Dealer,Manual,1,998,19.0,Mumbai,Red,1
1489,Renault Kwid,2016,5.24,0.63,70052,Petrol,Individual,Manual,1,1597,17.5,Gurugram,Brown,10
1490,Hyundai Verna,2012,14.97,1.8,148257,Petrol,Individual,Manual,1,1956,21.7,Ludhiana,Blue,14
1491,Hyundai Creta,2025,15.08,13.95,2500,Diesel,Dealer,Manual,0,1956,21.8,Chennai,Grey,1
1492,Ford EcoSport,2015,8.67,1.19,38146,Diesel,Dealer,Manual,0,1199,19.2,Mumbai,Grey,11
1493,Hyundai Grand i10,2022,6.25,3.36,31711,Petrol,Dealer,Manual,2,2179,23.9,Gurugram,White,4
1494,Maruti Wagon R,2015,6.62,0.79,113362,Petrol,Dealer,Manual,0,1956,19.6,Chandigarh,Silver,11
1495,Tata Harrier,2022,21.47,11.03,41846,Diesel,Individual,Manual,1,1597,23.4,Noida,Silver,4
1496,Maruti Dzire,2019,9.09,2.76,41124,Petrol,Individual,Manual,0,2755,12.2,Kolkata,Black,7
1497,Jeep Compass,2025,26.88,24.18,16776,Diesel,Dealer,Automatic,0,1197,25.0,Ludhiana,Grey,1
1498,Maruti Ciaz,2024,11.8,8.84,8162,Petrol,Individual,Manual,2,2179,17.0,Bengaluru,Brown,2
1499,Maruti Ciaz,2024,10.56,8.94,5951,Petrol,Dealer,Manual,0,998,13.7,Delhi,Red,2
1500,Maruti Wagon R,2020,6.13,2.44,45923,Petrol,Individual,Manual,0,998,24.0,Delhi,Blue,6
1501,Tata Nexon,2021,11.74,6.27,25318,Petrol,Dealer,Manual,0,1956,20.0,Chennai,Silver,5
1502,Honda City,2019,15.25,7.03,9167,Petrol,Dealer,Manual,1,1497,12.3,Ludhiana,White,7
1503,Toyota Glanza,2015,9.78,1.17,98054,Petrol,Dealer,Manual,0,998,12.9,Lucknow,Red,11
1504,Hyundai Verna,2020,16.29,2.14,87209,Petrol,Individual,Manual,1,799,18.5,Mohali,Black,6
1505,Honda Elevate,2014,15.83,1.9,66969,Petrol,Individual,Manual,1,2393,24.5,Ludhiana,White,12
1506,Hyundai Creta,2023,18.67,11.22,63748,Diesel,Individual,Manual,0,1597,17.3,Amritsar,White,3
1507,Mahindra XUV700,2020,27.88,7.25,63910,Diesel,Dealer,Automatic,1,799,15.9,Kolkata,Red,6
1508,Honda Amaze,2019,8.55,1.87,59352,Petrol,Dealer,Manual,0,1597,24.2,Kolkata,Red,7
1509,Toyota Innova Crysta,2015,26.82,3.22,67208,Diesel,Dealer,Manual,0,1498,20.5,Kolkata,Black,11
1510,Volkswagen Polo,2013,8.12,0.97,80061,Petrol,Individual,Manual,0,2179,22.0,Noida,Silver,13
1511,Maruti Swift,2019,8.38,2.03,87884,Petrol,Dealer,Manual,0,1497,14.9,Chandigarh,Blue,7
1512,Ford EcoSport,2020,9.31,3.09,74157,Diesel,Dealer,Manual,0,799,14.8,Hyderabad,Red,6
1513,Toyota Innova Crysta,2012,26.45,3.17,126881,Diesel,Individual,Manual,0,2755,24.5,Delhi,Silver,14
1514,Mahindra Thar,2014,15.02,1.8,62685,Diesel,Individual,Manual,0,1199,17.6,Kolkata,Silver,12
1515,Hyundai Venue,2019,10.78,4.65,24003,Petrol,Dealer,Manual,0,2179,17.9,Lucknow,Black,7
1516,Volkswagen Virtus,2015,15.14,1.82,96655,Petrol,Dealer,Automatic,0,2755,19.3,Chandigarh,Silver,11
1517,Jeep Compass,2023,24.81,16.72,29110,Diesel,Dealer,Automatic,0,998,18.1,Kolkata,Black,3
1518,Tata Altroz,2021,8.62,2.79,83206,Petrol,Dealer,Manual,1,1497,21.0,Lucknow,White,5
1519,Hyundai Creta,2023,15.98,9.24,40602,Diesel,Dealer,Manual,2,1497,12.2,Noida,Grey,3
1520,Mahindra Thar,2025,18.81,14.31,21623,Diesel,Individual,Manual,1,1498,13.0,Noida,Black,1
1521,Skoda Rapid,2016,11.01,1.32,60822,Diesel,Dealer,Manual,0,1498,23.9,Chandigarh,Brown,10
1522,Maruti Dzire,2025,9.2,8.92,2500,Petrol,Dealer,Manual,0,1497,16.5,Pune,Brown,1
1523,Tata Safari,2016,24.25,2.91,89502,Diesel,Dealer,Automatic,1,1197,13.4,Mohali,Brown,10
1524,Tata Harrier,2014,17.8,2.14,78762,Diesel,Individual,Manual,1,1956,14.2,Lucknow,White,12
1525,Volkswagen Polo,2021,8.02,4.39,15214,Petrol,Individual,Manual,1,1497,19.2,Chennai,Blue,5
1526,Maruti Baleno,2012,9.17,1.1,107074,Petrol,Individual,Manual,0,1997,24.7,Kolkata,White,14
1527,Ford EcoSport,2012,8.71,1.05,145430,Diesel,Dealer,Manual,1,1498,17.4,Mohali,Black,14
1528,Tata Punch,2024,8.07,5.14,59657,Petrol,Dealer,Manual,0,799,14.7,Hyderabad,White,2
1529,Tata Tiago,2015,7.68,0.92,91009,Petrol,Individual,Manual,1,2393,20.6,Amritsar,White,11
1530,Toyota Fortuner,2012,43.47,5.22,71933,Diesel,Individual,Automatic,0,1497,20.7,Ludhiana,Silver,14
1531,Maruti Baleno,2021,8.57,3.39,73608,Petrol,Dealer,Manual,0,2393,25.1,Chandigarh,White,5
1532,Volkswagen Virtus,2012,17.67,2.12,104602,Petrol,Individual,Automatic,0,1498,23.7,Amritsar,Brown,14
1533,Volkswagen Virtus,2015,15.56,1.87,115551,Petrol,Dealer,Automatic,0,1597,13.2,Hyderabad,Silver,11
1534,Mahindra Scorpio,2024,17.73,15.01,21283,Diesel,Dealer,Manual,0,1497,20.3,Mohali,Brown,2
1535,Hyundai Grand i10,2025,6.8,5.63,2500,Petrol,Dealer,Manual,2,1997,18.3,Jaipur,Brown,1
1536,Mahindra Thar,2015,15.27,1.83,97478,Diesel,Dealer,Manual,0,1956,16.9,Lucknow,Black,11
1537,Kia Seltos,2025,15.64,13.22,2500,Diesel,Individual,Manual,2,1498,18.3,Bengaluru,Brown,1
1538,Volkswagen Virtus,2021,18.42,9.84,34002,Petrol,Dealer,Automatic,0,799,14.0,Chennai,Grey,5
1539,Maruti Swift,2023,8.23,4.91,42712,Petrol,Dealer,Manual,2,2179,12.5,Noida,Red,3
1540,Mahindra XUV700,2012,28.16,3.38,123925,Diesel,Individual,Automatic,0,1956,24.1,Chennai,White,14
1541,Maruti Ertiga,2024,12.67,11.41,2500,Petrol,Individual,Manual,0,2755,13.6,Delhi,Black,2
1542,Toyota Glanza,2019,8.85,1.66,69045,Petrol,Individual,Manual,1,2755,18.6,Ludhiana,Silver,7
1543,Honda City,2012,14.91,1.79,124269,Petrol,Dealer,Manual,1,998,13.7,Noida,Red,14
1544,Tata Tiago,2024,6.67,4.6,44934,Petrol,Dealer,Manual,0,1199,22.1,Lucknow,Grey,2
1545,Maruti Ertiga,2021,11.54,6.73,25150,Petrol,Dealer,Manual,0,2755,22.5,Pune,White,5
1546,Renault Kiger,2012,8.53,1.02,96555,Petrol,Dealer,Manual,0,1497,13.0,Lucknow,Silver,14
1547,Tata Punch,2024,9.05,6.52,30352,Petrol,Dealer,Manual,1,1956,20.6,Chennai,Blue,2
1548,MG Hector,2022,19.91,10.46,37830,Petrol,Individual,Automatic,0,1197,19.4,Bengaluru,Silver,4
1549,Hyundai i20,2012,9.72,1.17,114920,Petrol,Individual,Manual,0,1199,15.6,Lucknow,Brown,14
1550,Maruti Fronx,2020,9.05,1.88,76646,Petrol,Dealer,Manual,2,1199,18.3,Chennai,Red,6
1551,Volkswagen Virtus,2021,16.38,4.65,76963,Petrol,Individual,Automatic,2,1497,22.9,Chennai,Brown,5
1552,Honda Amaze,2014,9.94,1.19,67989,Petrol,Individual,Manual,1,2393,16.9,Delhi,Black,12
1553,Kia Seltos,2014,15.71,1.89,98934,Diesel,Individual,Manual,1,2755,14.1,Lucknow,White,12
1554,Ford EcoSport,2023,9.47,7.07,22533,Diesel,Individual,Manual,0,998,17.1,Amritsar,Blue,3
1555,Toyota Innova Crysta,2013,25.24,3.03,78053,Diesel,Individual,Manual,2,2393,17.3,Lucknow,Red,13
1556,Maruti Alto,2016,4.55,0.55,91165,Petrol,Dealer,Manual,3,1199,24.1,Hyderabad,Blue,10
1557,Hyundai Alcazar,2015,20.91,2.51,82424,Diesel,Dealer,Automatic,2,1199,15.1,Amritsar,White,11
1558,Maruti Dzire,2015,7.95,0.95,106315,Petrol,Dealer,Manual,1,1197,14.2,Gurugram,White,11
1559,Honda City,2015,16.39,1.97,108206,Petrol,Individual,Manual,1,799,14.9,Pune,Black,11
1560,Maruti Brezza,2023,13.74,9.03,8517,Petrol,Dealer,Manual,3,799,14.6,Delhi,White,3
1561,Maruti Brezza,2025,12.18,9.28,41265,Petrol,Dealer,Manual,0,1597,21.5,Gurugram,Grey,1
1562,Tata Harrier,2015,20.81,2.5,83615,Diesel,Dealer,Manual,1,799,13.1,Delhi,Brown,11
1563,Nissan Magnite,2023,8.21,6.06,2500,Petrol,Dealer,Manual,1,1597,12.7,Lucknow,Grey,3
1564,Maruti Alto,2019,4.33,1.3,49464,Petrol,Dealer,Manual,1,1956,14.5,Mumbai,White,7
1565,Mahindra Thar,2016,17.85,2.14,86446,Diesel,Individual,Manual,1,1199,21.4,Mumbai,Grey,10
1566,Mahindra Scorpio,2020,21.91,6.79,68311,Diesel,Individual,Manual,2,1498,18.3,Gurugram,Grey,6
1567,Mahindra Bolero,2012,10.07,1.21,101995,Diesel,Individual,Manual,1,2179,22.8,Gurugram,Silver,14
1568,Tata Punch,2022,9.77,6.1,16055,Petrol,Dealer,Manual,1,799,17.9,Chennai,Grey,4
1569,Hyundai i20,2017,8.67,1.04,100455,Petrol,Individual,Manual,0,1956,13.4,Noida,Blue,9
1570,Hyundai Alcazar,2015,21.79,2.62,69543,Diesel,Individual,Automatic,0,1597,24.6,Chandigarh,Black,11
1571,Tata Safari,2015,23.65,2.84,82367,Diesel,Individual,Automatic,1,1997,23.7,Chennai,Red,11
1572,Toyota Innova Crysta,2014,23.87,2.86,97330,Diesel,Individual,Manual,0,998,18.3,Lucknow,White,12
1573,Hyundai Grand i10,2015,6.55,0.79,111680,Petrol,Individual,Manual,0,1498,24.1,Hyderabad,White,11
1574,Maruti Ciaz,2020,12.41,4.15,54023,Petrol,Individual,Manual,1,2755,16.0,Kolkata,Brown,6
1575,Honda Amaze,2021,9.33,4.14,52239,Petrol,Individual,Manual,1,2179,13.0,Pune,Red,5
1576,Hyundai Grand i10,2017,6.52,0.78,79599,Petrol,Dealer,Manual,0,2755,20.2,Gurugram,White,9
1577,Maruti Wagon R,2019,5.8,1.48,69154,Petrol,Dealer,Manual,0,1997,21.5,Mumbai,Silver,7
1578,Maruti Ciaz,2024,11.44,9.4,2500,Petrol,Individual,Manual,2,2755,17.1,Gurugram,Black,2
1579,Maruti Fronx,2017,9.49,1.14,97772,Petrol,Individual,Manual,2,1498,19.1,Amritsar,White,9
1580,Skoda Rapid,2024,10.85,8.71,26628,Diesel,Individual,Manual,0,1197,25.3,Lucknow,Brown,2
1581,Maruti Ertiga,2023,11.77,8.67,26677,Petrol,Dealer,Manual,0,1597,19.2,Pune,Red,3
1582,Renault Kwid,2024,4.43,3.74,17635,Petrol,Dealer,Manual,1,1498,15.3,Jaipur,White,2
1583,Renault Kwid,2021,4.75,2.9,3658,Petrol,Dealer,Manual,0,2755,18.4,Chandigarh,Grey,5
1584,Toyota Fortuner,2018,37.92,8.85,56118,Diesel,Dealer,Automatic,0,1997,15.6,Chennai,Blue,8
1585,Kia Sonet,2018,13.88,1.67,65460,Petrol,Dealer,Manual,2,1197,20.9,Bengaluru,Silver,8
1586,Hyundai Venue,2019,12.15,3.84,47340,Petrol,Dealer,Manual,0,799,14.8,Jaipur,Blue,7
1587,Tata Harrier,2015,21.0,2.52,23288,Diesel,Dealer,Manual,0,998,20.2,Mohali,Silver,11
1588,Renault Kiger,2013,10.01,1.2,83936,Petrol,Dealer,Manual,0,2179,16.6,Amritsar,Black,13
1589,Nissan Magnite,2024,9.14,6.49,25032,Petrol,Dealer,Manual,1,2393,19.5,Gurugram,White,2
1590,Jeep Compass,2020,27.85,16.7,4969,Diesel,Dealer,Automatic,0,2755,23.4,Jaipur,Black,6
1591,Skoda Slavia,2015,19.22,2.31,70980,Petrol,Dealer,Automatic,1,1199,18.3,Gurugram,Grey,11
1592,Hyundai Verna,2023,14.24,8.12,47431,Petrol,Dealer,Manual,0,1199,24.1,Chennai,Grey,3
1593,MG Hector,2020,19.37,8.2,43392,Petrol,Dealer,Automatic,0,1956,23.3,Bengaluru,White,6
1594,Maruti Fronx,2016,10.76,1.29,77614,Petrol,Individual,Manual,0,1997,21.4,Kolkata,Black,10
1595,Mahindra Thar,2013,16.49,1.98,91343,Diesel,Dealer,Manual,2,799,19.1,Jaipur,Blue,13
1596,MG Hector,2022,23.07,13.39,15322,Petrol,Dealer,Automatic,1,2393,22.3,Mumbai,Silver,4
1597,Maruti Swift,2019,7.78,1.22,79529,Petrol,Individual,Manual,0,1956,13.1,Delhi,Grey,7
1598,Toyota Glanza,2019,7.98,1.79,64422,Petrol,Dealer,Manual,0,1956,17.5,Mumbai,Black,7
1599,Honda Elevate,2014,14.08,1.69,96879,Petrol,Dealer,Manual,2,2755,23.5,Lucknow,Red,12
1600,Maruti Ciaz,2015,12.49,1.5,120880,Petrol,Dealer,Manual,0,1997,19.3,Jaipur,Brown,11
1601,Maruti Ertiga,2015,11.43,1.37,75559,Petrol,Individual,Manual,0,1956,17.2,Delhi,Blue,11
1602,Hyundai Alcazar,2016,22.61,2.71,102935,Diesel,Dealer,Automatic,0,2179,19.3,Noida,Blue,10
1603,Mahindra XUV700,2024,27.38,20.45,28634,Diesel,Dealer,Automatic,0,1199,20.3,Chandigarh,White,2
1604,Renault Kiger,2014,8.31,1.0,120681,Petrol,Dealer,Manual,1,1199,13.8,Ludhiana,White,12
1605,Hyundai i20,2023,9.89,6.69,52216,Petrol,Dealer,Manual,0,799,21.7,Lucknow,Black,3
1606,Tata Harrier,2020,19.48,6.62,48955,Diesel,Individual,Manual,1,998,15.4,Gurugram,Black,6
1607,Hyundai Alcazar,2023,22.37,12.73,55045,Diesel,Dealer,Automatic,0,1997,14.7,Chennai,Black,3
1608,Maruti Swift,2019,7.57,1.48,80744,Petrol,Dealer,Manual,0,2179,23.1,Gurugram,White,7
1609,Ford EcoSport,2013,9.98,1.2,123156,Diesel,Dealer,Manual,1,799,21.8,Pune,Grey,13
1610,Mahindra Bolero,2022,9.46,5.78,19682,Diesel,Individual,Manual,0,1597,13.1,Mohali,Blue,4
1611,Tata Safari,2015,26.39,3.17,76456,Diesel,Individual,Automatic,0,1497,13.7,Pune,White,11
1612,Toyota Glanza,2012,8.02,0.96,129527,Petrol,Dealer,Manual,2,2755,16.9,Bengaluru,Red,14
1613,Maruti Swift,2025,7.44,5.45,71962,Petrol,Dealer,Manual,0,1199,13.9,Jaipur,Brown,1
1614,Maruti Fronx,2019,10.72,3.25,58061,Petrol,Individual,Manual,0,1199,13.0,Chandigarh,Grey,7
1615,MG Hector,2016,20.29,2.44,76207,Petrol,Dealer,Automatic,0,2393,23.2,Mohali,Blue,10
1616,Kia Seltos,2019,17.15,4.31,61570,Diesel,Dealer,Manual,0,799,18.7,Gurugram,Blue,7
1617,Mahindra Bolero,2024,10.43,6.37,40845,Diesel,Dealer,Manual,1,1497,17.4,Bengaluru,Red,2
1618,Mahindra Thar,2023,15.97,11.6,6855,Diesel,Dealer,Manual,0,799,20.4,Ludhiana,Red,3
1619,Toyota Innova Crysta,2012,23.58,2.83,112921,Diesel,Dealer,Manual,0,2755,17.5,Lucknow,Blue,14
1620,Maruti Ertiga,2019,12.83,2.35,73022,Petrol,Individual,Manual,2,1497,15.9,Pune,Blue,7
1621,Volkswagen Virtus,2018,15.45,1.85,67784,Petrol,Dealer,Automatic,0,998,17.0,Gurugram,White,8
1622,Toyota Innova Crysta,2014,27.61,3.31,112721,Diesel,Dealer,Manual,0,998,12.3,Hyderabad,Blue,12
1623,Hyundai Creta,2025,17.15,15.04,7078,Diesel,Individual,Manual,0,1956,18.5,Ludhiana,Blue,1
1624,Toyota Innova Crysta,2020,23.59,5.77,85236,Diesel,Dealer,Manual,1,1497,22.4,Bengaluru,Grey,6
1625,Maruti Wagon R,2022,6.51,4.29,7756,Petrol,Dealer,Manual,1,2755,21.5,Hyderabad,Red,4
1626,Maruti Brezza,2016,13.24,1.59,75769,Petrol,Individual,Manual,0,799,24.9,Bengaluru,Brown,10
1627,Mahindra Scorpio,2017,17.64,2.12,81308,Diesel,Dealer,Manual,1,2755,24.7,Delhi,Blue,9
1628,Maruti Swift,2012,9.13,1.1,135422,Petrol,Dealer,Manual,2,998,12.4,Chennai,Grey,14
1629,Maruti Wagon R,2022,6.06,4.29,2500,Petrol,Dealer,Manual,0,1498,14.8,Ludhiana,Brown,4
1630,Renault Kiger,2012,9.34,1.12,105061,Petrol,Dealer,Manual,1,1997,20.8,Ludhiana,Blue,14
1631,Jeep Compass,2022,28.39,14.69,51020,Diesel,Dealer,Automatic,0,2755,22.4,Chennai,Grey,4
1632,Honda Elevate,2017,15.06,1.81,80984,Petrol,Individual,Manual,0,2393,21.4,Chennai,Brown,9
1633,Skoda Rapid,2013,9.22,1.11,110035,Diesel,Individual,Manual,1,1197,12.3,Chandigarh,White,13
1634,Toyota Glanza,2021,9.41,3.51,70663,Petrol,Individual,Manual,0,998,12.7,Ludhiana,Black,5
1635,Volkswagen Virtus,2013,17.42,2.09,104374,Petrol,Individual,Automatic,1,2755,16.7,Delhi,Silver,13
1636,Kia Sonet,2022,13.51,8.31,33329,Petrol,Dealer,Manual,0,1497,22.2,Bengaluru,White,4
1637,Toyota Fortuner,2013,39.31,4.72,114150,Diesel,Dealer,Automatic,2,1956,19.3,Lucknow,Blue,13
1638,Toyota Glanza,2022,9.35,4.55,41109,Petrol,Dealer,Manual,1,799,14.3,Noida,Brown,4
1639,Mahindra Thar,2019,19.03,4.24,70759,Diesel,Individual,Manual,1,1197,16.6,Ludhiana,Brown,7
1640,Kia Sonet,2015,11.68,1.4,63318,Petrol,Individual,Manual,0,1498,24.2,Chandigarh,Brown,11
1641,Maruti Baleno,2019,10.02,2.51,55625,Petrol,Dealer,Manual,2,1197,15.9,Ludhiana,Brown,7
1642,Toyota Glanza,2022,8.88,2.89,81638,Petrol,Dealer,Manual,2,799,16.7,Gurugram,Black,4
1643,Hyundai Alcazar,2019,20.72,4.84,72840,Diesel,Dealer,Automatic,0,2755,19.9,Bengaluru,Black,7
1644,Maruti Brezza,2024,13.5,10.86,7066,Petrol,Individual,Manual,0,2179,17.7,Mohali,Brown,2
1645,Maruti Wagon R,2024,6.72,5.01,23292,Petrol,Dealer,Manual,1,1498,24.7,Bengaluru,White,2
1646,Maruti Brezza,2018,13.05,2.65,53177,Petrol,Dealer,Manual,0,2755,13.9,Hyderabad,Blue,8
1647,Maruti Swift,2013,8.55,1.03,112353,Petrol,Dealer,Manual,1,1497,25.4,Jaipur,Blue,13
1648,Maruti Wagon R,2014,5.45,0.65,103823,Petrol,Dealer,Manual,0,1597,15.6,Amritsar,Red,12
1649,Kia Seltos,2019,19.14,4.93,58116,Diesel,Dealer,Manual,1,1997,15.3,Bengaluru,Grey,7
1650,Maruti Ciaz,2023,11.11,7.18,33805,Petrol,Dealer,Manual,0,1497,23.6,Jaipur,Brown,3
1651,Honda City,2020,16.04,5.55,40433,Petrol,Dealer,Manual,2,2755,24.7,Mumbai,Black,6
1652,Tata Punch,2018,9.82,2.85,33560,Petrol,Dealer,Manual,1,2179,20.6,Mohali,Brown,8
1653,Hyundai Grand i10,2013,7.59,0.91,71566,Petrol,Dealer,Manual,0,1199,14.3,Hyderabad,Blue,13
1654,Toyota Innova Crysta,2022,23.91,14.98,20165,Diesel,Dealer,Manual,0,1997,16.4,Hyderabad,Brown,4
1655,Maruti Fronx,2014,10.16,1.22,121735,Petrol,Individual,Manual,1,1498,17.0,Chennai,Black,12
1656,Renault Kwid,2016,4.5,0.55,59265,Petrol,Individual,Manual,1,1498,22.0,Gurugram,Brown,10
1657,Maruti Dzire,2022,8.31,4.66,41965,Petrol,Individual,Manual,1,1597,18.3,Mumbai,Red,4
1658,Skoda Slavia,2017,18.71,2.25,54171,Petrol,Individual,Automatic,1,1199,15.2,Gurugram,White,9
1659,Volkswagen Polo,2018,7.26,0.87,108913,Petrol,Dealer,Manual,0,1197,15.0,Mohali,Red,8
1660,MG Hector,2018,18.95,2.27,99590,Petrol,Individual,Automatic,1,1497,16.3,Mumbai,White,8
1661,Skoda Rapid,2021,9.25,4.23,51847,Diesel,Dealer,Manual,0,1497,24.7,Pune,Blue,5
1662,Kia Seltos,2012,18.56,2.23,78719,Diesel,Individual,Manual,2,2393,21.9,Kolkata,Blue,14
1663,Maruti Baleno,2025,9.55,8.1,15997,Petrol,Dealer,Manual,1,799,13.1,Ludhiana,Brown,1
1664,Toyota Fortuner,2014,44.24,5.31,99426,Diesel,Dealer,Automatic,3,998,13.3,Chennai,Black,12
1665,Mahindra Thar,2023,14.97,7.18,60025,Diesel,Dealer,Manual,2,1498,14.4,Amritsar,Black,3
1666,Tata Altroz,2019,9.06,2.04,73529,Petrol,Dealer,Manual,0,2393,18.5,Lucknow,White,7
1667,Hyundai Creta,2013,17.7,2.12,103888,Diesel,Dealer,Manual,0,1199,12.6,Pune,Black,13
1668,Maruti Fronx,2021,9.79,3.4,67121,Petrol,Dealer,Manual,0,1497,24.3,Hyderabad,Grey,5
1669,Tata Punch,2025,8.49,8.0,9384,Petrol,Individual,Manual,0,1956,16.9,Lucknow,Silver,1
1670,Honda City,2017,16.68,2.0,66513,Petrol,Individual,Manual,0,998,17.4,Gurugram,White,9
1671,Toyota Glanza,2015,9.85,1.18,72472,Petrol,Dealer,Manual,1,998,13.1,Chandigarh,Grey,11
1672,Maruti Swift,2012,8.38,1.01,87543,Petrol,Dealer,Manual,1,1997,18.1,Lucknow,Black,14
1673,Hyundai Grand i10,2021,7.32,3.3,54063,Petrol,Dealer,Manual,0,2179,14.1,Chennai,Grey,5
1674,Toyota Innova Crysta,2024,22.13,16.61,22012,Diesel,Dealer,Manual,0,799,14.1,Amritsar,Blue,2
1675,Skoda Rapid,2016,9.71,1.17,109222,Diesel,Individual,Manual,0,1197,19.9,Mohali,Red,10
1676,Hyundai Verna,2018,13.5,1.97,68278,Petrol,Individual,Manual,0,2755,17.4,Lucknow,Blue,8
1677,Honda Elevate,2019,14.23,3.15,67290,Petrol,Dealer,Manual,2,2755,22.7,Hyderabad,Black,7
1678,Toyota Fortuner,2015,42.85,5.14,125443,Diesel,Dealer,Automatic,2,2393,13.0,Mohali,Grey,11
1679,Tata Safari,2020,24.81,8.68,50740,Diesel,Dealer,Automatic,0,1597,17.0,Noida,Black,6
1680,Maruti Baleno,2015,9.27,1.11,108902,Petrol,Dealer,Manual,1,1498,17.9,Mohali,White,11
1681,Mahindra XUV700,2014,24.1,2.89,68243,Diesel,Dealer,Automatic,1,1597,12.5,Chandigarh,Black,12
1682,Hyundai Venue,2022,11.47,7.73,18504,Petrol,Dealer,Manual,1,1199,20.5,Amritsar,Black,4
1683,Hyundai Grand i10,2012,6.92,0.83,107448,Petrol,Dealer,Manual,3,2755,12.4,Lucknow,Brown,14
1684,Mahindra Thar,2015,15.59,1.87,97029,Diesel,Dealer,Manual,0,1597,17.2,Jaipur,Blue,11
1685,Skoda Slavia,2018,18.06,2.91,65632,Petrol,Dealer,Automatic,1,1498,14.6,Noida,Grey,8
1686,Nissan Magnite,2022,9.5,5.86,12775,Petrol,Individual,Manual,1,998,25.5,Hyderabad,Silver,4
1687,Mahindra Bolero,2025,10.01,8.86,6141,Diesel,Dealer,Manual,0,1597,12.7,Bengaluru,White,1
1688,Tata Punch,2018,9.27,1.29,91438,Petrol,Individual,Manual,0,1997,23.5,Pune,Silver,8
1689,Ford EcoSport,2023,9.02,6.03,43680,Diesel,Individual,Manual,0,1197,21.5,Pune,Silver,3
1690,Mahindra Bolero,2018,10.06,1.54,58852,Diesel,Individual,Manual,0,2755,14.7,Chennai,Red,8
1691,Jeep Compass,2019,23.47,9.16,27030,Diesel,Dealer,Automatic,0,2755,16.4,Mohali,Red,7
1692,Mahindra XUV700,2016,27.41,3.29,77123,Diesel,Dealer,Automatic,2,1997,20.7,Hyderabad,White,10
1693,Maruti Wagon R,2012,5.78,0.69,111165,Petrol,Dealer,Manual,2,799,13.0,Hyderabad,White,14
1694,Toyota Glanza,2020,9.85,2.16,105226,Petrol,Individual,Manual,1,1497,15.4,Pune,Grey,6
1695,Mahindra XUV700,2024,23.02,12.74,78896,Diesel,Dealer,Automatic,1,2393,14.9,Jaipur,Grey,2
1696,Honda Elevate,2021,15.42,6.04,77084,Petrol,Individual,Manual,0,2179,21.7,Delhi,Black,5
1697,Ford EcoSport,2012,8.43,1.01,135460,Diesel,Individual,Manual,0,998,16.6,Chennai,Blue,14
1698,Maruti Ertiga,2012,12.13,1.46,121045,Petrol,Dealer,Manual,1,2393,23.3,Gurugram,Brown,14
1699,Honda City,2013,14.93,1.79,84114,Petrol,Dealer,Manual,0,1498,21.2,Amritsar,Blue,13
1700,Tata Punch,2012,9.91,1.19,93553,Petrol,Dealer,Manual,0,1197,13.0,Chandigarh,Blue,14
1701,Hyundai Venue,2021,13.23,7.3,36993,Petrol,Dealer,Manual,1,1199,16.4,Mohali,Black,5
1702,Tata Tiago,2018,7.44,0.93,55688,Petrol,Individual,Manual,1,1597,20.4,Pune,Black,8
1703,Mahindra XUV700,2024,24.05,15.07,77962,Diesel,Dealer,Automatic,0,1597,15.1,Amritsar,Blue,2
1704,Nissan Magnite,2013,10.02,1.2,93052,Petrol,Individual,Manual,0,1597,15.3,Chennai,Brown,13
1705,Renault Kiger,2017,8.72,1.05,107312,Petrol,Dealer,Manual,0,799,19.8,Delhi,Black,9
1706,Maruti Baleno,2022,10.0,5.04,67824,Petrol,Dealer,Manual,0,2179,17.6,Noida,Silver,4
1707,Ford EcoSport,2014,10.32,1.24,82275,Diesel,Dealer,Manual,0,1997,19.4,Noida,Blue,12
1708,Hyundai Venue,2015,12.02,1.44,69536,Petrol,Dealer,Manual,0,2755,16.2,Chennai,Brown,11
1709,Honda City,2022,15.19,8.15,43244,Petrol,Dealer,Manual,0,799,14.3,Mohali,Grey,4
1710,Maruti Brezza,2022,11.19,4.96,67074,Petrol,Dealer,Manual,1,1197,16.5,Jaipur,White,4
1711,Mahindra Scorpio,2014,17.98,2.16,87612,Diesel,Dealer,Manual,0,1956,17.8,Noida,Black,12
1712,Toyota Innova Crysta,2021,22.79,8.95,49173,Diesel,Dealer,Manual,1,1498,21.8,Noida,Silver,5
1713,Toyota Innova Crysta,2016,22.49,2.7,70041,Diesel,Dealer,Manual,1,2755,17.1,Bengaluru,Black,10
1714,Hyundai Creta,2025,18.35,17.59,2500,Diesel,Individual,Manual,0,1956,21.4,Chandigarh,Black,1
1715,Kia Sonet,2025,13.66,13.15,2500,Petrol,Dealer,Manual,0,998,17.3,Bengaluru,Blue,1
1716,Toyota Glanza,2021,9.94,4.79,25138,Petrol,Individual,Manual,1,2393,19.6,Mohali,Brown,5
1717,Toyota Innova Crysta,2020,26.54,12.35,21564,Diesel,Dealer,Manual,0,1199,19.7,Chennai,Silver,6
1718,Maruti Dzire,2023,9.27,6.31,32718,Petrol,Dealer,Manual,0,2755,23.5,Bengaluru,Brown,3
1719,Honda City,2015,14.22,1.71,119739,Petrol,Individual,Manual,1,1956,19.9,Bengaluru,Grey,11
1720,Kia Sonet,2012,13.71,1.65,111920,Petrol,Individual,Manual,0,2755,12.4,Chennai,Red,14
1721,Mahindra Scorpio,2022,21.41,13.23,24911,Diesel,Individual,Manual,0,1498,20.4,Bengaluru,Silver,4
1722,Tata Harrier,2018,21.42,2.57,89862,Diesel,Individual,Manual,0,2393,12.9,Ludhiana,Silver,8
1723,Maruti Wagon R,2014,6.54,0.78,79172,Petrol,Dealer,Manual,0,2179,15.5,Mohali,White,12
1724,Toyota Glanza,2016,9.27,1.11,76344,Petrol,Dealer,Manual,0,1997,25.0,Lucknow,Blue,10
1725,Maruti Ertiga,2015,10.34,1.24,96283,Petrol,Dealer,Manual,3,1597,20.4,Mohali,Silver,11
1726,Maruti Dzire,2025,8.43,7.39,32276,Petrol,Dealer,Manual,0,2755,19.2,Delhi,Grey,1
1727,Mahindra Scorpio,2014,19.13,2.3,99337,Diesel,Dealer,Manual,0,1597,16.7,Jaipur,Red,12
1728,Honda Amaze,2021,8.53,4.17,36455,Petrol,Individual,Manual,0,998,16.0,Bengaluru,Grey,5
1729,Volkswagen Polo,2012,8.88,1.07,125236,Petrol,Dealer,Manual,0,2755,20.8,Chandigarh,Grey,14
1730,Hyundai Alcazar,2018,21.28,3.28,120775,Diesel,Dealer,Automatic,0,1199,17.9,Mohali,Grey,8
1731,Hyundai i20,2020,9.45,3.06,34740,Petrol,Dealer,Manual,3,1498,13.3,Noida,Black,6
1732,Skoda Rapid,2022,10.72,6.5,17064,Diesel,Dealer,Manual,0,1956,20.1,Hyderabad,White,4
1733,Maruti Dzire,2016,8.15,0.98,88159,Petrol,Dealer,Manual,1,799,23.2,Mohali,Silver,10
1734,Maruti Ciaz,2017,12.04,1.44,77873,Petrol,Dealer,Manual,0,1497,14.8,Amritsar,Brown,9
1735,Mahindra Bolero,2012,10.03,1.2,115198,Diesel,Dealer,Manual,0,2755,12.4,Noida,Blue,14
1736,Volkswagen Polo,2024,7.09,4.81,40510,Petrol,Dealer,Manual,1,799,17.9,Kolkata,Grey,2
1737,Hyundai Grand i10,2022,6.24,3.06,39650,Petrol,Dealer,Manual,2,998,12.9,Hyderabad,Grey,4
1738,Volkswagen Virtus,2024,17.16,14.48,5204,Petrol,Dealer,Automatic,1,799,18.2,Bengaluru,Grey,2
1739,Hyundai Creta,2025,17.75,14.68,42200,Diesel,Dealer,Manual,0,1997,13.2,Bengaluru,Red,1
1740,Toyota Innova Crysta,2014,22.83,2.74,115863,Diesel,Individual,Manual,2,2179,20.5,Gurugram,Silver,12
1741,Mahindra XUV700,2023,27.3,18.38,17751,Diesel,Individual,Automatic,1,998,23.2,Mumbai,Grey,3
1742,Ford EcoSport,2013,10.07,1.21,112528,Diesel,Dealer,Manual,0,1197,13.6,Lucknow,Black,13
1743,Toyota Fortuner,2017,40.9,4.91,91459,Diesel,Dealer,Automatic,0,1497,15.0,Pune,Brown,9
1744,Skoda Slavia,2012,17.59,2.11,108444,Petrol,Dealer,Automatic,0,1498,24.9,Hyderabad,Silver,14
1745,Honda Amaze,2023,8.58,5.26,57877,Petrol,Dealer,Manual,0,1498,19.7,Hyderabad,Blue,3
1746,Tata Tiago,2013,6.88,0.83,87330,Petrol,Dealer,Manual,0,1597,12.9,Mohali,Brown,13
1747,Hyundai Grand i10,2014,7.08,0.85,101217,Petrol,Dealer,Manual,0,1197,22.5,Hyderabad,Silver,12
1748,Hyundai Grand i10,2012,7.44,0.89,111744,Petrol,Individual,Manual,0,1197,16.2,Delhi,Silver,14
1749,Jeep Compass,2013,27.64,3.32,119799,Diesel,Dealer,Automatic,0,2393,17.5,Mohali,Silver,13
1750,Tata Safari,2016,27.44,3.29,81795,Diesel,Dealer,Automatic,0,2179,12.4,Hyderabad,Blue,10
1751,Hyundai Creta,2023,17.98,10.42,35289,Diesel,Individual,Manual,1,1497,18.3,Chandigarh,Blue,3
1752,Maruti Alto,2024,4.56,3.79,2530,Petrol,Individual,Manual,0,998,13.8,Chennai,Silver,2
1753,Kia Seltos,2014,17.79,2.13,93413,Diesel,Individual,Manual,0,1497,13.8,Delhi,Blue,12
1754,Hyundai i20,2013,8.28,0.99,110217,Petrol,Individual,Manual,1,1197,12.2,Lucknow,White,13
1755,Tata Punch,2018,9.23,1.83,78457,Petrol,Dealer,Manual,0,1597,18.8,Noida,White,8
1756,Tata Tiago,2018,7.39,0.89,82318,Petrol,Dealer,Manual,2,1597,18.8,Hyderabad,Blue,8
1757,Maruti Swift,2020,8.47,2.86,72015,Petrol,Individual,Manual,0,1597,22.8,Amritsar,Black,6
1758,MG Hector,2012,23.99,2.88,122199,Petrol,Individual,Automatic,1,2393,14.5,Delhi,Brown,14
1759,Maruti Fronx,2020,9.99,4.34,32948,Petrol,Dealer,Manual,0,2393,17.9,Pune,Blue,6
1760,Renault Kwid,2025,5.45,4.1,35620,Petrol,Dealer,Manual,0,1199,20.2,Pune,Red,1
1761,Mahindra Scorpio,2021,19.02,7.31,78286,Diesel,Dealer,Manual,0,2755,20.1,Lucknow,Black,5
1762,Ford EcoSport,2014,9.51,1.14,84095,Diesel,Dealer,Manual,2,1498,22.5,Bengaluru,Brown,12
1763,Maruti Alto,2025,3.81,2.83,66919,Petrol,Individual,Manual,0,2393,20.4,Gurugram,Black,1
1764,Volkswagen Polo,2019,8.78,3.16,56470,Petrol,Dealer,Manual,0,1597,14.3,Mohali,Grey,7
1765,Mahindra XUV700,2017,26.92,3.82,60750,Diesel,Dealer,Automatic,0,1497,21.4,Noida,White,9
1766,Hyundai Venue,2016,12.45,1.49,67826,Petrol,Individual,Manual,1,1597,21.7,Lucknow,Black,10
1767,Volkswagen Virtus,2012,16.36,1.96,136678,Petrol,Individual,Automatic,1,1497,19.6,Amritsar,White,14
1768,Nissan Magnite,2012,9.3,1.12,88112,Petrol,Dealer,Manual,0,1597,23.3,Ludhiana,Grey,14
1769,Maruti Alto,2016,4.47,0.55,64623,Petrol,Dealer,Manual,0,998,16.7,Jaipur,Black,10
1770,Tata Altroz,2023,8.24,4.57,64840,Petrol,Individual,Manual,0,1497,18.7,Noida,Black,3
1771,Tata Punch,2012,9.4,1.13,147248,Petrol,Individual,Manual,0,1597,18.1,Jaipur,Blue,14
1772,Tata Safari,2021,22.11,13.13,19850,Diesel,Dealer,Automatic,0,1956,16.7,Ludhiana,Grey,5
1773,Renault Kiger,2023,8.06,5.6,32818,Petrol,Dealer,Manual,0,1199,13.9,Noida,Grey,3
1774,Hyundai Venue,2014,13.22,1.59,79120,Petrol,Dealer,Manual,0,1497,15.8,Gurugram,Grey,12
1775,Nissan Magnite,2012,9.08,1.09,104738,Petrol,Dealer,Manual,0,1197,24.6,Kolkata,Silver,14
1776,Honda Elevate,2023,14.36,9.79,22343,Petrol,Dealer,Manual,0,1498,17.7,Pune,Brown,3
1777,Tata Altroz,2012,8.42,1.01,143569,Petrol,Individual,Manual,0,2179,14.0,Jaipur,Red,14
1778,Maruti Fronx,2015,9.58,1.15,100582,Petrol,Individual,Manual,0,1498,22.5,Lucknow,Silver,11
1779,Honda Amaze,2024,9.25,7.81,2500,Petrol,Dealer,Manual,0,1497,22.1,Noida,Grey,2
1780,Hyundai Alcazar,2015,20.16,2.42,45653,Diesel,Dealer,Automatic,3,1997,13.2,Hyderabad,White,11
1781,Maruti Ciaz,2018,12.66,1.52,95301,Petrol,Individual,Manual,1,799,15.7,Mumbai,Blue,8
1782,Maruti Ertiga,2018,10.33,2.07,70348,Petrol,Dealer,Manual,1,1956,17.4,Jaipur,Black,8
1783,Maruti Dzire,2015,9.43,1.13,101221,Petrol,Dealer,Manual,1,998,17.3,Chandigarh,White,11
1784,Honda Elevate,2025,16.03,11.33,43973,Petrol,Dealer,Manual,1,2393,23.9,Amritsar,Black,1
1785,Maruti Baleno,2020,8.56,2.31,38421,Petrol,Individual,Manual,2,799,24.9,Jaipur,Brown,6
1786,Maruti Dzire,2023,8.37,4.96,38642,Petrol,Dealer,Manual,3,799,12.9,Ludhiana,Grey,3
1787,Toyota Glanza,2016,8.69,1.04,115977,Petrol,Dealer,Manual,0,1497,15.4,Gurugram,Black,10
1788,Maruti Wagon R,2019,5.5,1.26,63978,Petrol,Individual,Manual,1,1956,19.3,Bengaluru,Blue,7
1789,Tata Safari,2023,21.67,13.67,35204,Diesel,Individual,Automatic,1,799,20.2,Pune,White,3
1790,Honda Elevate,2025,16.89,12.88,22557,Petrol,Dealer,Manual,2,998,13.4,Ludhiana,Silver,1
1791,Maruti Dzire,2024,8.99,6.37,22450,Petrol,Individual,Manual,2,1997,23.6,Gurugram,White,2
1792,Maruti Dzire,2018,9.02,1.08,93666,Petrol,Individual,Manual,1,1956,13.7,Mumbai,White,8
1793,Hyundai Venue,2020,11.99,4.14,52971,Petrol,Dealer,Manual,0,1956,21.9,Amritsar,White,6
1794,Hyundai Grand i10,2012,7.72,0.93,139180,Petrol,Dealer,Manual,0,2179,24.6,Pune,Black,14
1795,Maruti Brezza,2018,11.99,1.44,88698,Petrol,Individual,Manual,2,1498,20.2,Ludhiana,Red,8
1796,Tata Harrier,2013,19.26,2.31,87272,Diesel,Individual,Manual,0,1497,19.1,Mumbai,Blue,13
1797,Volkswagen Polo,2013,8.14,0.98,86667,Petrol,Dealer,Manual,3,998,15.2,Jaipur,Blue,13
1798,Kia Sonet,2025,11.53,9.89,12864,Petrol,Dealer,Manual,0,1597,23.6,Mumbai,Blue,1
1799,Kia Sonet,2016,11.35,1.36,156285,Petrol,Dealer,Manual,0,799,21.6,Jaipur,Black,10
1800,Honda Amaze,2023,9.44,5.71,53754,Petrol,Dealer,Manual,0,799,22.4,Mumbai,Black,3
1801,Mahindra Scorpio,2013,20.48,2.46,108535,Diesel,Dealer,Manual,0,1498,12.9,Jaipur,Black,13
1802,MG Hector,2017,23.32,2.8,88786,Petrol,Individual,Automatic,2,2179,17.4,Jaipur,Grey,9
1803,Maruti Swift,2019,8.14,2.0,101122,Petrol,Dealer,Manual,0,1997,23.3,Chennai,Brown,7
1804,Maruti Baleno,2015,9.73,1.17,63087,Petrol,Individual,Manual,0,2755,14.5,Mohali,White,11
1805,MG Hector,2016,21.42,2.57,79066,Petrol,Individual,Automatic,0,799,14.4,Chandigarh,Red,10
1806,Tata Harrier,2023,18.53,14.37,20015,Diesel,Dealer,Manual,0,2755,21.4,Hyderabad,White,3
1807,Ford EcoSport,2012,9.31,1.12,134730,Diesel,Dealer,Manual,0,1497,19.8,Mohali,Grey,14
1808,Honda City,2022,15.34,8.71,55274,Petrol,Dealer,Manual,0,1197,16.7,Delhi,Red,4
1809,Toyota Innova Crysta,2019,23.39,7.53,50114,Diesel,Individual,Manual,1,1197,20.3,Jaipur,Red,7
1810,Honda City,2018,16.78,3.47,55568,Petrol,Dealer,Manual,1,799,16.7,Jaipur,Silver,8
1811,Tata Tiago,2016,7.79,0.93,96183,Petrol,Dealer,Manual,1,1597,14.7,Chandigarh,Red,10
1812,Renault Kwid,2017,4.72,0.57,68030,Petrol,Individual,Manual,1,2393,24.7,Amritsar,Black,9
1813,Maruti Wagon R,2021,5.51,2.57,67024,Petrol,Dealer,Manual,0,1498,23.9,Ludhiana,Blue,5
1814,Tata Safari,2025,23.15,17.76,31706,Diesel,Dealer,Automatic,0,1199,23.0,Mohali,Blue,1
1815,Skoda Rapid,2013,9.36,1.12,125470,Diesel,Individual,Manual,0,2755,20.8,Chennai,Black,13
1816,Toyota Glanza,2023,8.37,5.53,31154,Petrol,Dealer,Manual,0,1498,15.0,Chennai,White,3
1817,Hyundai Venue,2013,12.36,1.48,134830,Petrol,Individual,Manual,3,2755,20.2,Kolkata,Silver,13
1818,Honda Amaze,2012,9.1,1.09,110081,Petrol,Individual,Manual,1,1997,17.5,Kolkata,Blue,14
1819,Tata Harrier,2021,19.55,9.31,29173,Diesel,Dealer,Manual,1,1497,18.9,Gurugram,Red,5
1820,Maruti Ertiga,2020,10.55,4.62,32993,Petrol,Dealer,Manual,0,1997,12.3,Noida,Black,6
1821,Renault Kwid,2019,5.33,0.9,77700,Petrol,Dealer,Manual,2,1498,24.4,Ludhiana,Grey,7
1822,Tata Harrier,2025,19.49,16.13,21195,Diesel,Dealer,Manual,0,998,24.5,Delhi,White,1
1823,Nissan Magnite,2015,9.93,1.19,95939,Petrol,Individual,Manual,1,1498,18.4,Kolkata,Silver,11
1824,Kia Sonet,2017,11.81,1.42,54189,Petrol,Dealer,Manual,0,998,22.9,Kolkata,White,9
1825,Hyundai i20,2019,8.98,1.98,104183,Petrol,Individual,Manual,0,1597,12.8,Chennai,Black,7
1826,Hyundai Grand i10,2019,7.78,1.69,120636,Petrol,Individual,Manual,0,1956,18.3,Chandigarh,White,7
1827,Maruti Dzire,2014,9.66,1.16,70511,Petrol,Dealer,Manual,1,1597,21.7,Chennai,Silver,12
1828,Hyundai Creta,2022,18.79,8.62,66068,Diesel,Dealer,Manual,1,1497,16.4,Jaipur,White,4
1829,Maruti Wagon R,2014,6.65,0.8,98431,Petrol,Dealer,Manual,0,1997,15.5,Hyderabad,Brown,12
1830,Toyota Innova Crysta,2016,23.09,2.77,94045,Diesel,Dealer,Manual,0,799,22.1,Chennai,White,10
1831,Tata Safari,2019,26.93,6.22,66641,Diesel,Dealer,Automatic,0,1997,18.1,Amritsar,Blue,7
1832,Tata Tiago,2022,6.56,3.3,54743,Petrol,Dealer,Manual,0,1597,24.6,Pune,Red,4
1833,Hyundai Creta,2013,16.36,1.96,112493,Diesel,Dealer,Manual,0,799,15.7,Mohali,Brown,13
1834,Renault Kiger,2021,8.59,3.06,43559,Petrol,Dealer,Manual,1,1199,15.4,Gurugram,Red,5
1835,Maruti Ertiga,2012,12.03,1.44,127199,Petrol,Dealer,Manual,0,2179,24.9,Amritsar,Silver,14
1836,Tata Tiago,2023,6.85,3.52,64954,Petrol,Individual,Manual,1,2755,15.6,Mohali,Grey,3
1837,Ford EcoSport,2023,10.37,6.4,31057,Diesel,Dealer,Manual,1,1956,19.4,Noida,Black,3
1838,Hyundai Venue,2014,12.93,1.55,118611,Petrol,Dealer,Manual,0,1497,22.9,Hyderabad,Brown,12
1839,Renault Kwid,2015,4.63,0.56,107962,Petrol,Dealer,Manual,0,2393,15.3,Ludhiana,Red,11
1840,Renault Kwid,2025,5.24,4.07,49677,Petrol,Individual,Manual,0,799,25.2,Amritsar,Grey,1
1841,Tata Altroz,2014,9.0,1.08,106409,Petrol,Dealer,Manual,0,998,15.8,Chandigarh,White,12
1842,Renault Kiger,2017,10.02,1.2,70854,Petrol,Dealer,Manual,2,1497,13.5,Amritsar,Red,9
1843,Hyundai Creta,2015,15.78,1.89,128592,Diesel,Individual,Manual,0,1997,18.6,Jaipur,Silver,11
1844,Skoda Rapid,2024,10.85,6.63,56459,Diesel,Dealer,Manual,0,2179,12.4,Mumbai,Brown,2
1845,Volkswagen Polo,2014,8.91,1.07,129247,Petrol,Individual,Manual,0,1956,23.8,Lucknow,White,12
1846,Renault Kiger,2023,9.19,7.46,2500,Petrol,Individual,Manual,0,1199,22.9,Delhi,Red,3
1847,Mahindra Bolero,2014,10.95,1.31,101968,Diesel,Individual,Manual,0,1956,15.1,Delhi,Grey,12
1848,Maruti Wagon R,2025,5.74,4.34,40860,Petrol,Dealer,Manual,0,1956,21.6,Gurugram,White,1
1849,Tata Tiago,2025,6.25,5.27,27333,Petrol,Dealer,Manual,0,1956,13.4,Lucknow,Red,1
1850,Maruti Swift,2021,9.11,4.95,31901,Petrol,Individual,Manual,1,998,20.7,Chennai,Red,5
1851,Hyundai Creta,2015,18.56,2.23,119965,Diesel,Dealer,Manual,0,1498,13.1,Lucknow,Grey,11
1852,Maruti Brezza,2021,12.21,5.4,29134,Petrol,Dealer,Manual,1,1498,12.8,Delhi,Grey,5
1853,Hyundai Alcazar,2022,23.67,13.39,24578,Diesel,Dealer,Automatic,2,799,21.9,Lucknow,Black,4
1854,Toyota Fortuner,2020,42.27,14.26,30079,Diesel,Dealer,Automatic,3,1197,25.4,Mohali,Grey,6
1855,Volkswagen Virtus,2024,17.94,11.96,60586,Petrol,Individual,Automatic,0,998,21.0,Jaipur,Brown,2
1856,Hyundai Creta,2020,16.94,6.59,33539,Diesel,Dealer,Manual,1,1497,14.3,Mohali,Red,6
1857,Toyota Fortuner,2018,37.15,6.18,60124,Diesel,Individual,Automatic,0,2755,16.3,Pune,Blue,8
1858,Mahindra Scorpio,2015,22.05,2.65,85961,Diesel,Individual,Manual,0,1597,22.5,Jaipur,Brown,11
1859,Maruti Ertiga,2013,12.41,1.49,109498,Petrol,Dealer,Manual,0,1199,21.8,Jaipur,Grey,13
1860,Maruti Wagon R,2018,5.71,0.77,86866,Petrol,Dealer,Manual,0,2179,17.5,Amritsar,Red,8
1861,Kia Sonet,2024,11.47,9.18,2500,Petrol,Dealer,Manual,1,2179,20.7,Delhi,Brown,2
1862,Maruti Brezza,2016,13.16,1.58,68401,Petrol,Dealer,Manual,0,2393,12.6,Mumbai,Silver,10
1863,Hyundai Grand i10,2015,7.55,0.91,82852,Petrol,Individual,Manual,0,1197,25.2,Mumbai,Grey,11
1864,Maruti Baleno,2025,9.99,9.04,14435,Petrol,Dealer,Manual,0,2179,12.8,Bengaluru,Blue,1
1865,Toyota Glanza,2019,9.84,2.58,77705,Petrol,Dealer,Manual,0,1997,19.2,Hyderabad,Black,7
1866,Maruti Dzire,2017,8.77,1.5,57072,Petrol,Dealer,Manual,0,2755,22.3,Delhi,Grey,9
1867,Kia Sonet,2016,13.66,1.64,65142,Petrol,Individual,Manual,0,799,22.0,Mohali,Red,10
1868,Mahindra Scorpio,2023,19.46,12.34,25942,Diesel,Dealer,Manual,1,1498,17.8,Mumbai,White,3
1869,Hyundai i20,2018,9.01,1.46,57934,Petrol,Individual,Manual,0,799,22.4,Kolkata,Brown,8
1870,Renault Kiger,2024,9.92,6.61,41527,Petrol,Dealer,Manual,2,1197,22.4,Amritsar,Black,2
1871,Maruti Brezza,2014,12.08,1.45,77063,Petrol,Dealer,Manual,0,1956,20.5,Gurugram,White,12
1872,Maruti Fronx,2024,10.19,7.66,3238,Petrol,Dealer,Manual,2,1997,12.8,Ludhiana,Blue,2
1873,Nissan Magnite,2021,9.32,4.07,44724,Petrol,Individual,Manual,0,799,20.9,Lucknow,Black,5
1874,Hyundai Venue,2015,11.46,1.38,41846,Petrol,Dealer,Manual,1,1497,18.7,Gurugram,Silver,11
1875,Maruti Alto,2016,4.27,0.55,125454,Petrol,Dealer,Manual,0,1199,21.3,Chandigarh,Brown,10
1876,Renault Kwid,2017,4.85,0.77,54554,Petrol,Individual,Manual,0,1197,16.1,Kolkata,Grey,9
1877,Maruti Wagon R,2015,6.3,0.76,125201,Petrol,Dealer,Manual,0,1498,22.3,Mohali,Blue,11
1878,Renault Kwid,2019,5.53,0.91,69605,Petrol,Dealer,Manual,2,799,13.8,Pune,Grey,7
1879,Volkswagen Polo,2022,7.5,3.13,68066,Petrol,Individual,Manual,0,1997,25.2,Hyderabad,Brown,4
1880,Renault Kiger,2015,9.22,1.11,82303,Petrol,Dealer,Manual,0,1498,12.4,Gurugram,Black,11
1881,Renault Kwid,2017,4.56,0.55,81299,Petrol,Individual,Manual,0,1199,20.3,Pune,Grey,9
1882,Tata Nexon,2013,13.36,1.6,115092,Petrol,Individual,Manual,2,998,14.1,Jaipur,Grey,13
1883,Hyundai i20,2022,7.98,4.3,68267,Petrol,Individual,Manual,0,1497,22.7,Amritsar,Black,4
1884,Toyota Fortuner,2013,41.67,5.0,90697,Diesel,Individual,Automatic,0,1199,20.7,Gurugram,Black,13
1885,Renault Kwid,2025,4.66,4.01,20059,Petrol,Dealer,Manual,0,1597,23.6,Gurugram,Grey,1
1886,Tata Altroz,2025,9.7,7.79,26705,Petrol,Dealer,Manual,0,998,24.2,Lucknow,Blue,1
1887,Hyundai i20,2021,9.98,5.77,30192,Petrol,Dealer,Manual,0,1498,18.2,Chandigarh,White,5
1888,Kia Sonet,2023,11.43,7.94,27248,Petrol,Dealer,Manual,0,799,25.2,Noida,Brown,3
1889,Volkswagen Virtus,2016,18.93,2.27,86131,Petrol,Individual,Automatic,0,998,22.5,Kolkata,Blue,10
1890,Volkswagen Polo,2023,8.44,6.49,22593,Petrol,Individual,Manual,0,1597,15.3,Lucknow,Black,3
1891,Mahindra Thar,2025,18.14,14.71,31590,Diesel,Dealer,Manual,0,2393,24.6,Jaipur,Brown,1
1892,Honda Amaze,2014,9.05,1.09,92621,Petrol,Individual,Manual,0,1956,24.0,Gurugram,Grey,12
1893,Tata Safari,2024,22.08,16.27,52079,Diesel,Dealer,Automatic,0,1197,18.2,Jaipur,White,2
1894,Skoda Slavia,2022,17.69,10.53,24441,Petrol,Individual,Automatic,1,1956,21.0,Delhi,Grey,4
1895,Toyota Innova Crysta,2014,23.67,2.84,84534,Diesel,Individual,Manual,1,2755,22.6,Mohali,White,12
1896,Tata Nexon,2021,13.24,6.72,25896,Petrol,Dealer,Manual,1,1597,14.3,Bengaluru,White,5
1897,Hyundai Venue,2022,11.19,7.88,5594,Petrol,Individual,Manual,1,1597,17.1,Pune,Silver,4
1898,Skoda Rapid,2024,9.67,7.26,23540,Diesel,Dealer,Manual,0,1956,14.1,Chandigarh,White,2
1899,Hyundai Grand i10,2018,7.03,1.64,59127,Petrol,Dealer,Manual,0,1197,22.1,Mumbai,Red,8
1900,Mahindra XUV700,2025,24.02,21.76,5854,Diesel,Dealer,Automatic,0,1199,18.6,Delhi,Grey,1
1901,Maruti Ertiga,2012,12.44,1.49,105130,Petrol,Individual,Manual,1,1497,20.4,Mumbai,Brown,14
1902,Hyundai Creta,2014,18.13,2.18,96040,Diesel,Dealer,Manual,0,799,14.2,Chandigarh,Black,12
1903,Volkswagen Polo,2023,8.57,6.51,3840,Petrol,Dealer,Manual,1,2393,21.2,Chennai,Blue,3
1904,Tata Nexon,2012,11.35,1.36,131163,Petrol,Dealer,Manual,0,1199,12.7,Amritsar,Red,14
1905,Tata Harrier,2019,21.17,3.64,75687,Diesel,Dealer,Manual,1,1597,15.5,Pune,Grey,7
1906,Maruti Alto,2021,4.59,2.3,36621,Petrol,Dealer,Manual,1,1597,15.6,Lucknow,Silver,5
1907,Mahindra XUV700,2017,24.7,2.96,72981,Diesel,Individual,Automatic,2,1597,12.2,Mohali,Red,9
1908,Renault Kwid,2025,4.66,3.78,32218,Petrol,Individual,Manual,1,1997,13.3,Hyderabad,Red,1
1909,Mahindra Thar,2020,16.54,5.42,68681,Diesel,Individual,Manual,0,1498,24.4,Amritsar,Blue,6
1910,Volkswagen Polo,2015,8.35,1.0,117763,Petrol,Dealer,Manual,3,1197,18.1,Mumbai,Brown,11
1911,Maruti Swift,2012,8.37,1.0,116816,Petrol,Individual,Manual,0,1597,15.7,Mohali,Black,14
1912,Tata Punch,2019,9.74,2.45,36630,Petrol,Dealer,Manual,2,799,21.5,Hyderabad,Red,7
1913,MG Hector,2017,22.54,2.71,91822,Petrol,Dealer,Automatic,1,1956,18.1,Gurugram,Silver,9
1914,MG Hector,2016,21.26,2.55,95226,Petrol,Dealer,Automatic,1,1197,14.0,Chandigarh,Grey,10
1915,Honda City,2015,13.49,1.62,129461,Petrol,Individual,Manual,2,2179,12.7,Ludhiana,Silver,11
1916,Mahindra Thar,2019,18.88,4.6,68528,Diesel,Dealer,Manual,1,2179,20.4,Mumbai,Red,7
1917,Maruti Ertiga,2015,12.75,1.53,87246,Petrol,Dealer,Manual,0,1997,13.4,Gurugram,Grey,11
1918,Maruti Ciaz,2012,10.3,1.24,134287,Petrol,Individual,Manual,1,2179,15.6,Jaipur,White,14
1919,Renault Kiger,2015,7.95,0.95,116428,Petrol,Dealer,Manual,1,799,21.8,Hyderabad,White,11
1920,Hyundai Grand i10,2019,6.21,1.6,65152,Petrol,Individual,Manual,1,2755,24.2,Mumbai,Red,7
1921,Mahindra XUV700,2019,24.75,6.08,81101,Diesel,Individual,Automatic,0,1497,21.7,Amritsar,Blue,7
1922,Tata Altroz,2016,8.12,0.97,69715,Petrol,Individual,Manual,0,1199,22.7,Kolkata,Black,10
1923,Tata Tiago,2019,6.3,1.57,49435,Petrol,Individual,Manual,2,998,16.0,Mumbai,Black,7
1924,Mahindra Scorpio,2018,18.08,2.17,107518,Diesel,Individual,Manual,0,998,15.4,Kolkata,Blue,8
1925,Tata Punch,2021,8.85,3.93,31783,Petrol,Dealer,Manual,2,1199,21.0,Chandigarh,White,5
1926,MG Hector,2025,23.15,20.94,2500,Petrol,Individual,Automatic,0,1997,13.6,Gurugram,White,1
1927,Hyundai Alcazar,2021,21.05,8.67,37191,Diesel,Dealer,Automatic,1,1498,21.4,Amritsar,Blue,5
1928,Hyundai Creta,2018,16.4,2.54,73534,Diesel,Dealer,Manual,0,1498,15.4,Amritsar,White,8
1929,Hyundai Grand i10,2012,7.46,0.89,103320,Petrol,Dealer,Manual,1,2755,16.0,Kolkata,Red,14
1930,Hyundai Alcazar,2017,23.46,2.82,89587,Diesel,Individual,Automatic,2,1199,17.5,Hyderabad,White,9
1931,Renault Kiger,2015,9.87,1.18,121680,Petrol,Dealer,Manual,0,2755,15.5,Hyderabad,Brown,11
1932,Hyundai Alcazar,2018,20.4,4.25,59655,Diesel,Individual,Automatic,1,1497,14.6,Amritsar,Brown,8
1933,Hyundai Verna,2022,14.49,7.32,34678,Petrol,Individual,Manual,3,1597,21.5,Mohali,Brown,4
1934,Tata Punch,2019,8.45,2.24,61499,Petrol,Dealer,Manual,1,1597,16.3,Amritsar,Grey,7
1935,Maruti Baleno,2020,9.86,4.02,28591,Petrol,Dealer,Manual,2,1956,12.2,Chennai,White,6
1936,Volkswagen Polo,2024,8.53,5.91,40922,Petrol,Individual,Manual,1,1956,19.5,Kolkata,Silver,2
1937,Volkswagen Virtus,2021,16.08,4.76,83871,Petrol,Dealer,Automatic,1,2755,21.7,Amritsar,Red,5
1938,Maruti Dzire,2013,8.34,1.0,96974,Petrol,Dealer,Manual,0,799,13.5,Bengaluru,Grey,13
1939,Mahindra Scorpio,2023,21.2,13.93,31630,Diesel,Dealer,Manual,0,2393,18.1,Noida,Black,3
1940,Mahindra XUV700,2019,24.0,6.74,47394,Diesel,Dealer,Automatic,1,1956,21.6,Chandigarh,Red,7
1941,Mahindra Scorpio,2023,21.16,15.94,6606,Diesel,Dealer,Manual,0,1498,12.1,Noida,Red,3
1942,Toyota Fortuner,2022,44.95,22.96,40693,Diesel,Dealer,Automatic,1,2755,20.5,Chennai,Silver,4
1943,Maruti Ciaz,2017,11.35,1.36,77903,Petrol,Dealer,Manual,0,1597,14.3,Pune,Silver,9
1944,Hyundai Alcazar,2022,21.71,13.1,38374,Diesel,Individual,Automatic,0,2755,23.5,Chandigarh,Red,4
1945,Kia Seltos,2025,15.98,13.68,2500,Diesel,Individual,Manual,2,2393,22.8,Chennai,White,1
1946,Nissan Magnite,2016,8.85,1.06,62108,Petrol,Individual,Manual,1,1199,22.4,Mohali,Grey,10
1947,Kia Sonet,2023,12.5,8.29,2500,Petrol,Dealer,Manual,3,1597,20.4,Hyderabad,Grey,3
1948,Hyundai Creta,2022,15.27,10.96,2500,Diesel,Dealer,Manual,0,1498,12.6,Bengaluru,Black,4
1949,Hyundai Verna,2025,15.81,12.9,24077,Petrol,Dealer,Manual,2,2179,16.0,Amritsar,Blue,1
1950,Maruti Ciaz,2024,11.65,8.37,37990,Petrol,Dealer,Manual,0,1997,17.2,Bengaluru,Black,2
1951,Honda City,2023,15.76,12.74,2500,Petrol,Individual,Manual,0,2393,20.2,Pune,Black,3
1952,Mahindra Thar,2021,17.71,7.17,39456,Diesel,Dealer,Manual,2,2393,13.4,Amritsar,Brown,5
1953,Maruti Fronx,2017,8.97,1.68,46321,Petrol,Dealer,Manual,0,1199,17.2,Jaipur,Grey,9
1954,Honda Elevate,2012,14.28,1.71,123934,Petrol,Dealer,Manual,0,1497,19.1,Gurugram,Silver,14
1955,Mahindra Scorpio,2025,21.13,16.54,44435,Diesel,Individual,Manual,0,1497,22.2,Delhi,Grey,1
1956,Tata Nexon,2016,11.64,1.4,96677,Petrol,Individual,Manual,1,1498,19.6,Ludhiana,Brown,10
1957,Ford EcoSport,2014,10.1,1.21,97948,Diesel,Individual,Manual,1,1498,17.8,Bengaluru,Grey,12
1958,Maruti Dzire,2023,9.07,5.55,30596,Petrol,Dealer,Manual,2,1498,23.0,Kolkata,Red,3
1959,Maruti Dzire,2020,9.56,2.94,69552,Petrol,Dealer,Manual,0,2179,23.5,Jaipur,Black,6
1960,Maruti Baleno,2016,9.97,1.2,55311,Petrol,Individual,Manual,2,2179,23.8,Delhi,White,10
1961,Tata Harrier,2018,20.18,3.85,62345,Diesel,Individual,Manual,1,799,12.2,Mohali,Silver,8
1962,Maruti Ertiga,2025,11.31,9.54,19270,Petrol,Dealer,Manual,1,2179,21.7,Chandigarh,Grey,1
1963,Hyundai Alcazar,2020,24.01,8.31,49802,Diesel,Individual,Automatic,1,1956,14.0,Lucknow,White,6
1964,Skoda Rapid,2021,9.75,4.63,41695,Diesel,Individual,Manual,0,1197,15.2,Hyderabad,Brown,5
1965,Maruti Brezza,2016,12.91,1.55,37857,Petrol,Dealer,Manual,0,2393,20.1,Pune,Blue,10
1966,Mahindra Bolero,2020,10.73,2.06,82831,Diesel,Individual,Manual,2,1997,25.5,Lucknow,Red,6
1967,Toyota Glanza,2018,8.81,1.52,60007,Petrol,Individual,Manual,1,1497,17.4,Jaipur,White,8
1968,Volkswagen Polo,2018,8.62,2.5,36442,Petrol,Individual,Manual,1,1997,20.0,Gurugram,Silver,8
1969,Tata Nexon,2012,10.72,1.29,99442,Petrol,Individual,Manual,0,2755,14.4,Ludhiana,Blue,14
1970,Mahindra Scorpio,2019,19.32,6.82,38516,Diesel,Dealer,Manual,0,2179,23.7,Chennai,White,7
1971,Hyundai Creta,2012,16.72,2.01,132846,Diesel,Individual,Manual,1,1956,13.8,Bengaluru,White,14
1972,Mahindra Thar,2014,17.72,2.13,124182,Diesel,Dealer,Manual,1,1956,19.9,Lucknow,Black,12
1973,Maruti Dzire,2022,8.11,4.1,51245,Petrol,Dealer,Manual,0,1497,16.4,Jaipur,Grey,4
1974,Maruti Ertiga,2016,12.17,1.46,49034,Petrol,Individual,Manual,0,2393,12.5,Noida,Red,10
1975,Skoda Rapid,2012,10.72,1.29,135188,Diesel,Individual,Manual,0,799,14.0,Bengaluru,Red,14
1976,Tata Punch,2025,9.67,8.41,18542,Petrol,Dealer,Manual,0,1997,24.0,Pune,Brown,1
1977,Maruti Ciaz,2019,11.91,3.62,52136,Petrol,Individual,Manual,0,1597,15.1,Mohali,Silver,7
1978,Skoda Rapid,2012,9.21,1.11,97940,Diesel,Dealer,Manual,0,1498,15.5,Ludhiana,Black,14
1979,Hyundai i20,2025,8.98,6.74,29233,Petrol,Dealer,Manual,0,1199,25.0,Bengaluru,White,1
1980,Toyota Innova Crysta,2013,27.63,3.32,118040,Diesel,Individual,Manual,1,1199,21.0,Chennai,Black,13
1981,Hyundai Creta,2012,15.86,1.9,100334,Diesel,Individual,Manual,0,1597,14.3,Chennai,White,14
1982,Honda Amaze,2023,9.85,7.55,5612,Petrol,Dealer,Manual,0,1597,22.8,Kolkata,Brown,3
1983,Toyota Innova Crysta,2022,27.87,12.09,63835,Diesel,Dealer,Manual,1,2755,19.7,Ludhiana,Red,4
1984,Hyundai Creta,2023,17.85,11.72,33557,Diesel,Individual,Manual,0,1199,23.5,Chennai,Brown,3
1985,Tata Nexon,2024,11.48,8.68,4044,Petrol,Individual,Manual,1,2755,16.6,Lucknow,Silver,2
1986,Skoda Slavia,2020,16.64,5.04,69840,Petrol,Dealer,Automatic,0,1199,15.1,Delhi,Grey,6
1987,Toyota Innova Crysta,2023,24.06,14.66,55668,Diesel,Dealer,Manual,0,1497,14.8,Chandigarh,Grey,3
1988,Hyundai Verna,2021,13.2,4.12,86383,Petrol,Dealer,Manual,0,1498,16.8,Ludhiana,Grey,5
1989,Maruti Ertiga,2021,11.86,5.96,55048,Petrol,Individual,Manual,0,1597,12.1,Lucknow,Black,5
1990,Toyota Glanza,2012,8.04,0.96,128703,Petrol,Individual,Manual,2,2755,14.7,Pune,Silver,14
1991,Tata Nexon,2024,10.7,7.84,33210,Petrol,Individual,Manual,0,998,23.8,Pune,Blue,2
1992,Volkswagen Virtus,2025,14.62,10.88,52836,Petrol,Dealer,Automatic,0,1956,19.6,Pune,Grey,1
1993,Kia Seltos,2024,19.31,13.74,15422,Diesel,Dealer,Manual,1,1199,18.0,Chennai,Red,2
1994,Hyundai Creta,2023,18.35,12.36,21955,Diesel,Dealer,Manual,1,998,24.0,Lucknow,White,3
1995,Kia Sonet,2014,13.16,1.58,92891,Petrol,Dealer,Manual,1,1497,14.8,Kolkata,Red,12
1996,Tata Altroz,2017,8.98,1.08,62104,Petrol,Dealer,Manual,1,2179,21.7,Jaipur,Grey,9
1997,Jeep Compass,2025,22.93,20.24,2500,Diesel,Individual,Automatic,1,1497,22.2,Pune,Blue,1
1998,Toyota Glanza,2020,9.1,3.29,56324,Petrol,Individual,Manual,0,1597,12.8,Amritsar,Silver,6
1999,Mahindra Scorpio,2016,20.33,2.44,101206,Diesel,Individual,Manual,0,1956,15.6,Amritsar,Silver,10
2000,Maruti Brezza,2017,12.37,1.48,60758,Petrol,Dealer,Manual,1,1997,14.2,Ludhiana,Grey,9
2001,Maruti Brezza,2019,12.96,2.09,63961,Petrol,Dealer,Manual,1,2179,21.3,Bengaluru,Grey,7
2002,Maruti Ertiga,2017,10.99,2.55,19694,Petrol,Dealer,Manual,1,799,23.8,Noida,Black,9
2003,Hyundai Verna,2024,14.75,8.15,47964,Petrol,Dealer,Manual,2,799,21.5,Pune,Black,2
2004,Hyundai Alcazar,2014,21.78,2.61,69260,Diesel,Individual,Automatic,0,1597,22.5,Kolkata,Grey,12
2005,Maruti Brezza,2019,12.79,2.39,70340,Petrol,Dealer,Manual,0,1199,21.0,Hyderabad,Black,7
2006,Jeep Compass,2019,27.95,4.82,100127,Diesel,Dealer,Automatic,0,2755,14.1,Chandigarh,Blue,7
2007,Jeep Compass,2013,22.62,2.71,105167,Diesel,Individual,Automatic,1,1597,12.9,Pune,Red,13
2008,Hyundai Verna,2025,14.41,10.85,29046,Petrol,Dealer,Manual,1,1956,18.3,Noida,Black,1
2009,Toyota Innova Crysta,2017,22.73,2.73,75277,Diesel,Dealer,Manual,0,1497,16.4,Pune,Blue,9
2010,Honda Elevate,2015,14.57,1.75,95758,Petrol,Dealer,Manual,0,1497,21.5,Mumbai,Blue,11
2011,Mahindra Scorpio,2025,20.0,14.49,47754,Diesel,Dealer,Manual,1,1597,17.3,Jaipur,Blue,1
2012,Honda City,2023,13.61,10.7,2500,Petrol,Dealer,Manual,0,1956,13.6,Mohali,Red,3
2013,Hyundai Grand i10,2016,7.25,0.87,69858,Petrol,Individual,Manual,1,1199,19.0,Chandigarh,Grey,10
2014,Tata Nexon,2016,10.72,1.29,77246,Petrol,Dealer,Manual,0,1956,15.5,Hyderabad,Brown,10
2015,Maruti Ertiga,2019,11.55,2.62,44974,Petrol,Dealer,Manual,1,998,17.3,Lucknow,Black,7
2016,Toyota Fortuner,2021,38.64,22.51,25390,Diesel,Dealer,Automatic,1,1498,19.8,Mumbai,White,5
2017,MG Hector,2023,21.48,14.65,24831,Petrol,Individual,Automatic,0,1197,16.0,Chennai,Silver,3
2018,Tata Nexon,2023,12.08,7.36,30943,Petrol,Dealer,Manual,1,2755,23.3,Pune,Black,3
2019,Skoda Slavia,2015,16.62,1.99,78856,Petrol,Individual,Automatic,0,1498,15.4,Chennai,Silver,11
2020,Maruti Alto,2019,4.23,1.24,61878,Petrol,Individual,Manual,0,1497,14.5,Amritsar,Black,7
2021,Maruti Ertiga,2017,11.19,1.34,86389,Petrol,Individual,Manual,1,1956,18.9,Noida,Silver,9
2022,Maruti Ertiga,2019,10.32,3.63,48885,Petrol,Individual,Manual,0,2393,14.1,Pune,Brown,7
2023,Tata Tiago,2024,6.71,5.23,4757,Petrol,Dealer,Manual,0,1197,13.9,Chennai,Silver,2
2024,Maruti Dzire,2013,9.49,1.14,139286,Petrol,Individual,Manual,0,1497,22.4,Mohali,Brown,13
2025,Maruti Alto,2016,4.07,0.55,51807,Petrol,Individual,Manual,1,1956,13.9,Amritsar,White,10
2026,Tata Nexon,2022,13.39,8.33,26545,Petrol,Dealer,Manual,0,1197,19.2,Hyderabad,Black,4
2027,Mahindra XUV700,2013,27.4,3.29,131264,Diesel,Dealer,Automatic,0,1497,23.2,Pune,Black,13
2028,Renault Kwid,2024,4.51,3.64,2500,Petrol,Dealer,Manual,1,1597,12.8,Amritsar,Black,2
2029,Hyundai Grand i10,2013,6.3,0.76,132325,Petrol,Individual,Manual,2,1197,15.5,Mumbai,Silver,13
2030,Hyundai Creta,2013,18.71,2.25,43547,Diesel,Dealer,Manual,0,2179,12.8,Chandigarh,White,13
2031,Toyota Fortuner,2019,38.53,8.05,82176,Diesel,Individual,Automatic,0,1497,22.2,Gurugram,Silver,7
2032,Kia Seltos,2017,19.51,2.34,94755,Diesel,Dealer,Manual,1,2393,19.8,Ludhiana,Black,9
2033,Hyundai Venue,2014,13.3,1.6,93109,Petrol,Dealer,Manual,1,998,19.0,Bengaluru,Grey,12
2034,Mahindra Bolero,2020,10.45,3.62,32548,Diesel,Individual,Manual,3,1498,14.6,Gurugram,Silver,6
2035,Maruti Brezza,2015,12.81,1.54,71865,Petrol,Individual,Manual,1,998,23.6,Mumbai,Grey,11
2036,Toyota Glanza,2012,9.36,1.12,107190,Petrol,Individual,Manual,0,1199,22.2,Mohali,Black,14
2037,Hyundai Verna,2015,14.97,1.8,89246,Petrol,Individual,Manual,0,799,13.2,Gurugram,Grey,11
2038,Tata Nexon,2012,11.95,1.43,102453,Petrol,Individual,Manual,0,1597,21.0,Pune,Red,14
2039,Toyota Glanza,2018,9.64,2.58,47549,Petrol,Dealer,Manual,0,1597,14.7,Noida,Silver,8
2040,Tata Harrier,2019,20.83,6.5,42467,Diesel,Individual,Manual,0,998,16.4,Gurugram,Brown,7
2041,Tata Tiago,2025,7.38,6.67,6170,Petrol,Dealer,Manual,0,1498,13.5,Kolkata,Brown,1
2042,Renault Kiger,2020,8.54,3.62,21522,Petrol,Dealer,Manual,2,1498,21.6,Kolkata,White,6
2043,Mahindra Bolero,2013,10.17,1.22,83240,Diesel,Dealer,Manual,2,1597,22.3,Chennai,Red,13
2044,Honda City,2015,13.47,1.62,107927,Petrol,Individual,Manual,2,1497,21.6,Kolkata,Brown,11
2045,Toyota Innova Crysta,2013,22.92,2.75,103348,Diesel,Dealer,Manual,1,2393,17.7,Mohali,Red,13
2046,Mahindra Scorpio,2017,20.48,2.46,98209,Diesel,Dealer,Manual,0,2393,15.9,Kolkata,Grey,9
2047,Skoda Slavia,2016,17.81,2.14,70343,Petrol,Dealer,Automatic,0,1597,17.0,Gurugram,Red,10
2048,Volkswagen Polo,2015,7.41,0.89,95373,Petrol,Individual,Manual,0,1197,24.8,Ludhiana,White,11
2049,Honda Elevate,2017,16.58,1.99,73567,Petrol,Individual,Manual,0,1997,23.2,Delhi,Black,9
2050,Honda Elevate,2018,15.45,1.85,110902,Petrol,Individual,Manual,1,1597,13.1,Lucknow,Silver,8
2051,Tata Altroz,2020,9.97,3.08,100543,Petrol,Individual,Manual,0,1597,24.7,Amritsar,White,6
2052,Tata Tiago,2020,7.17,3.15,42686,Petrol,Dealer,Manual,0,1497,25.3,Kolkata,Grey,6
2053,Maruti Dzire,2015,9.83,1.18,112570,Petrol,Individual,Manual,0,2179,18.7,Chennai,Brown,11
2054,Kia Sonet,2019,11.75,2.45,68545,Petrol,Dealer,Manual,1,1498,20.3,Mohali,Silver,7
2055,Nissan Magnite,2019,9.66,2.72,53924,Petrol,Dealer,Manual,1,2393,18.1,Bengaluru,Grey,7
2056,Ford EcoSport,2024,10.48,7.95,16399,Diesel,Individual,Manual,0,1956,14.5,Hyderabad,Brown,2
2057,Maruti Dzire,2018,9.51,1.76,62659,Petrol,Dealer,Manual,1,1997,23.1,Ludhiana,Red,8
2058,Maruti Ertiga,2012,12.32,1.48,113602,Petrol,Dealer,Manual,0,1956,13.4,Delhi,Blue,14
2059,Toyota Glanza,2025,9.37,8.05,13192,Petrol,Dealer,Manual,0,1997,22.6,Kolkata,Silver,1
2060,Tata Tiago,2018,6.47,1.52,51543,Petrol,Dealer,Manual,0,1597,15.8,Ludhiana,Grey,8
2061,Jeep Compass,2021,24.64,13.5,26116,Diesel,Individual,Automatic,0,1597,20.8,Hyderabad,Blue,5
2062,Tata Punch,2017,9.59,1.15,82208,Petrol,Dealer,Manual,1,1197,16.1,Chennai,Black,9
2063,Tata Altroz,2017,9.23,1.11,90920,Petrol,Dealer,Manual,0,1597,22.5,Ludhiana,Blue,9
2064,Maruti Ertiga,2019,11.04,3.86,38501,Petrol,Individual,Manual,0,1498,23.1,Mohali,Grey,7
2065,Renault Kiger,2016,8.16,0.98,90424,Petrol,Individual,Manual,1,1597,12.9,Jaipur,Silver,10
2066,Toyota Fortuner,2025,37.86,31.56,5013,Diesel,Dealer,Automatic,0,2179,17.9,Kolkata,Brown,1
2067,Ford EcoSport,2014,8.86,1.06,123824,Diesel,Dealer,Manual,0,998,15.1,Ludhiana,White,12
2068,Toyota Glanza,2020,8.4,2.67,42859,Petrol,Individual,Manual,1,1956,17.0,Chennai,Silver,6
2069,Kia Sonet,2016,13.45,1.61,81188,Petrol,Dealer,Manual,0,1497,25.3,Amritsar,Brown,10
2070,Mahindra Thar,2014,17.01,2.04,80268,Diesel,Dealer,Manual,0,998,16.5,Mohali,Grey,12
2071,Toyota Innova Crysta,2023,25.65,15.24,23504,Diesel,Individual,Manual,2,799,25.3,Lucknow,Brown,3
2072,Honda Amaze,2025,8.39,8.05,9648,Petrol,Dealer,Manual,0,799,20.2,Pune,White,1
2073,Tata Tiago,2013,6.5,0.78,131855,Petrol,Individual,Manual,0,1597,19.6,Amritsar,Grey,13
2074,Kia Seltos,2015,15.42,1.85,76037,Diesel,Dealer,Manual,2,799,14.0,Jaipur,Brown,11
2075,Nissan Magnite,2015,8.83,1.06,95288,Petrol,Dealer,Manual,0,1597,23.2,Jaipur,Red,11
2076,Maruti Baleno,2017,9.03,1.08,91702,Petrol,Dealer,Manual,1,2179,24.6,Amritsar,Brown,9
2077,Skoda Rapid,2017,10.16,1.25,57615,Diesel,Individual,Manual,0,998,18.1,Bengaluru,Black,9
2078,Skoda Rapid,2017,9.35,1.12,96827,Diesel,Dealer,Manual,1,2179,20.4,Pune,Grey,9
2079,MG Hector,2023,23.75,16.6,21311,Petrol,Individual,Automatic,1,1199,15.1,Pune,Blue,3
2080,Hyundai Venue,2015,10.89,1.31,89690,Petrol,Dealer,Manual,1,2179,19.5,Lucknow,Blue,11
2081,Renault Kiger,2021,8.22,4.31,15249,Petrol,Individual,Manual,1,1956,22.7,Pune,Blue,5
2082,Renault Kwid,2025,5.51,4.83,2500,Petrol,Dealer,Manual,0,2755,19.4,Delhi,Red,1
2083,Maruti Brezza,2019,12.0,3.77,48510,Petrol,Dealer,Manual,0,1497,20.8,Jaipur,Red,7
2084,Maruti Swift,2020,7.74,4.01,37439,Petrol,Dealer,Manual,0,1597,14.6,Mumbai,Grey,6
2085,Honda Amaze,2021,8.08,4.36,22198,Petrol,Dealer,Manual,1,2393,22.5,Noida,Grey,5
2086,Volkswagen Polo,2015,7.73,0.93,86573,Petrol,Individual,Manual,0,1956,13.7,Hyderabad,White,11
2087,Tata Altroz,2019,8.87,2.0,96768,Petrol,Individual,Manual,0,1956,12.7,Chandigarh,Grey,7
2088,Hyundai i20,2014,8.14,0.98,119185,Petrol,Individual,Manual,0,1199,15.2,Mohali,Grey,12
2089,Hyundai Verna,2023,13.29,8.79,36900,Petrol,Individual,Manual,0,1597,17.5,Jaipur,Blue,3
2090,Maruti Fronx,2017,9.24,1.11,64414,Petrol,Dealer,Manual,0,998,20.7,Mumbai,White,9
2091,Renault Kiger,2025,9.42,6.51,27709,Petrol,Individual,Manual,3,998,14.2,Noida,White,1
2092,Ford EcoSport,2014,10.44,1.25,120413,Diesel,Individual,Manual,0,2393,21.0,Lucknow,Blue,12
2093,Maruti Ciaz,2025,11.95,10.79,2500,Petrol,Dealer,Manual,0,2755,17.7,Pune,Blue,1
2094,Mahindra Bolero,2023,10.22,5.37,63191,Diesel,Dealer,Manual,2,799,12.3,Mumbai,Blue,3
2095,Kia Seltos,2021,18.44,11.53,28822,Diesel,Dealer,Manual,0,1597,14.5,Gurugram,Red,5
2096,Hyundai Verna,2021,15.32,6.28,47704,Petrol,Individual,Manual,1,2393,16.0,Chennai,Red,5
2097,Mahindra Scorpio,2015,20.83,2.5,77077,Diesel,Dealer,Manual,1,1997,22.6,Gurugram,Brown,11
2098,Renault Kiger,2015,9.78,1.17,72960,Petrol,Individual,Manual,0,1997,17.1,Amritsar,Black,11
2099,Skoda Slavia,2020,17.54,5.11,78828,Petrol,Individual,Automatic,0,1597,17.5,Bengaluru,Red,6
2100,Maruti Baleno,2025,8.46,7.3,6658,Petrol,Individual,Manual,2,1197,14.1,Amritsar,Brown,1
2101,Jeep Compass,2025,24.07,21.22,4241,Diesel,Individual,Automatic,2,799,19.7,Chandigarh,Grey,1
2102,Mahindra XUV700,2018,24.95,4.38,49819,Diesel,Individual,Automatic,1,1597,24.3,Chandigarh,Grey,8
2103,Skoda Slavia,2016,18.05,2.17,87861,Petrol,Dealer,Automatic,1,1997,16.7,Mohali,Grey,10
2104,Toyota Glanza,2021,7.94,3.95,36572,Petrol,Dealer,Manual,0,1597,16.0,Hyderabad,Brown,5
2105,Toyota Fortuner,2020,44.14,11.22,68838,Diesel,Dealer,Automatic,1,799,22.2,Lucknow,Black,6
2106,Honda Amaze,2021,8.73,4.18,40567,Petrol,Individual,Manual,0,1498,20.4,Jaipur,White,5
2107,Toyota Innova Crysta,2022,24.43,15.34,15986,Diesel,Individual,Manual,1,799,13.7,Chandigarh,Black,4
2108,Maruti Ertiga,2020,10.99,5.47,31793,Petrol,Individual,Manual,1,2393,18.9,Bengaluru,Grey,6
2109,Maruti Alto,2013,3.75,0.55,62860,Petrol,Individual,Manual,2,2393,24.1,Pune,Grey,13
2110,Hyundai Creta,2017,18.05,2.17,71610,Diesel,Dealer,Manual,0,1497,24.2,Amritsar,Black,9
2111,Hyundai Creta,2018,18.85,2.26,102084,Diesel,Dealer,Manual,2,1498,19.3,Gurugram,Red,8
2112,Maruti Ciaz,2019,11.86,2.55,57616,Petrol,Dealer,Manual,0,1199,15.9,Noida,Red,7
2113,Maruti Dzire,2014,9.01,1.08,75006,Petrol,Dealer,Manual,0,1597,24.8,Ludhiana,Grey,12
2114,Maruti Baleno,2022,7.95,5.33,2500,Petrol,Dealer,Manual,0,1597,16.3,Gurugram,Brown,4
2115,Skoda Slavia,2017,17.36,2.08,97442,Petrol,Individual,Automatic,2,1597,17.4,Jaipur,Brown,9
2116,Renault Kiger,2012,8.56,1.03,114898,Petrol,Dealer,Manual,0,1199,15.8,Chandigarh,Brown,14
2117,Toyota Innova Crysta,2021,24.86,8.53,82461,Diesel,Dealer,Manual,0,799,19.3,Kolkata,Brown,5
2118,Maruti Swift,2018,7.46,1.43,61151,Petrol,Individual,Manual,0,799,12.1,Bengaluru,White,8
2119,Renault Kiger,2015,8.14,0.98,102890,Petrol,Dealer,Manual,1,2755,22.4,Mumbai,Silver,11
2120,Hyundai Alcazar,2016,20.88,2.51,67560,Diesel,Dealer,Automatic,1,1498,24.6,Jaipur,Grey,10
2121,Skoda Slavia,2013,17.62,2.11,85352,Petrol,Individual,Automatic,1,799,24.3,Kolkata,Red,13
2122,Jeep Compass,2022,23.38,8.38,85221,Diesel,Dealer,Automatic,0,1497,22.1,Hyderabad,Black,4
2123,Volkswagen Virtus,2021,15.0,5.95,62493,Petrol,Individual,Automatic,0,1997,23.4,Bengaluru,Silver,5
2124,Renault Kwid,2022,5.1,3.0,10789,Petrol,Individual,Manual,1,1497,22.3,Noida,Red,4
2125,Hyundai Venue,2016,12.53,1.5,71571,Petrol,Dealer,Manual,0,799,17.6,Lucknow,Grey,10
2126,Nissan Magnite,2015,9.32,1.12,26957,Petrol,Individual,Manual,2,1956,24.8,Delhi,Grey,11
2127,Volkswagen Polo,2025,8.12,6.26,15138,Petrol,Dealer,Manual,2,799,20.9,Jaipur,Silver,1
2128,Maruti Baleno,2016,9.57,1.15,67274,Petrol,Individual,Manual,0,1956,20.5,Mohali,White,10
2129,Maruti Alto,2015,4.37,0.55,99892,Petrol,Individual,Manual,0,1498,23.2,Mumbai,Blue,11
2130,Mahindra Scorpio,2023,20.24,13.96,28153,Diesel,Individual,Manual,0,2393,24.0,Hyderabad,Black,3
2131,Maruti Ertiga,2024,10.43,6.45,63261,Petrol,Individual,Manual,1,1956,17.9,Jaipur,Blue,2
2132,Tata Tiago,2022,6.81,4.37,17664,Petrol,Individual,Manual,0,2393,24.9,Kolkata,White,4
2133,Tata Altroz,2025,8.53,6.89,2500,Petrol,Individual,Manual,2,1199,12.7,Chennai,White,1
2134,Toyota Fortuner,2020,36.68,10.09,93961,Diesel,Dealer,Automatic,1,2755,14.1,Noida,Silver,6
2135,Volkswagen Virtus,2024,19.05,13.38,39760,Petrol,Individual,Automatic,1,998,19.0,Kolkata,Black,2
2136,Hyundai i20,2012,8.53,1.02,119532,Petrol,Individual,Manual,0,799,13.4,Chandigarh,White,14
2137,Tata Nexon,2015,12.37,1.48,89673,Petrol,Individual,Manual,2,1597,18.5,Noida,Black,11
2138,Hyundai Venue,2019,12.88,3.94,37679,Petrol,Dealer,Manual,1,1497,24.4,Hyderabad,Red,7
2139,Toyota Innova Crysta,2020,25.62,9.22,58349,Diesel,Individual,Manual,0,998,15.2,Kolkata,Blue,6
2140,Honda Elevate,2012,15.82,1.9,164404,Petrol,Dealer,Manual,0,2755,16.2,Ludhiana,White,14
2141,Maruti Baleno,2018,8.08,1.59,66638,Petrol,Dealer,Manual,1,1197,24.8,Bengaluru,Silver,8
2142,Renault Kwid,2024,5.15,3.63,33123,Petrol,Individual,Manual,0,2755,16.1,Noida,White,2
2143,Jeep Compass,2023,26.94,14.64,59529,Diesel,Dealer,Automatic,0,2393,16.8,Mohali,White,3
2144,Maruti Dzire,2016,10.06,1.21,74490,Petrol,Dealer,Manual,0,1956,13.5,Mohali,Black,10
2145,Mahindra XUV700,2019,22.69,6.34,60436,Diesel,Dealer,Automatic,0,1597,24.9,Kolkata,Brown,7
2146,Jeep Compass,2018,23.45,2.81,122937,Diesel,Individual,Automatic,0,2393,15.1,Hyderabad,Grey,8
2147,Hyundai Creta,2015,17.52,2.1,121647,Diesel,Individual,Manual,1,1956,21.6,Gurugram,White,11
2148,Kia Seltos,2019,17.94,3.09,77955,Diesel,Dealer,Manual,0,1497,24.7,Amritsar,Black,7
2149,Nissan Magnite,2022,9.59,5.57,36802,Petrol,Individual,Manual,1,2755,13.6,Delhi,Red,4
2150,Toyota Glanza,2023,9.27,5.69,30747,Petrol,Individual,Manual,1,1956,18.2,Lucknow,Blue,3
2151,Toyota Innova Crysta,2024,22.08,11.46,70855,Diesel,Dealer,Manual,1,1997,14.9,Bengaluru,Brown,2
2152,Hyundai Alcazar,2020,21.79,10.31,26445,Diesel,Individual,Automatic,0,1498,15.2,Hyderabad,Brown,6
2153,Tata Tiago,2023,6.61,4.62,21872,Petrol,Dealer,Manual,1,1497,25.0,Lucknow,Silver,3
2154,Volkswagen Virtus,2014,15.28,1.83,93786,Petrol,Dealer,Automatic,1,1498,24.1,Pune,Silver,12
2155,Maruti Swift,2012,8.6,1.03,114838,Petrol,Individual,Manual,0,2393,15.7,Lucknow,Silver,14
2156,Maruti Ertiga,2015,11.29,1.35,67807,Petrol,Dealer,Manual,0,1956,15.1,Kolkata,White,11
2157,Toyota Innova Crysta,2018,27.2,3.51,57233,Diesel,Dealer,Manual,1,1199,14.9,Delhi,Blue,8
2158,Honda Elevate,2012,16.02,1.92,116343,Petrol,Dealer,Manual,0,1199,23.7,Noida,Grey,14
2159,Maruti Baleno,2025,7.95,6.58,39806,Petrol,Individual,Manual,0,2393,18.9,Delhi,Brown,1
2160,Volkswagen Polo,2024,7.35,5.87,19866,Petrol,Dealer,Manual,0,2755,24.4,Hyderabad,Red,2
2161,Maruti Fronx,2015,9.31,1.12,77044,Petrol,Dealer,Manual,1,1497,19.9,Chandigarh,Blue,11
2162,Renault Kiger,2014,9.67,1.16,122499,Petrol,Dealer,Manual,0,1956,21.5,Chennai,Black,12
2163,Honda Elevate,2025,17.19,12.31,23768,Petrol,Individual,Manual,3,1956,15.4,Chennai,Black,1
2164,Renault Kiger,2019,8.05,2.38,60069,Petrol,Dealer,Manual,0,2179,15.6,Jaipur,Black,7
2165,Mahindra XUV700,2018,27.42,4.61,70419,Diesel,Dealer,Automatic,0,1199,17.4,Delhi,Blue,8
2166,Renault Kwid,2020,5.46,1.22,53645,Petrol,Individual,Manual,2,2755,14.4,Delhi,White,6
2167,Skoda Rapid,2017,10.03,1.2,117276,Diesel,Dealer,Manual,0,1997,15.7,Jaipur,Silver,9
2168,Maruti Baleno,2023,9.54,5.64,24707,Petrol,Individual,Manual,2,1597,13.9,Bengaluru,White,3
2169,Tata Tiago,2024,6.2,4.25,31901,Petrol,Dealer,Manual,1,1497,20.8,Mumbai,Red,2
2170,Skoda Slavia,2017,19.03,3.47,47319,Petrol,Dealer,Automatic,0,1197,16.0,Ludhiana,Red,9
2171,Hyundai Venue,2014,11.75,1.41,77482,Petrol,Individual,Manual,0,1956,16.5,Mumbai,Blue,12
2172,Mahindra Scorpio,2014,21.56,2.59,101440,Diesel,Individual,Manual,1,2393,13.4,Pune,Silver,12
2173,Kia Seltos,2025,18.57,16.04,9123,Diesel,Individual,Manual,1,2179,20.3,Amritsar,Black,1
2174,Maruti Ciaz,2025,11.39,9.23,27633,Petrol,Dealer,Manual,0,1497,19.9,Noida,Blue,1
2175,Toyota Fortuner,2018,38.28,9.26,60093,Diesel,Individual,Automatic,0,1956,15.1,Gurugram,Brown,8
2176,Maruti Brezza,2016,12.04,1.44,112278,Petrol,Dealer,Manual,0,1497,16.5,Lucknow,Silver,10
2177,Mahindra Bolero,2015,11.05,1.33,82714,Diesel,Dealer,Manual,0,1199,21.2,Ludhiana,Black,11
2178,Mahindra Bolero,2019,9.59,2.56,47197,Diesel,Dealer,Manual,1,2179,19.5,Ludhiana,Brown,7
2179,Volkswagen Polo,2015,7.31,0.88,83093,Petrol,Dealer,Manual,0,1997,13.2,Hyderabad,Black,11
2180,Renault Kiger,2014,9.32,1.12,122317,Petrol,Individual,Manual,0,799,22.1,Hyderabad,White,12
2181,Skoda Rapid,2021,9.94,4.05,57936,Diesel,Dealer,Manual,0,998,12.2,Bengaluru,Red,5
2182,Tata Tiago,2013,6.68,0.8,85686,Petrol,Dealer,Manual,2,1197,20.6,Bengaluru,Grey,13
2183,Tata Harrier,2023,19.16,11.86,37477,Diesel,Individual,Manual,1,1497,24.2,Chennai,Red,3
2184,Maruti Alto,2025,4.65,3.59,48252,Petrol,Dealer,Manual,0,2179,14.0,Mumbai,Black,1
2185,Hyundai Creta,2020,16.66,4.43,77890,Diesel,Individual,Manual,1,1597,21.6,Lucknow,Silver,6
2186,Toyota Innova Crysta,2021,22.54,11.04,29659,Diesel,Dealer,Manual,1,2393,24.2,Bengaluru,Blue,5
2187,Hyundai Alcazar,2025,19.6,14.88,36262,Diesel,Dealer,Automatic,1,1199,12.4,Chandigarh,Brown,1
2188,Hyundai Creta,2020,15.68,4.79,72844,Diesel,Individual,Manual,1,1497,15.3,Chandigarh,Red,6
2189,Tata Nexon,2022,12.15,5.97,54135,Petrol,Individual,Manual,0,1956,25.0,Kolkata,Silver,4
2190,Hyundai Verna,2016,15.78,1.89,59102,Petrol,Dealer,Manual,0,2755,13.2,Chandigarh,White,10
2191,Ford EcoSport,2017,10.01,1.2,80128,Diesel,Individual,Manual,0,998,22.5,Noida,Grey,9
2192,Mahindra Thar,2024,15.49,10.49,15202,Diesel,Dealer,Manual,2,1997,16.2,Bengaluru,Silver,2
2193,Honda City,2012,13.41,1.61,113682,Petrol,Dealer,Manual,0,2393,16.9,Delhi,Silver,14
2194,Nissan Magnite,2014,9.78,1.17,89606,Petrol,Dealer,Manual,1,1597,13.7,Jaipur,Silver,12
2195,Tata Nexon,2012,10.7,1.28,123296,Petrol,Individual,Manual,0,2179,23.5,Amritsar,Black,14
2196,Tata Harrier,2021,20.02,10.8,22054,Diesel,Individual,Manual,0,1497,16.8,Mohali,Red,5
2197,Tata Tiago,2023,7.65,5.16,32180,Petrol,Individual,Manual,0,1199,22.8,Jaipur,Brown,3
2198,Tata Punch,2019,10.07,1.78,104578,Petrol,Dealer,Manual,1,998,25.1,Bengaluru,Blue,7
2199,Tata Altroz,2015,9.23,1.11,70456,Petrol,Individual,Manual,0,1498,20.3,Kolkata,Silver,11
2200,Maruti Ertiga,2012,11.22,1.35,138707,Petrol,Dealer,Manual,0,1197,24.7,Noida,Black,14
2201,Skoda Rapid,2024,9.89,7.59,5404,Diesel,Individual,Manual,2,998,23.5,Jaipur,Black,2
2202,Honda Elevate,2016,16.6,1.99,71380,Petrol,Individual,Manual,1,1498,19.5,Kolkata,Black,10
2203,Maruti Swift,2025,7.98,6.89,25355,Petrol,Dealer,Manual,0,2755,22.1,Ludhiana,Blue,1
2204,Tata Harrier,2018,21.9,3.09,80287,Diesel,Individual,Manual,0,2755,12.2,Gurugram,Brown,8
2205,Maruti Swift,2018,8.45,1.34,74189,Petrol,Dealer,Manual,1,1197,12.1,Jaipur,White,8
2206,Hyundai Grand i10,2019,7.21,1.69,81740,Petrol,Dealer,Manual,0,2179,14.4,Mohali,White,7
2207,Hyundai Verna,2019,13.75,3.82,63296,Petrol,Dealer,Manual,0,1498,17.3,Bengaluru,Red,7
2208,Hyundai Verna,2015,14.96,1.8,63884,Petrol,Individual,Manual,0,1597,13.2,Chandigarh,Grey,11
2209,Maruti Wagon R,2014,6.62,0.79,89115,Petrol,Individual,Manual,0,799,24.2,Ludhiana,Black,12
2210,Mahindra Thar,2025,15.91,13.82,19277,Diesel,Dealer,Manual,1,1199,15.6,Lucknow,Grey,1
2211,Hyundai Creta,2025,17.57,13.88,35897,Diesel,Dealer,Manual,1,1956,14.3,Jaipur,Black,1
2212,Hyundai Alcazar,2024,21.95,15.33,32964,Diesel,Dealer,Automatic,1,1597,25.1,Mohali,Red,2
2213,Maruti Alto,2025,4.48,3.23,44017,Petrol,Individual,Manual,1,1956,23.7,Kolkata,Grey,1
2214,Kia Sonet,2025,12.56,9.08,10751,Petrol,Individual,Manual,3,1497,18.1,Mumbai,Grey,1
2215,Maruti Swift,2018,7.68,1.46,47171,Petrol,Dealer,Manual,1,1497,22.6,Gurugram,White,8
2216,Tata Punch,2025,8.42,7.74,2500,Petrol,Dealer,Manual,1,1597,20.9,Pune,Brown,1
2217,Maruti Fronx,2021,9.51,3.0,70234,Petrol,Individual,Manual,0,1498,22.0,Pune,Black,5
2218,Renault Kiger,2017,8.71,1.78,35536,Petrol,Dealer,Manual,1,1497,12.9,Jaipur,White,9
2219,Tata Harrier,2022,19.54,8.68,51728,Diesel,Individual,Manual,0,799,22.5,Kolkata,Black,4
2220,Kia Seltos,2023,16.46,12.59,21823,Diesel,Dealer,Manual,0,998,22.9,Bengaluru,White,3
2221,Kia Sonet,2018,12.62,4.87,13674,Petrol,Individual,Manual,0,1199,20.0,Pune,White,8
2222,Volkswagen Virtus,2021,17.82,5.61,85777,Petrol,Dealer,Automatic,0,1199,12.3,Chandigarh,Silver,5
2223,Tata Nexon,2012,11.46,1.38,95449,Petrol,Individual,Manual,1,1497,12.0,Chandigarh,White,14
2224,Tata Harrier,2012,22.39,2.69,98634,Diesel,Individual,Manual,0,998,20.0,Amritsar,Grey,14
2225,Skoda Rapid,2013,9.8,1.18,94494,Diesel,Dealer,Manual,0,799,15.5,Lucknow,Brown,13
2226,Tata Altroz,2020,8.4,1.92,67402,Petrol,Dealer,Manual,1,1199,23.2,Delhi,Grey,6
2227,Tata Nexon,2024,10.73,7.72,38560,Petrol,Individual,Manual,1,1199,21.0,Lucknow,Red,2
2228,Maruti Baleno,2025,8.52,6.84,9162,Petrol,Individual,Manual,2,1197,20.7,Noida,Grey,1
2229,Tata Nexon,2022,10.89,4.52,50263,Petrol,Dealer,Manual,2,998,18.9,Kolkata,Blue,4
2230,Hyundai Creta,2012,17.74,2.13,122227,Diesel,Dealer,Manual,1,2393,13.1,Bengaluru,Silver,14
2231,Hyundai Alcazar,2018,20.95,2.51,71389,Diesel,Individual,Automatic,1,2393,12.5,Mohali,Silver,8
2232,Maruti Swift,2018,8.66,1.04,70278,Petrol,Dealer,Manual,0,1956,20.9,Chennai,White,8
2233,Nissan Magnite,2023,8.38,5.3,33661,Petrol,Individual,Manual,0,2179,24.8,Chennai,Silver,3
2234,Hyundai Venue,2020,12.57,2.79,60938,Petrol,Dealer,Manual,2,1197,12.7,Lucknow,Red,6
2235,Hyundai i20,2012,9.64,1.16,120516,Petrol,Dealer,Manual,1,1597,24.8,Chennai,Red,14
2236,Tata Tiago,2021,6.99,2.76,36751,Petrol,Dealer,Manual,2,1997,15.1,Hyderabad,Brown,5
2237,Maruti Dzire,2017,8.72,1.05,88707,Petrol,Individual,Manual,0,1199,13.9,Pune,White,9
2238,Renault Kwid,2020,5.16,2.1,41080,Petrol,Individual,Manual,0,799,21.3,Noida,Blue,6
2239,Hyundai Verna,2019,16.68,3.0,65263,Petrol,Individual,Manual,1,1597,22.9,Delhi,Brown,7
2240,Toyota Innova Crysta,2017,23.2,3.33,52218,Diesel,Individual,Manual,1,2179,24.0,Ludhiana,Red,9
2241,Hyundai i20,2014,9.91,1.19,124979,Petrol,Dealer,Manual,2,799,15.9,Noida,Grey,12
2242,Maruti Alto,2018,3.93,0.61,42165,Petrol,Individual,Manual,1,1597,16.7,Mumbai,Brown,8
2243,Tata Punch,2023,9.63,5.62,55967,Petrol,Dealer,Manual,1,2179,18.4,Noida,Brown,3
2244,Maruti Wagon R,2016,5.33,0.64,131925,Petrol,Dealer,Manual,2,2393,16.5,Chennai,Grey,10
2245,Tata Altroz,2020,9.65,4.08,53210,Petrol,Individual,Manual,0,1997,18.6,Jaipur,Brown,6
2246,MG Hector,2014,22.94,2.75,100021,Petrol,Individual,Automatic,0,1199,20.0,Jaipur,Grey,12
2247,Mahindra Thar,2012,16.71,2.01,118140,Diesel,Dealer,Manual,0,1197,21.6,Delhi,Red,14
2248,Hyundai Venue,2021,11.54,4.75,39751,Petrol,Dealer,Manual,2,1997,15.5,Mohali,Grey,5
2249,Maruti Ertiga,2023,11.16,8.44,24188,Petrol,Individual,Manual,0,1498,18.2,Bengaluru,Red,3
2250,MG Hector,2019,23.15,5.3,86449,Petrol,Individual,Automatic,0,2393,20.7,Gurugram,Grey,7
2251,Mahindra Thar,2018,18.86,3.2,71518,Diesel,Dealer,Manual,0,1197,20.4,Bengaluru,Blue,8
2252,Skoda Rapid,2014,9.94,1.19,54641,Diesel,Individual,Manual,0,799,14.2,Amritsar,Red,12
2253,Honda Amaze,2018,7.99,1.45,67265,Petrol,Individual,Manual,0,2179,16.2,Gurugram,Silver,8
2254,Toyota Fortuner,2022,40.33,26.33,12729,Diesel,Individual,Automatic,0,1497,14.3,Mumbai,White,4
2255,Tata Safari,2023,21.78,13.57,34507,Diesel,Individual,Automatic,1,1997,14.8,Noida,Blue,3
2256,Maruti Fronx,2015,9.64,1.16,85621,Petrol,Dealer,Manual,0,1997,13.8,Ludhiana,Blue,11
2257,Maruti Swift,2013,7.95,0.95,84793,Petrol,Individual,Manual,0,998,13.7,Kolkata,Red,13
2258,Kia Sonet,2018,12.23,2.59,58892,Petrol,Dealer,Manual,0,1597,24.3,Pune,Red,8
2259,Tata Altroz,2016,8.19,0.98,63746,Petrol,Dealer,Manual,0,1597,17.3,Ludhiana,Silver,10
2260,Hyundai Venue,2017,10.71,1.29,66148,Petrol,Dealer,Manual,0,1197,15.0,Kolkata,Blue,9
2261,Toyota Glanza,2021,8.66,5.32,16056,Petrol,Individual,Manual,0,2179,18.5,Pune,Red,5
2262,Kia Seltos,2016,15.73,1.89,78741,Diesel,Dealer,Manual,2,2755,14.4,Delhi,White,10
2263,Hyundai i20,2021,7.96,3.01,61756,Petrol,Dealer,Manual,0,1997,20.3,Chandigarh,White,5
2264,Tata Safari,2017,23.34,2.8,45919,Diesel,Dealer,Automatic,2,1199,22.5,Lucknow,Red,9
2265,Skoda Rapid,2020,10.65,2.73,67779,Diesel,Dealer,Manual,1,1997,16.7,Mohali,Red,6
2266,Jeep Compass,2015,27.07,3.25,68883,Diesel,Dealer,Automatic,0,1497,14.0,Noida,Brown,11
2267,Honda City,2020,13.51,5.3,42019,Petrol,Dealer,Manual,1,1997,22.6,Chandigarh,Black,6
2268,Mahindra XUV700,2025,27.79,21.93,50354,Diesel,Dealer,Automatic,0,1597,13.4,Mohali,Black,1
2269,Toyota Innova Crysta,2017,27.54,3.3,78421,Diesel,Dealer,Manual,1,1956,16.4,Chandigarh,Grey,9
2270,Tata Safari,2021,26.75,13.74,8405,Diesel,Individual,Automatic,3,1997,17.6,Kolkata,Red,5
2271,Volkswagen Virtus,2025,15.12,12.44,28693,Petrol,Dealer,Automatic,1,1197,18.7,Pune,Grey,1
2272,Tata Tiago,2014,6.78,0.81,117391,Petrol,Individual,Manual,0,1197,16.4,Kolkata,Blue,12
2273,Hyundai Venue,2015,11.23,1.35,62175,Petrol,Dealer,Manual,1,1497,22.3,Chandigarh,Brown,11
2274,Tata Nexon,2012,12.39,1.49,103161,Petrol,Dealer,Manual,1,799,14.6,Lucknow,Blue,14
2275,Maruti Alto,2015,4.12,0.55,135679,Petrol,Dealer,Manual,0,1197,16.4,Amritsar,Blue,11
2276,Nissan Magnite,2012,8.73,1.05,75260,Petrol,Dealer,Manual,0,1956,23.9,Amritsar,Black,14
2277,Hyundai Verna,2016,13.77,1.65,129338,Petrol,Dealer,Manual,0,2179,14.3,Jaipur,Silver,10
2278,Tata Nexon,2020,12.07,4.43,59161,Petrol,Dealer,Manual,0,1197,20.1,Delhi,Red,6
2279,Maruti Fronx,2013,9.48,1.14,117309,Petrol,Dealer,Manual,0,1498,24.6,Jaipur,Brown,13
2280,Honda Elevate,2025,17.82,15.33,22894,Petrol,Dealer,Manual,0,1497,12.5,Gurugram,White,1
2281,Hyundai Alcazar,2020,20.77,8.56,49392,Diesel,Individual,Automatic,0,799,18.8,Mohali,White,6
2282,Hyundai Verna,2014,16.13,1.94,119249,Petrol,Individual,Manual,0,1498,15.9,Hyderabad,Silver,12
2283,Maruti Swift,2016,8.69,1.04,61088,Petrol,Dealer,Manual,1,1997,12.2,Pune,Black,10
2284,Nissan Magnite,2017,8.86,1.06,89439,Petrol,Individual,Manual,0,1199,13.5,Jaipur,Brown,9
2285,Volkswagen Polo,2023,7.63,5.58,15762,Petrol,Dealer,Manual,0,1597,18.7,Delhi,Blue,3
2286,Nissan Magnite,2021,8.16,3.02,61983,Petrol,Dealer,Manual,1,799,22.8,Lucknow,White,5
2287,Maruti Brezza,2018,13.56,1.63,85443,Petrol,Individual,Manual,0,2755,17.2,Ludhiana,Brown,8
2288,Tata Harrier,2015,21.5,2.58,79589,Diesel,Dealer,Manual,0,799,23.1,Kolkata,Grey,11
2289,Toyota Innova Crysta,2015,27.09,3.25,118570,Diesel,Individual,Manual,1,1997,25.2,Bengaluru,Black,11
2290,Maruti Baleno,2015,8.0,0.96,114108,Petrol,Dealer,Manual,1,1497,22.7,Noida,Brown,11
2291,Volkswagen Polo,2022,8.3,4.18,50107,Petrol,Individual,Manual,1,1498,22.2,Mumbai,Grey,4
2292,Honda Elevate,2023,14.72,7.21,68642,Petrol,Individual,Manual,1,2179,22.3,Pune,Blue,3
2293,Mahindra Bolero,2022,9.53,5.21,54528,Diesel,Individual,Manual,0,1997,14.5,Chennai,Grey,4
2294,Kia Seltos,2021,16.34,7.98,24282,Diesel,Dealer,Manual,1,2179,22.6,Kolkata,Blue,5
2295,Hyundai i20,2018,8.14,1.93,47757,Petrol,Dealer,Manual,0,799,14.6,Mumbai,Red,8
2296,Tata Altroz,2025,10.07,9.37,10458,Petrol,Individual,Manual,0,1956,25.4,Chennai,Grey,1
2297,Ford EcoSport,2025,9.0,8.18,9318,Diesel,Individual,Manual,0,1997,20.8,Chandigarh,Red,1
2298,Toyota Innova Crysta,2023,27.24,19.76,2500,Diesel,Individual,Manual,0,1498,25.0,Hyderabad,White,3
2299,Maruti Dzire,2024,9.92,8.47,2500,Petrol,Individual,Manual,0,1197,13.6,Pune,Blue,2
2300,Tata Nexon,2023,11.8,5.72,84037,Petrol,Individual,Manual,0,1197,17.1,Amritsar,Grey,3
2301,Maruti Swift,2013,8.05,0.97,110651,Petrol,Individual,Manual,0,1597,15.7,Mohali,Red,13
2302,Volkswagen Virtus,2025,19.09,15.59,39805,Petrol,Dealer,Automatic,0,1956,12.5,Mumbai,Brown,1
2303,Kia Seltos,2024,17.47,12.81,19275,Diesel,Individual,Manual,0,1199,17.2,Lucknow,White,2
2304,Maruti Wagon R,2019,6.53,1.2,61898,Petrol,Individual,Manual,1,799,17.4,Bengaluru,Silver,7
2305,Hyundai Alcazar,2025,19.33,13.84,36985,Diesel,Dealer,Automatic,1,1197,20.0,Jaipur,Blue,1
2306,Mahindra Bolero,2018,9.55,2.04,68589,Diesel,Dealer,Manual,1,2393,13.8,Ludhiana,Blue,8
2307,Maruti Swift,2018,9.07,1.09,73299,Petrol,Dealer,Manual,0,2179,25.3,Bengaluru,Blue,8
2308,Maruti Alto,2021,3.81,1.96,39044,Petrol,Dealer,Manual,0,799,16.2,Mumbai,Black,5
2309,Honda Amaze,2016,8.29,0.99,99753,Petrol,Dealer,Manual,0,998,23.9,Hyderabad,Black,10
2310,Maruti Swift,2022,7.91,3.75,50044,Petrol,Dealer,Manual,0,1497,21.0,Mohali,Red,4
2311,Skoda Rapid,2020,10.75,3.59,61185,Diesel,Dealer,Manual,0,1956,21.3,Lucknow,Black,6
2312,Hyundai Creta,2017,18.72,2.25,84575,Diesel,Individual,Manual,1,2393,17.4,Chennai,Black,9
2313,Mahindra Bolero,2020,10.01,4.6,41141,Diesel,Dealer,Manual,0,1997,22.8,Mohali,Grey,6
2314,Hyundai i20,2017,8.76,1.05,65057,Petrol,Dealer,Manual,1,1199,13.3,Ludhiana,Grey,9
2315,Tata Harrier,2024,20.43,15.46,52037,Diesel,Individual,Manual,0,1498,16.2,Noida,Black,2
2316,Tata Harrier,2025,18.41,16.81,2500,Diesel,Dealer,Manual,0,2179,19.5,Gurugram,Red,1
2317,Hyundai Grand i10,2024,6.42,5.11,9052,Petrol,Individual,Manual,1,1497,17.6,Chennai,Blue,2
2318,Toyota Innova Crysta,2017,26.51,3.18,101321,Diesel,Individual,Manual,2,1597,21.4,Lucknow,Grey,9
2319,Skoda Slavia,2023,17.77,10.19,38922,Petrol,Individual,Automatic,0,2179,21.2,Chandigarh,White,3
2320,Maruti Wagon R,2022,6.0,3.68,3289,Petrol,Individual,Manual,0,2179,24.2,Kolkata,Blue,4
2321,Skoda Rapid,2021,9.82,4.38,63932,Diesel,Dealer,Manual,0,1199,16.8,Hyderabad,Blue,5
2322,Honda Amaze,2019,8.62,2.99,20765,Petrol,Dealer,Manual,1,799,17.6,Delhi,White,7
2323,Maruti Ertiga,2019,12.49,3.1,85288,Petrol,Dealer,Manual,0,998,18.1,Amritsar,Grey,7
2324,Maruti Fronx,2014,9.25,1.11,112756,Petrol,Dealer,Manual,0,1497,14.0,Mohali,Brown,12
2325,Ford EcoSport,2019,8.72,1.87,80655,Diesel,Individual,Manual,0,2393,24.2,Gurugram,White,7
2326,Maruti Dzire,2024,9.07,6.17,56729,Petrol,Individual,Manual,0,799,19.5,Chandigarh,White,2
2327,Kia Sonet,2015,11.59,1.39,60638,Petrol,Dealer,Manual,0,1597,18.3,Bengaluru,White,11
2328,Volkswagen Virtus,2016,15.7,1.88,83214,Petrol,Dealer,Automatic,0,2393,23.5,Mumbai,Blue,10
2329,Skoda Slavia,2015,15.91,1.91,56030,Petrol,Individual,Automatic,1,1956,13.2,Gurugram,Brown,11
2330,Hyundai i20,2020,8.86,2.19,56216,Petrol,Individual,Manual,3,1197,13.7,Noida,Blue,6
2331,Hyundai Creta,2019,16.94,3.35,87707,Diesel,Individual,Manual,1,799,16.2,Chennai,White,7
2332,Honda Amaze,2020,8.19,3.24,53578,Petrol,Dealer,Manual,0,1497,22.5,Delhi,Brown,6
2333,Hyundai Grand i10,2019,7.77,1.31,83741,Petrol,Individual,Manual,0,1498,19.4,Kolkata,Brown,7
2334,Mahindra Bolero,2018,10.69,2.89,41537,Diesel,Individual,Manual,0,2755,24.2,Hyderabad,Grey,8
2335,Mahindra Thar,2016,15.88,1.91,46136,Diesel,Dealer,Manual,1,1498,15.7,Bengaluru,Blue,10
2336,Skoda Slavia,2017,16.41,1.97,82472,Petrol,Individual,Automatic,0,1997,16.3,Ludhiana,Grey,9
2337,Kia Seltos,2024,16.73,10.29,70220,Diesel,Individual,Manual,0,998,19.8,Mumbai,Brown,2
2338,Maruti Wagon R,2024,6.19,4.54,11719,Petrol,Dealer,Manual,3,998,23.6,Mohali,White,2
2339,Maruti Alto,2025,4.6,3.62,36932,Petrol,Dealer,Manual,0,799,24.7,Jaipur,White,1
2340,Nissan Magnite,2014,8.02,0.96,92900,Petrol,Dealer,Manual,0,2393,22.6,Delhi,White,12
2341,Maruti Ciaz,2013,10.86,1.3,116568,Petrol,Dealer,Manual,0,2755,19.9,Pune,White,13
2342,Maruti Brezza,2016,12.15,1.46,105034,Petrol,Individual,Manual,1,1498,13.8,Bengaluru,Brown,10
2343,Volkswagen Virtus,2013,14.62,1.75,103141,Petrol,Dealer,Automatic,1,2755,21.1,Jaipur,Black,13
2344,Hyundai Venue,2015,12.68,1.52,100144,Petrol,Dealer,Manual,0,2755,19.0,Delhi,Blue,11
2345,Toyota Innova Crysta,2024,26.74,21.58,6082,Diesel,Dealer,Manual,1,1197,15.9,Jaipur,Black,2
2346,Toyota Glanza,2024,8.52,5.85,41580,Petrol,Dealer,Manual,0,2393,13.7,Lucknow,Blue,2
2347,Ford EcoSport,2015,9.98,1.2,121089,Diesel,Individual,Manual,1,1199,19.7,Jaipur,Red,11
2348,Volkswagen Virtus,2017,14.81,1.78,71191,Petrol,Dealer,Automatic,0,1597,22.1,Chennai,Brown,9
2349,Renault Kiger,2020,8.56,3.36,49981,Petrol,Individual,Manual,1,998,14.5,Hyderabad,Blue,6
2350,Hyundai Alcazar,2014,21.31,2.56,115189,Diesel,Dealer,Automatic,1,1199,15.1,Mohali,Blue,12
2351,Honda Elevate,2024,14.59,10.49,27290,Petrol,Individual,Manual,0,2179,16.8,Amritsar,Silver,2
2352,Tata Safari,2020,25.65,7.58,69949,Diesel,Individual,Automatic,1,799,20.2,Hyderabad,Grey,6
2353,Maruti Dzire,2023,9.5,5.3,50271,Petrol,Individual,Manual,0,2755,18.9,Delhi,Blue,3
2354,Honda Amaze,2023,8.91,5.34,51867,Petrol,Dealer,Manual,0,2393,18.1,Bengaluru,Black,3
2355,Hyundai i20,2022,9.48,4.54,57677,Petrol,Dealer,Manual,0,2755,22.7,Lucknow,Silver,4
2356,Hyundai Venue,2012,12.85,1.54,107670,Petrol,Individual,Manual,1,1956,14.9,Gurugram,Red,14
2357,Maruti Baleno,2024,8.68,5.77,74494,Petrol,Dealer,Manual,0,998,12.2,Noida,White,2
2358,Tata Safari,2015,23.16,2.78,114770,Diesel,Individual,Automatic,2,1497,24.5,Lucknow,White,11
2359,Toyota Innova Crysta,2024,25.92,19.47,31269,Diesel,Individual,Manual,0,1199,13.6,Chennai,Grey,2
2360,Hyundai Creta,2020,16.71,6.15,51236,Diesel,Dealer,Manual,0,1498,19.2,Mohali,Red,6
2361,Nissan Magnite,2024,9.63,7.34,21805,Petrol,Dealer,Manual,2,1497,21.7,Hyderabad,Grey,2
2362,Tata Altroz,2022,8.39,4.35,56948,Petrol,Individual,Manual,0,998,17.4,Lucknow,Brown,4
2363,Maruti Dzire,2022,10.04,5.73,36373,Petrol,Dealer,Manual,1,2393,17.8,Mohali,Grey,4
2364,Mahindra Scorpio,2012,18.71,2.25,108430,Diesel,Dealer,Manual,0,2393,15.7,Jaipur,Brown,14
2365,Mahindra Bolero,2012,8.91,1.07,99725,Diesel,Individual,Manual,1,2179,16.9,Delhi,Silver,14
2366,Kia Seltos,2017,18.46,2.22,97262,Diesel,Individual,Manual,0,1197,13.1,Gurugram,Blue,9
2367,Hyundai Venue,2019,12.43,4.09,47859,Petrol,Dealer,Manual,0,1498,12.1,Kolkata,Red,7
2368,Maruti Swift,2020,8.08,3.32,38782,Petrol,Dealer,Manual,0,1956,22.8,Chandigarh,Red,6
2369,Kia Sonet,2023,12.37,6.97,41815,Petrol,Individual,Manual,1,2755,16.3,Delhi,Brown,3
2370,Volkswagen Virtus,2014,18.08,2.17,129595,Petrol,Dealer,Automatic,1,2755,16.8,Mohali,Red,12
2371,Maruti Swift,2016,8.51,1.02,94528,Petrol,Dealer,Manual,0,1497,13.8,Bengaluru,Silver,10
2372,Hyundai Verna,2020,15.88,5.44,51866,Petrol,Individual,Manual,0,1956,19.6,Mumbai,Silver,6
2373,Hyundai Verna,2014,13.94,1.67,83540,Petrol,Individual,Manual,1,1956,25.4,Chandigarh,White,12
2374,MG Hector,2020,21.73,9.82,24655,Petrol,Individual,Automatic,1,1197,14.3,Chennai,Blue,6
2375,Renault Kiger,2014,9.3,1.12,79014,Petrol,Dealer,Manual,1,1199,18.6,Mumbai,Black,12
2376,Hyundai Verna,2025,14.84,13.1,2500,Petrol,Dealer,Manual,0,1197,22.7,Mohali,Silver,1
2377,Honda Elevate,2014,14.45,1.73,70991,Petrol,Individual,Manual,0,1956,19.4,Chennai,White,12
2378,Maruti Alto,2019,4.52,1.39,60931,Petrol,Dealer,Manual,0,1199,14.6,Mohali,Red,7
2379,Toyota Innova Crysta,2018,27.73,8.83,43739,Diesel,Individual,Manual,0,998,25.1,Chandigarh,Red,8
2380,Kia Seltos,2024,18.13,14.78,41915,Diesel,Dealer,Manual,0,2755,22.5,Lucknow,Grey,2
2381,Mahindra Bolero,2023,8.95,5.84,15048,Diesel,Dealer,Manual,1,998,15.6,Amritsar,Red,3
2382,Jeep Compass,2019,27.84,9.24,36765,Diesel,Individual,Automatic,0,799,14.5,Chennai,Silver,7
2383,Kia Sonet,2012,13.13,1.58,98111,Petrol,Dealer,Manual,0,1597,14.5,Mumbai,White,14
2384,Mahindra Bolero,2021,10.36,5.16,28373,Diesel,Individual,Manual,1,1199,16.4,Amritsar,Brown,5
2385,Kia Seltos,2015,18.15,2.18,56176,Diesel,Dealer,Manual,1,2179,22.7,Kolkata,Black,11
2386,Maruti Baleno,2012,9.69,1.16,150238,Petrol,Individual,Manual,2,1997,19.2,Kolkata,Blue,14
2387,Volkswagen Polo,2015,7.17,0.86,115535,Petrol,Individual,Manual,0,799,22.0,Ludhiana,Red,11
2388,Mahindra Scorpio,2013,17.95,2.15,95041,Diesel,Individual,Manual,1,2393,17.6,Chandigarh,Brown,13
2389,Hyundai Grand i10,2018,7.83,1.25,75089,Petrol,Dealer,Manual,0,1956,20.9,Gurugram,Red,8
2390,Hyundai Grand i10,2021,7.72,2.43,85233,Petrol,Dealer,Manual,0,1197,12.3,Noida,White,5
2391,Toyota Fortuner,2020,36.29,15.82,19014,Diesel,Individual,Automatic,0,998,23.0,Chennai,White,6
2392,Renault Kwid,2014,5.05,0.61,79277,Petrol,Individual,Manual,1,1498,13.8,Kolkata,Red,12
2393,Skoda Rapid,2014,9.91,1.19,101176,Diesel,Dealer,Manual,1,2393,18.2,Chennai,Blue,12
2394,Tata Altroz,2018,7.99,0.96,83854,Petrol,Dealer,Manual,3,1197,22.6,Chandigarh,Grey,8
2395,Honda City,2024,16.15,11.29,29830,Petrol,Dealer,Manual,2,1597,22.2,Chandigarh,Grey,2
2396,Mahindra Scorpio,2012,17.86,2.14,120317,Diesel,Individual,Manual,0,2179,23.1,Chandigarh,Silver,14
2397,Hyundai Alcazar,2018,20.65,2.48,117573,Diesel,Individual,Automatic,1,1497,21.8,Hyderabad,Black,8
2398,Maruti Wagon R,2020,5.83,2.03,46854,Petrol,Individual,Manual,2,998,21.6,Bengaluru,Blue,6
2399,Honda Elevate,2015,16.8,2.02,111124,Petrol,Dealer,Manual,1,1199,25.4,Ludhiana,White,11
2400,Mahindra XUV700,2024,27.67,20.99,14442,Diesel,Dealer,Automatic,2,1197,15.2,Mohali,Grey,2
2401,Tata Punch,2019,10.04,2.23,75012,Petrol,Individual,Manual,0,2755,25.1,Mumbai,Silver,7
2402,Maruti Fronx,2025,9.35,8.73,6196,Petrol,Dealer,Manual,0,2179,18.9,Mumbai,Grey,1
2403,Mahindra Thar,2018,18.9,3.05,62849,Diesel,Individual,Manual,0,1498,21.0,Amritsar,Silver,8
2404,Tata Harrier,2017,21.65,4.16,50748,Diesel,Dealer,Manual,0,2179,20.8,Bengaluru,Grey,9
2405,Volkswagen Polo,2017,7.75,0.93,89743,Petrol,Individual,Manual,0,1997,12.2,Lucknow,Black,9
2406,Hyundai Creta,2025,15.22,11.31,33473,Diesel,Dealer,Manual,2,2179,16.6,Bengaluru,Grey,1
2407,Hyundai Verna,2023,13.72,9.21,30492,Petrol,Dealer,Manual,0,1498,23.7,Kolkata,Silver,3
2408,Mahindra Thar,2016,16.9,2.03,115693,Diesel,Dealer,Manual,0,1197,16.3,Mumbai,Brown,10
2409,Renault Kwid,2025,4.84,4.34,2500,Petrol,Individual,Manual,0,2179,22.3,Chennai,White,1
2410,Tata Harrier,2023,20.61,10.26,60858,Diesel,Individual,Manual,1,2755,12.7,Bengaluru,Silver,3
2411,Mahindra Bolero,2014,10.15,1.22,112760,Diesel,Individual,Manual,0,2393,24.8,Hyderabad,Red,12
2412,Hyundai Alcazar,2024,20.73,15.61,31334,Diesel,Dealer,Automatic,1,1197,18.4,Pune,White,2
2413,Maruti Ciaz,2014,10.41,1.25,108098,Petrol,Dealer,Manual,1,799,21.1,Bengaluru,Brown,12
2414,Tata Harrier,2022,20.74,9.79,56584,Diesel,Dealer,Manual,1,1498,12.2,Amritsar,Brown,4
2415,Skoda Slavia,2014,15.76,1.89,114357,Petrol,Dealer,Automatic,3,1497,20.7,Hyderabad,Grey,12
2416,Tata Altroz,2021,8.72,4.61,21752,Petrol,Dealer,Manual,0,2179,21.7,Mohali,Red,5
2417,Skoda Rapid,2016,9.29,1.11,107672,Diesel,Individual,Manual,0,1997,24.0,Ludhiana,Blue,10
2418,Tata Altroz,2021,8.5,3.74,53776,Petrol,Individual,Manual,0,1997,18.0,Chandigarh,Red,5
2419,Volkswagen Virtus,2018,15.3,1.84,84945,Petrol,Individual,Automatic,3,1597,17.8,Mohali,Blue,8
2420,Jeep Compass,2016,24.63,2.96,60701,Diesel,Dealer,Automatic,0,1199,13.6,Bengaluru,White,10
2421,Volkswagen Virtus,2018,17.01,3.23,74089,Petrol,Dealer,Automatic,0,1997,22.7,Chennai,Silver,8
2422,Honda Elevate,2024,17.77,14.51,2500,Petrol,Dealer,Manual,0,1497,19.2,Mohali,Grey,2
2423,Maruti Ertiga,2015,10.24,1.23,67951,Petrol,Dealer,Manual,0,1497,16.2,Kolkata,Red,11
2424,Tata Safari,2014,23.22,2.79,82155,Diesel,Individual,Automatic,1,1997,15.1,Delhi,Blue,12
2425,Mahindra Thar,2024,17.24,12.96,26595,Diesel,Dealer,Manual,0,2393,18.2,Mohali,Black,2
2426,Honda Amaze,2016,9.62,1.15,97941,Petrol,Dealer,Manual,1,1197,21.7,Jaipur,White,10
2427,Honda Amaze,2017,8.62,1.32,49888,Petrol,Dealer,Manual,0,1497,23.1,Gurugram,Black,9
2428,Maruti Dzire,2014,8.19,0.98,112159,Petrol,Dealer,Manual,0,998,19.2,Pune,Grey,12
2429,Renault Kiger,2016,9.2,1.1,74292,Petrol,Dealer,Manual,0,2179,16.6,Mohali,Brown,10
2430,Tata Tiago,2023,6.47,4.49,3054,Petrol,Individual,Manual,1,1497,13.8,Jaipur,Brown,3
2431,Toyota Fortuner,2014,44.25,5.31,99794,Diesel,Dealer,Automatic,1,2755,16.2,Mumbai,Red,12
2432,Hyundai Creta,2023,18.92,13.19,14212,Diesel,Individual,Manual,0,2393,21.6,Jaipur,Silver,3
2433,Maruti Swift,2014,7.58,0.91,81198,Petrol,Individual,Manual,1,1997,17.4,Delhi,Black,12
2434,Honda Elevate,2024,14.76,10.83,27057,Petrol,Individual,Manual,0,799,20.7,Mumbai,Silver,2
2435,Hyundai i20,2023,9.63,5.8,34778,Petrol,Dealer,Manual,1,1956,23.5,Noida,Red,3
2436,Mahindra XUV700,2015,22.4,2.69,102681,Diesel,Individual,Automatic,0,1597,18.1,Ludhiana,Black,11
2437,Volkswagen Virtus,2024,18.25,14.22,2500,Petrol,Dealer,Automatic,1,1497,17.1,Mohali,White,2
2438,Volkswagen Virtus,2020,18.33,7.71,31902,Petrol,Individual,Automatic,0,1498,25.3,Ludhiana,Red,6
2439,Renault Kiger,2015,7.94,0.95,87773,Petrol,Dealer,Manual,0,2393,14.3,Noida,Blue,11
2440,Hyundai i20,2022,9.0,5.1,31569,Petrol,Dealer,Manual,0,2755,12.3,Lucknow,White,4
2441,Hyundai Creta,2017,18.07,2.17,75185,Diesel,Dealer,Manual,2,2179,21.7,Bengaluru,Brown,9
2442,Tata Nexon,2022,11.5,5.56,61389,Petrol,Dealer,Manual,0,2755,15.4,Noida,Red,4
2443,Honda City,2012,16.39,1.97,119851,Petrol,Dealer,Manual,1,1497,24.3,Chennai,White,14
2444,Nissan Magnite,2022,9.32,6.12,2500,Petrol,Dealer,Manual,0,1498,22.6,Ludhiana,Brown,4
2445,Renault Kiger,2023,9.38,6.29,32920,Petrol,Dealer,Manual,0,1199,12.6,Bengaluru,Red,3
2446,Toyota Fortuner,2013,45.52,5.46,166174,Diesel,Individual,Automatic,2,1956,16.2,Jaipur,Silver,13
2447,Skoda Rapid,2016,10.26,1.23,79390,Diesel,Individual,Manual,1,998,12.5,Noida,White,10
2448,Hyundai i20,2017,8.74,1.05,98010,Petrol,Dealer,Manual,0,1997,17.8,Bengaluru,Silver,9
2449,Maruti Ertiga,2016,12.49,1.5,115300,Petrol,Dealer,Manual,0,1956,24.2,Gurugram,Red,10
2450,Tata Harrier,2019,21.83,9.97,8279,Diesel,Individual,Manual,1,998,19.9,Noida,Grey,7
2451,Toyota Innova Crysta,2015,25.71,3.09,103664,Diesel,Dealer,Manual,0,1956,23.8,Hyderabad,White,11
2452,Tata Safari,2014,22.29,2.68,112432,Diesel,Dealer,Automatic,0,1197,14.4,Jaipur,Red,12
2453,Kia Seltos,2019,16.2,5.22,48091,Diesel,Dealer,Manual,0,998,23.6,Jaipur,Black,7
2454,Maruti Swift,2014,7.53,0.9,89175,Petrol,Individual,Manual,1,998,15.7,Pune,Blue,12
2455,Skoda Slavia,2014,16.49,1.98,83517,Petrol,Individual,Automatic,0,799,17.1,Bengaluru,Silver,12
2456,Tata Altroz,2017,7.94,0.95,104840,Petrol,Individual,Manual,0,2393,19.0,Ludhiana,Blue,9
2457,Skoda Slavia,2021,16.32,8.82,31100,Petrol,Individual,Automatic,1,2179,14.4,Mumbai,Brown,5
2458,Mahindra Thar,2024,14.96,10.73,29130,Diesel,Dealer,Manual,2,2179,16.5,Hyderabad,Silver,2
2459,Hyundai Verna,2015,14.07,1.69,72421,Petrol,Individual,Manual,0,2755,15.6,Bengaluru,Black,11
2460,Hyundai Verna,2025,13.8,12.08,5818,Petrol,Dealer,Manual,1,1498,15.8,Hyderabad,Black,1
2461,Jeep Compass,2025,27.91,26.39,2500,Diesel,Individual,Automatic,0,1997,16.7,Hyderabad,Brown,1
2462,Honda Elevate,2020,14.15,3.03,75674,Petrol,Individual,Manual,1,1497,17.8,Amritsar,Silver,6
2463,Skoda Slavia,2013,17.44,2.09,102895,Petrol,Dealer,Automatic,0,1597,15.7,Mumbai,Grey,13
2464,Toyota Fortuner,2020,35.91,14.63,51812,Diesel,Dealer,Automatic,0,1997,12.6,Lucknow,Red,6
2465,Hyundai Venue,2020,13.25,3.91,87267,Petrol,Dealer,Manual,0,998,13.3,Mumbai,Silver,6
2466,Hyundai Grand i10,2020,7.49,2.77,40583,Petrol,Individual,Manual,2,1956,24.1,Amritsar,Blue,6
2467,Maruti Ciaz,2014,11.76,1.41,109831,Petrol,Dealer,Manual,0,2393,24.6,Delhi,Blue,12
2468,Maruti Baleno,2013,10.07,1.21,118075,Petrol,Dealer,Manual,1,1956,17.1,Kolkata,White,13
2469,Honda City,2022,16.11,7.89,57625,Petrol,Dealer,Manual,1,1956,21.9,Jaipur,Black,4
2470,Maruti Dzire,2013,10.04,1.2,116109,Petrol,Dealer,Manual,1,1497,14.0,Kolkata,Silver,13
2471,Renault Kwid,2015,4.7,0.56,94296,Petrol,Individual,Manual,1,2179,21.8,Mohali,White,11
2472,Kia Sonet,2018,13.41,2.23,111164,Petrol,Individual,Manual,0,1497,14.7,Hyderabad,Grey,8
2473,Hyundai Alcazar,2018,20.33,4.59,41301,Diesel,Individual,Automatic,1,2179,14.7,Hyderabad,Grey,8
2474,Maruti Baleno,2013,9.49,1.14,88668,Petrol,Individual,Manual,0,1997,19.0,Lucknow,Brown,13
2475,Tata Altroz,2018,8.3,1.0,81679,Petrol,Individual,Manual,0,1997,24.5,Kolkata,White,8
2476,Maruti Baleno,2021,8.15,4.57,12585,Petrol,Dealer,Manual,0,1197,24.8,Gurugram,Grey,5
2477,Volkswagen Polo,2022,7.35,3.87,22206,Petrol,Individual,Manual,1,2179,20.0,Gurugram,Black,4
2478,Toyota Fortuner,2025,37.73,32.05,15876,Diesel,Dealer,Automatic,0,2393,14.2,Kolkata,Silver,1
2479,Kia Sonet,2023,11.9,8.58,17756,Petrol,Dealer,Manual,0,799,22.3,Delhi,White,3
2480,Hyundai Verna,2021,14.94,4.26,74806,Petrol,Dealer,Manual,2,2755,19.9,Bengaluru,Blue,5
2481,Tata Nexon,2025,12.71,10.35,36566,Petrol,Dealer,Manual,0,799,19.2,Amritsar,Black,1
2482,Toyota Innova Crysta,2023,22.7,10.97,60225,Diesel,Individual,Manual,1,998,20.7,Gurugram,Grey,3
2483,Mahindra Thar,2017,15.16,1.82,89321,Diesel,Dealer,Manual,0,998,12.0,Ludhiana,White,9
2484,Honda Elevate,2018,16.65,4.68,43589,Petrol,Dealer,Manual,0,1197,20.3,Noida,Grey,8
2485,Tata Nexon,2019,13.12,1.71,106797,Petrol,Individual,Manual,1,1956,12.7,Bengaluru,Red,7
2486,Skoda Slavia,2017,15.32,1.84,89485,Petrol,Individual,Automatic,0,2393,22.8,Kolkata,Grey,9
2487,Toyota Innova Crysta,2016,26.76,3.21,62675,Diesel,Dealer,Manual,1,2755,22.2,Gurugram,Brown,10
2488,Maruti Fronx,2023,9.71,6.3,33320,Petrol,Dealer,Manual,0,1597,23.3,Mumbai,White,3
2489,Honda City,2020,14.03,5.64,46242,Petrol,Individual,Manual,1,1597,21.4,Gurugram,Grey,6
2490,Maruti Fronx,2014,9.62,1.15,144870,Petrol,Individual,Manual,1,998,14.0,Amritsar,Grey,12
2491,Maruti Brezza,2018,12.32,1.48,82525,Petrol,Dealer,Manual,1,1956,13.9,Mumbai,Red,8
2492,Tata Harrier,2022,18.8,10.08,37148,Diesel,Individual,Manual,1,1197,17.5,Ludhiana,Brown,4
2493,Hyundai Verna,2019,13.61,2.45,82030,Petrol,Individual,Manual,0,799,12.8,Amritsar,Black,7
2494,Tata Safari,2018,23.22,2.79,65867,Diesel,Dealer,Automatic,3,1956,15.3,Delhi,Brown,8
2495,Honda City,2012,16.45,1.97,92607,Petrol,Dealer,Manual,0,998,21.2,Chandigarh,Silver,14
2496,Skoda Rapid,2012,9.67,1.16,81142,Diesel,Dealer,Manual,0,1497,13.2,Noida,Blue,14
2497,Kia Seltos,2020,18.04,4.25,81728,Diesel,Dealer,Manual,1,799,12.4,Mohali,Red,6
2498,Honda Amaze,2021,9.31,4.19,54113,Petrol,Individual,Manual,0,1956,13.1,Kolkata,Black,5
2499,Tata Nexon,2013,10.61,1.27,126438,Petrol,Dealer,Manual,1,2179,12.5,Gurugram,Red,13
2500,Mahindra Scorpio,2022,22.11,10.07,85677,Diesel,Dealer,Manual,1,998,23.6,Chandigarh,Grey,4
2501,Honda City,2019,15.5,3.35,52554,Petrol,Individual,Manual,3,1956,14.4,Bengaluru,Blue,7
2502,Toyota Innova Crysta,2017,26.47,3.18,107650,Diesel,Individual,Manual,0,998,25.1,Chennai,Brown,9
2503,Toyota Innova Crysta,2013,23.43,2.81,83420,Diesel,Individual,Manual,1,1498,16.1,Mumbai,Grey,13
2504,Toyota Innova Crysta,2024,25.77,16.85,22105,Diesel,Individual,Manual,2,2755,12.3,Pune,Grey,2
2505,Mahindra Thar,2024,18.45,14.24,27092,Diesel,Dealer,Manual,0,1199,18.2,Mohali,White,2
2506,Kia Seltos,2025,18.47,16.18,2500,Diesel,Dealer,Manual,2,998,18.4,Chandigarh,Silver,1
2507,Maruti Fronx,2023,8.85,5.58,50579,Petrol,Dealer,Manual,0,1597,24.6,Lucknow,Silver,3
2508,Skoda Rapid,2014,10.8,1.3,113616,Diesel,Dealer,Manual,0,1498,17.7,Mumbai,White,12
2509,Mahindra Scorpio,2021,22.3,8.01,54266,Diesel,Individual,Manual,2,1956,16.8,Mohali,Brown,5
2510,Hyundai Grand i10,2025,7.59,6.37,17672,Petrol,Individual,Manual,0,1597,16.5,Hyderabad,Black,1
2511,Tata Nexon,2016,12.17,1.46,84114,Petrol,Dealer,Manual,0,1197,18.3,Ludhiana,White,10
2512,Kia Seltos,2016,17.48,2.1,102547,Diesel,Dealer,Manual,2,1199,22.1,Chennai,Grey,10
2513,Maruti Dzire,2014,9.03,1.08,92110,Petrol,Individual,Manual,0,2179,18.2,Hyderabad,Brown,12
2514,Mahindra XUV700,2017,26.46,3.18,79668,Diesel,Dealer,Automatic,0,2179,23.2,Jaipur,Silver,9
2515,Mahindra XUV700,2021,26.31,12.65,31559,Diesel,Dealer,Automatic,1,2755,23.5,Hyderabad,White,5
2516,Toyota Fortuner,2022,42.1,20.92,38445,Diesel,Dealer,Automatic,2,1498,12.7,Mumbai,White,4
2517,Ford EcoSport,2012,8.78,1.05,102960,Diesel,Dealer,Manual,1,1498,23.9,Gurugram,White,14
2518,Kia Seltos,2014,18.78,2.25,89829,Diesel,Dealer,Manual,1,1997,15.7,Ludhiana,White,12
2519,Mahindra Thar,2017,17.81,2.14,124013,Diesel,Dealer,Manual,2,1497,18.8,Hyderabad,White,9
2520,Hyundai Verna,2019,15.67,4.05,60223,Petrol,Individual,Manual,0,2179,18.5,Ludhiana,Black,7
2521,Maruti Ertiga,2018,12.32,2.09,50755,Petrol,Individual,Manual,3,1498,24.9,Jaipur,Brown,8
2522,Kia Seltos,2023,16.0,8.0,81154,Diesel,Dealer,Manual,1,2755,21.2,Hyderabad,Red,3
2523,Maruti Ciaz,2022,11.95,6.06,63312,Petrol,Individual,Manual,0,1498,22.1,Mumbai,Blue,4
2524,Mahindra Scorpio,2012,18.87,2.26,117519,Diesel,Individual,Manual,1,1498,19.5,Gurugram,Brown,14
2525,Honda City,2012,15.94,1.91,97598,Petrol,Individual,Manual,2,998,18.9,Hyderabad,Red,14
2526,Ford EcoSport,2015,8.44,1.01,127659,Diesel,Dealer,Manual,0,1997,25.2,Hyderabad,Black,11
2527,Toyota Innova Crysta,2014,25.66,3.08,100157,Diesel,Dealer,Manual,0,2755,21.3,Bengaluru,Brown,12
2528,Skoda Slavia,2016,15.76,1.89,91317,Petrol,Dealer,Automatic,1,1199,13.0,Mumbai,Black,10
2529,Mahindra Scorpio,2020,21.78,8.24,41818,Diesel,Individual,Manual,0,2393,21.6,Bengaluru,Red,6
2530,Hyundai Venue,2016,10.69,1.28,102301,Petrol,Dealer,Manual,1,799,14.0,Delhi,Silver,10
2531,Tata Safari,2025,24.06,20.99,25872,Diesel,Individual,Automatic,1,1997,15.6,Noida,White,1
2532,Maruti Alto,2014,4.12,0.55,111749,Petrol,Individual,Manual,0,1497,21.6,Mohali,Blue,12
2533,MG Hector,2025,22.33,17.27,24701,Petrol,Dealer,Automatic,1,1997,25.4,Hyderabad,Black,1
2534,Hyundai i20,2025,9.17,7.35,2500,Petrol,Dealer,Manual,2,2393,24.0,Ludhiana,Silver,1
2535,Mahindra Scorpio,2017,17.77,2.13,119800,Diesel,Individual,Manual,0,998,22.0,Chandigarh,Blue,9
2536,Hyundai Verna,2019,15.72,2.86,102840,Petrol,Individual,Manual,0,1956,22.4,Noida,White,7
2537,Maruti Ciaz,2025,10.86,8.93,25401,Petrol,Dealer,Manual,2,799,18.8,Lucknow,White,1
2538,Hyundai Verna,2019,16.4,4.43,35816,Petrol,Dealer,Manual,1,2755,22.0,Ludhiana,Brown,7
2539,Tata Safari,2019,22.62,8.24,39421,Diesel,Dealer,Automatic,1,1597,22.0,Delhi,White,7
2540,Maruti Brezza,2021,13.14,6.41,39550,Petrol,Individual,Manual,0,1497,12.1,Chandigarh,Brown,5
2541,Mahindra Bolero,2018,10.36,1.87,60520,Diesel,Dealer,Manual,1,2755,21.7,Jaipur,Grey,8
2542,Tata Safari,2014,21.24,2.55,93079,Diesel,Dealer,Automatic,1,1498,20.2,Ludhiana,Red,12
2543,Maruti Wagon R,2023,6.12,2.9,50465,Petrol,Individual,Manual,1,2393,12.8,Kolkata,Blue,3
2544,Ford EcoSport,2012,10.6,1.27,71822,Diesel,Individual,Manual,0,1498,18.2,Gurugram,Blue,14
2545,Nissan Magnite,2021,9.12,4.57,48771,Petrol,Dealer,Manual,0,1597,15.2,Chandigarh,Grey,5
2546,Tata Nexon,2020,10.77,4.15,51623,Petrol,Individual,Manual,1,1498,14.3,Noida,Black,6
2547,Kia Sonet,2015,11.62,1.39,94148,Petrol,Dealer,Manual,3,1197,24.3,Lucknow,Black,11
2548,Mahindra Scorpio,2015,20.8,2.5,108983,Diesel,Individual,Manual,2,799,17.1,Lucknow,Red,11
2549,Kia Seltos,2016,18.25,2.19,77720,Diesel,Individual,Manual,1,1997,17.2,Lucknow,Silver,10
2550,Tata Harrier,2014,19.57,2.35,66393,Diesel,Dealer,Manual,0,1956,17.2,Amritsar,Red,12
2551,Tata Harrier,2012,19.21,2.3,116451,Diesel,Dealer,Manual,0,1498,18.8,Lucknow,White,14
2552,Jeep Compass,2016,22.95,2.75,68554,Diesel,Individual,Automatic,1,799,24.4,Gurugram,Silver,10
2553,Hyundai Alcazar,2023,23.69,14.58,39277,Diesel,Individual,Automatic,1,799,20.2,Ludhiana,Black,3
2554,Kia Sonet,2023,13.03,9.05,15783,Petrol,Dealer,Manual,0,1597,16.0,Jaipur,Black,3
2555,Hyundai Venue,2012,13.24,1.59,91127,Petrol,Dealer,Manual,2,1497,21.4,Delhi,Grey,14
2556,Nissan Magnite,2025,9.64,7.38,40919,Petrol,Dealer,Manual,0,998,24.7,Mumbai,Grey,1
2557,Tata Nexon,2018,11.48,1.38,63481,Petrol,Individual,Manual,1,1597,21.2,Chennai,White,8
2558,MG Hector,2017,20.85,2.5,79277,Petrol,Individual,Automatic,0,1997,20.0,Pune,Black,9
2559,Tata Nexon,2024,13.44,9.29,26903,Petrol,Dealer,Manual,0,2755,18.0,Mohali,Black,2
2560,Renault Kiger,2024,8.36,6.28,19949,Petrol,Dealer,Manual,0,1498,24.9,Noida,Red,2
2561,Mahindra Scorpio,2014,22.06,2.65,67382,Diesel,Individual,Manual,1,1597,14.8,Delhi,Blue,12
2562,Tata Harrier,2021,19.31,7.78,68968,Diesel,Individual,Manual,0,998,24.0,Lucknow,White,5
2563,Maruti Swift,2015,8.49,1.02,59908,Petrol,Individual,Manual,0,1997,12.4,Jaipur,Blue,11
2564,Toyota Innova Crysta,2023,24.85,15.91,41886,Diesel,Individual,Manual,0,2393,20.5,Gurugram,Silver,3
2565,Mahindra Bolero,2016,9.85,1.18,79891,Diesel,Dealer,Manual,0,1597,23.8,Amritsar,Grey,10
2566,Kia Sonet,2024,13.0,9.53,25418,Petrol,Individual,Manual,2,998,15.7,Mohali,Red,2
2567,Mahindra XUV700,2018,25.32,3.78,65336,Diesel,Individual,Automatic,1,1997,24.8,Amritsar,Red,8
2568,Nissan Magnite,2015,8.25,0.99,69021,Petrol,Dealer,Manual,0,2393,24.8,Gurugram,Silver,11
2569,Hyundai Creta,2020,16.04,5.11,97615,Diesel,Individual,Manual,1,1997,21.8,Noida,Grey,6
2570,Maruti Swift,2020,9.14,4.23,34146,Petrol,Dealer,Manual,1,1956,24.5,Jaipur,White,6
2571,Jeep Compass,2012,23.01,2.76,120302,Diesel,Individual,Automatic,1,2393,14.4,Chennai,Black,14
2572,Maruti Baleno,2021,8.66,4.29,34020,Petrol,Dealer,Manual,1,2755,25.1,Lucknow,Brown,5
2573,Renault Kiger,2015,8.82,1.06,67991,Petrol,Dealer,Manual,0,1597,21.1,Chennai,Blue,11
2574,Honda Amaze,2023,8.27,4.7,36342,Petrol,Individual,Manual,1,2179,12.3,Noida,Red,3
2575,Maruti Fronx,2018,9.06,1.09,83213,Petrol,Dealer,Manual,1,1498,13.0,Chennai,Brown,8
2576,Toyota Fortuner,2023,38.02,29.16,14202,Diesel,Individual,Automatic,0,1997,22.0,Amritsar,Brown,3
2577,Hyundai Alcazar,2024,23.48,16.28,36888,Diesel,Dealer,Automatic,0,1497,22.4,Kolkata,Red,2
2578,Honda Elevate,2017,15.66,1.88,97858,Petrol,Individual,Manual,0,2755,14.3,Noida,Silver,9
2579,Nissan Magnite,2023,8.62,5.91,27695,Petrol,Dealer,Manual,0,2755,25.0,Hyderabad,Black,3
2580,Skoda Slavia,2018,16.17,1.94,73986,Petrol,Individual,Automatic,1,1597,15.4,Kolkata,Grey,8
2581,MG Hector,2025,22.58,18.65,24970,Petrol,Dealer,Automatic,0,799,25.0,Lucknow,Red,1
2582,Honda Elevate,2016,15.34,1.84,90496,Petrol,Dealer,Manual,0,1498,19.5,Gurugram,Blue,10
2583,Maruti Brezza,2024,13.34,8.66,39261,Petrol,Dealer,Manual,1,2179,15.2,Pune,Silver,2
2584,Tata Nexon,2015,11.89,1.43,94783,Petrol,Individual,Manual,1,1956,19.6,Mohali,Black,11
2585,Hyundai Creta,2023,17.8,12.36,13483,Diesel,Individual,Manual,0,1997,24.2,Bengaluru,Grey,3
2586,Volkswagen Virtus,2013,15.0,1.8,135688,Petrol,Dealer,Automatic,1,1498,18.9,Gurugram,Brown,13
2587,Maruti Fronx,2013,11.07,1.33,163720,Petrol,Dealer,Manual,1,2179,13.1,Gurugram,Brown,13
2588,Renault Kwid,2014,5.13,0.62,146030,Petrol,Individual,Manual,2,1197,21.6,Amritsar,White,12
2589,Hyundai i20,2018,8.38,1.39,82291,Petrol,Individual,Manual,1,1197,21.2,Bengaluru,Brown,8
2590,Maruti Swift,2025,7.56,5.14,40258,Petrol,Individual,Manual,2,1597,17.1,Jaipur,Grey,1
2591,Jeep Compass,2022,27.44,17.07,21423,Diesel,Dealer,Automatic,1,1597,22.8,Bengaluru,Brown,4
2592,Ford EcoSport,2023,8.49,4.39,52597,Diesel,Dealer,Manual,1,1199,20.0,Lucknow,Brown,3
2593,Honda Elevate,2020,17.46,5.58,61662,Petrol,Dealer,Manual,1,1497,17.3,Noida,Blue,6
2594,Maruti Baleno,2013,9.56,1.15,146904,Petrol,Individual,Manual,0,2179,21.5,Delhi,Grey,13
2595,Toyota Fortuner,2018,42.95,6.79,66089,Diesel,Individual,Automatic,1,1498,12.8,Pune,Brown,8
2596,Nissan Magnite,2021,9.07,2.84,87718,Petrol,Dealer,Manual,0,2393,14.7,Ludhiana,Red,5
2597,Mahindra Bolero,2012,8.81,1.06,116895,Diesel,Dealer,Manual,1,1498,24.1,Mumbai,Silver,14
2598,Maruti Brezza,2019,13.12,3.02,57953,Petrol,Dealer,Manual,1,2755,20.0,Ludhiana,Black,7
2599,Maruti Brezza,2024,11.77,8.22,43366,Petrol,Dealer,Manual,0,1498,24.5,Delhi,White,2
2600,Volkswagen Virtus,2018,17.75,2.82,86355,Petrol,Dealer,Automatic,0,2393,12.3,Hyderabad,Red,8
2601,Maruti Fronx,2022,10.16,5.98,2500,Petrol,Dealer,Manual,1,1197,20.7,Ludhiana,Black,4
2602,Hyundai Alcazar,2024,19.67,13.54,49317,Diesel,Dealer,Automatic,0,1199,23.6,Pune,White,2
2603,Mahindra Thar,2024,16.75,13.32,2500,Diesel,Dealer,Manual,2,1197,13.7,Pune,White,2
2604,Kia Sonet,2019,13.4,5.58,29688,Petrol,Dealer,Manual,0,799,15.7,Pune,White,7
2605,Hyundai i20,2021,9.53,5.1,25199,Petrol,Dealer,Manual,2,1997,12.8,Chandigarh,Red,5
2606,Toyota Glanza,2015,8.32,1.0,83316,Petrol,Individual,Manual,2,1498,14.7,Delhi,Grey,11
2607,Honda City,2021,13.35,8.17,8233,Petrol,Dealer,Manual,1,799,12.3,Lucknow,Blue,5
2608,Mahindra Thar,2018,16.52,3.74,43906,Diesel,Dealer,Manual,2,1197,20.2,Gurugram,Brown,8
2609,Mahindra XUV700,2015,24.34,2.92,129820,Diesel,Individual,Automatic,1,998,17.3,Kolkata,Silver,11
2610,Tata Safari,2022,22.88,13.35,29775,Diesel,Individual,Automatic,0,1498,17.5,Lucknow,Black,4
2611,Hyundai Grand i10,2020,6.28,1.42,83292,Petrol,Individual,Manual,0,1997,22.5,Mumbai,Grey,6
2612,MG Hector,2017,22.05,2.65,83629,Petrol,Individual,Automatic,2,1498,21.9,Chandigarh,White,9
2613,Maruti Wagon R,2019,5.43,0.9,55808,Petrol,Individual,Manual,3,998,25.5,Bengaluru,White,7
2614,Hyundai Creta,2023,18.68,10.52,57032,Diesel,Dealer,Manual,2,1498,17.5,Lucknow,Silver,3
2615,Tata Safari,2014,22.91,2.75,89233,Diesel,Dealer,Automatic,0,799,12.3,Bengaluru,Grey,12
2616,Toyota Glanza,2020,9.53,2.48,73758,Petrol,Individual,Manual,2,2755,25.2,Chandigarh,White,6
2617,Tata Nexon,2025,12.13,8.27,57987,Petrol,Individual,Manual,0,1498,23.3,Ludhiana,Blue,1
2618,Maruti Brezza,2023,11.29,8.39,4779,Petrol,Individual,Manual,0,2393,17.4,Chandigarh,White,3
2619,Hyundai Venue,2016,10.96,1.32,92661,Petrol,Dealer,Manual,0,1199,12.4,Chennai,Blue,10
2620,Maruti Ciaz,2019,11.06,4.21,22896,Petrol,Individual,Manual,0,1597,19.4,Amritsar,Grey,7
2621,Hyundai Venue,2013,11.04,1.32,175024,Petrol,Dealer,Manual,0,1956,13.3,Chandigarh,Blue,13
2622,Maruti Brezza,2024,12.4,11.3,3814,Petrol,Individual,Manual,0,1199,18.4,Hyderabad,Red,2
2623,Maruti Wagon R,2015,6.51,0.78,80020,Petrol,Dealer,Manual,1,2755,16.0,Lucknow,Grey,11
2624,Skoda Slavia,2020,19.38,9.26,17848,Petrol,Dealer,Automatic,0,1956,12.3,Lucknow,Black,6
2625,Hyundai Grand i10,2024,7.03,5.14,35890,Petrol,Dealer,Manual,0,1197,25.5,Mohali,Silver,2
2626,Mahindra Thar,2014,16.66,2.0,131442,Diesel,Dealer,Manual,1,2755,14.0,Ludhiana,Silver,12
2627,Tata Nexon,2020,12.76,5.26,38604,Petrol,Dealer,Manual,0,998,23.7,Mohali,Silver,6
2628,Hyundai Verna,2018,13.33,1.6,84242,Petrol,Dealer,Manual,0,799,19.2,Bengaluru,Silver,8
2629,Honda City,2014,14.31,1.72,114332,Petrol,Dealer,Manual,0,1197,15.5,Chennai,Red,12
2630,Volkswagen Virtus,2013,17.56,2.11,125860,Petrol,Individual,Automatic,1,1197,16.7,Amritsar,White,13
2631,Tata Nexon,2016,13.32,1.6,99652,Petrol,Individual,Manual,0,2179,18.3,Lucknow,Black,10
2632,Mahindra Thar,2014,16.63,2.0,74906,Diesel,Individual,Manual,1,1498,23.5,Hyderabad,Red,12
2633,Tata Safari,2012,21.97,2.64,88967,Diesel,Dealer,Automatic,2,2393,22.3,Pune,Silver,14
2634,Tata Nexon,2015,11.05,1.33,123655,Petrol,Dealer,Manual,0,799,23.1,Jaipur,Red,11
2635,Nissan Magnite,2018,9.75,1.86,58068,Petrol,Dealer,Manual,1,2179,16.2,Mumbai,Red,8
2636,Hyundai Verna,2018,15.03,1.8,86403,Petrol,Dealer,Manual,0,2393,21.4,Jaipur,Blue,8
2637,Renault Kiger,2023,8.77,5.04,52064,Petrol,Individual,Manual,1,1597,23.5,Jaipur,Black,3
2638,Volkswagen Virtus,2024,17.65,12.65,33620,Petrol,Dealer,Automatic,0,1997,12.2,Hyderabad,Silver,2
2639,Toyota Glanza,2014,7.94,0.95,80988,Petrol,Dealer,Manual,0,799,19.3,Pune,Silver,12
2640,Hyundai Grand i10,2021,6.29,3.23,39528,Petrol,Dealer,Manual,1,1497,24.7,Delhi,Silver,5
2641,Maruti Ertiga,2023,11.62,7.9,43119,Petrol,Individual,Manual,0,2755,18.6,Chennai,Red,3
2642,Hyundai Grand i10,2021,7.81,3.77,20911,Petrol,Dealer,Manual,0,1197,20.8,Mohali,Black,5
2643,Toyota Glanza,2021,9.13,4.56,32882,Petrol,Individual,Manual,0,1498,19.4,Pune,Silver,5
2644,Hyundai i20,2017,8.6,1.03,83661,Petrol,Dealer,Manual,0,2393,16.0,Bengaluru,Blue,9
2645,Skoda Rapid,2021,10.94,4.95,51431,Diesel,Dealer,Manual,0,2755,12.4,Mohali,Brown,5
2646,Hyundai Verna,2021,15.51,5.7,39635,Petrol,Individual,Manual,3,2393,12.2,Noida,Red,5
2647,Hyundai Alcazar,2016,22.86,2.74,95437,Diesel,Dealer,Automatic,0,2755,17.1,Mumbai,Red,10
2648,Tata Nexon,2018,10.84,1.3,90296,Petrol,Dealer,Manual,3,799,15.2,Hyderabad,Silver,8
2649,MG Hector,2013,22.44,2.69,81457,Petrol,Individual,Automatic,0,2755,20.2,Mohali,Blue,13
2650,Hyundai Venue,2024,12.91,10.26,39869,Petrol,Dealer,Manual,0,2755,17.4,Mohali,Brown,2
2651,Tata Tiago,2024,6.73,5.02,33913,Petrol,Dealer,Manual,0,1497,14.4,Lucknow,Grey,2
2652,Hyundai Venue,2012,10.7,1.28,95913,Petrol,Individual,Manual,0,1199,19.9,Chennai,Brown,14
2653,Hyundai Creta,2017,18.69,3.8,51877,Diesel,Individual,Manual,0,1197,24.5,Bengaluru,Grey,9
2654,Honda Amaze,2022,9.64,5.99,21181,Petrol,Individual,Manual,0,799,22.6,Amritsar,Grey,4
2655,Skoda Rapid,2014,11.17,1.34,72220,Diesel,Individual,Manual,2,1498,15.3,Gurugram,Red,12
2656,Skoda Slavia,2017,18.15,2.47,67252,Petrol,Individual,Automatic,0,998,24.9,Amritsar,Grey,9
2657,Hyundai Creta,2019,15.21,6.59,10853,Diesel,Individual,Manual,0,1498,21.6,Kolkata,Brown,7
2658,Tata Harrier,2013,21.97,2.64,139491,Diesel,Dealer,Manual,0,1498,18.9,Chandigarh,White,13
2659,Maruti Dzire,2016,9.56,1.15,92598,Petrol,Dealer,Manual,1,998,14.9,Delhi,White,10
2660,Hyundai Grand i10,2021,7.21,3.68,39125,Petrol,Individual,Manual,0,2179,22.5,Mumbai,White,5
2661,Jeep Compass,2018,26.44,4.62,62896,Diesel,Individual,Automatic,0,799,17.2,Chandigarh,Grey,8
2662,Toyota Innova Crysta,2017,23.32,2.8,79605,Diesel,Dealer,Manual,0,1498,15.5,Bengaluru,White,9
2663,Maruti Ciaz,2022,11.13,5.6,26459,Petrol,Individual,Manual,1,1997,19.3,Chennai,Silver,4
2664,Mahindra Scorpio,2015,21.15,2.54,97608,Diesel,Dealer,Manual,3,2179,17.1,Chandigarh,Silver,11
2665,Toyota Innova Crysta,2014,22.64,2.72,103685,Diesel,Individual,Manual,0,1956,21.8,Hyderabad,Black,12
2666,Maruti Ciaz,2019,11.9,2.97,73237,Petrol,Dealer,Manual,0,1199,17.8,Mohali,Black,7
2667,Toyota Glanza,2024,8.6,6.17,19037,Petrol,Dealer,Manual,1,2179,21.2,Amritsar,Brown,2
2668,Tata Safari,2021,24.36,8.61,80672,Diesel,Dealer,Automatic,1,1497,24.5,Lucknow,Black,5
2669,Toyota Glanza,2024,8.08,5.14,48371,Petrol,Dealer,Manual,2,2755,14.3,Hyderabad,Red,2
2670,Honda City,2018,14.36,1.72,72378,Petrol,Dealer,Manual,1,1956,12.8,Pune,Silver,8
2671,Maruti Alto,2018,4.46,0.68,62013,Petrol,Dealer,Manual,0,2393,15.2,Noida,Silver,8
2672,Honda Elevate,2014,15.99,1.92,87831,Petrol,Dealer,Manual,0,2755,17.3,Chennai,Blue,12
2673,Honda Elevate,2012,16.17,1.94,105925,Petrol,Individual,Manual,0,1597,19.1,Mohali,Brown,14
2674,Nissan Magnite,2019,9.64,3.46,55120,Petrol,Dealer,Manual,0,1597,19.9,Bengaluru,Red,7
2675,Honda City,2014,13.89,1.67,104791,Petrol,Individual,Manual,1,1197,21.6,Noida,Blue,12
2676,Hyundai i20,2017,9.16,1.1,92745,Petrol,Individual,Manual,1,2393,15.7,Chennai,Red,9
2677,Hyundai Venue,2024,13.02,9.23,42584,Petrol,Individual,Manual,1,1199,14.0,Amritsar,White,2
2678,Hyundai Verna,2016,15.82,1.9,99849,Petrol,Dealer,Manual,0,2179,23.2,Chennai,Silver,10
2679,Mahindra Scorpio,2021,19.17,6.54,64910,Diesel,Dealer,Manual,0,2179,15.7,Pune,Brown,5
2680,Tata Punch,2013,9.16,1.1,89985,Petrol,Individual,Manual,1,2393,14.3,Mohali,Black,13
2681,Hyundai Verna,2013,15.24,1.83,89049,Petrol,Dealer,Manual,0,1597,23.0,Ludhiana,White,13
2682,Kia Seltos,2022,18.83,11.2,28878,Diesel,Dealer,Manual,1,1597,17.5,Mumbai,Black,4
2683,Kia Sonet,2014,13.6,1.63,97999,Petrol,Individual,Manual,1,2755,22.4,Kolkata,Brown,12
2684,Toyota Glanza,2018,8.23,1.61,82447,Petrol,Dealer,Manual,0,1498,22.7,Delhi,Red,8
2685,Tata Harrier,2015,18.36,2.2,73744,Diesel,Dealer,Manual,0,2755,18.6,Bengaluru,Silver,11
2686,Mahindra Thar,2015,17.32,2.08,48300,Diesel,Individual,Manual,1,998,16.5,Amritsar,Grey,11
2687,Mahindra XUV700,2021,24.21,10.85,60232,Diesel,Individual,Automatic,0,1497,15.3,Kolkata,Red,5
2688,Maruti Ertiga,2022,10.22,6.51,37551,Petrol,Dealer,Manual,0,1997,13.6,Noida,Grey,4
2689,Hyundai Grand i10,2013,6.48,0.78,89081,Petrol,Individual,Manual,1,1199,17.4,Mohali,Red,13
2690,Mahindra Thar,2018,16.68,2.0,103906,Diesel,Individual,Manual,0,1199,23.6,Amritsar,Red,8
2691,Hyundai Creta,2024,16.58,14.24,2500,Diesel,Dealer,Manual,0,1497,17.0,Gurugram,Red,2
2692,Maruti Alto,2013,4.61,0.55,92452,Petrol,Dealer,Manual,0,1997,24.6,Ludhiana,Grey,13
2693,Hyundai Creta,2023,17.94,12.66,14931,Diesel,Individual,Manual,0,1199,22.8,Amritsar,Blue,3
2694,Tata Altroz,2018,8.65,1.4,81308,Petrol,Dealer,Manual,0,1956,16.9,Gurugram,Red,8
2695,Volkswagen Polo,2019,8.62,1.69,97303,Petrol,Dealer,Manual,0,1597,16.2,Hyderabad,Brown,7
2696,Maruti Ertiga,2017,12.82,1.54,63911,Petrol,Dealer,Manual,0,2393,23.3,Delhi,Silver,9
2697,Maruti Dzire,2022,10.0,6.08,44562,Petrol,Dealer,Manual,0,2393,14.4,Bengaluru,Silver,4
2698,Hyundai Creta,2025,17.58,12.34,51201,Diesel,Dealer,Manual,1,2393,19.6,Kolkata,Brown,1
2699,Toyota Glanza,2025,9.49,8.41,2500,Petrol,Dealer,Manual,0,2393,12.6,Mumbai,White,1
2700,MG Hector,2023,19.74,13.08,29454,Petrol,Dealer,Automatic,0,1199,17.4,Jaipur,Brown,3
2701,Mahindra Thar,2019,18.43,4.63,58074,Diesel,Dealer,Manual,0,799,14.0,Bengaluru,Brown,7
2702,Tata Punch,2025,10.04,9.05,2500,Petrol,Individual,Manual,1,1497,24.9,Pune,Silver,1
2703,Toyota Glanza,2022,8.46,4.32,33830,Petrol,Dealer,Manual,2,1498,21.0,Noida,Brown,4
2704,Nissan Magnite,2016,8.77,1.05,78407,Petrol,Individual,Manual,0,1956,19.0,Delhi,Grey,10
2705,Maruti Dzire,2015,9.86,1.18,74409,Petrol,Dealer,Manual,0,2755,17.0,Chennai,Blue,11
2706,Renault Kiger,2013,8.14,0.98,120818,Petrol,Dealer,Manual,2,2755,21.3,Pune,Black,13
2707,Renault Kwid,2020,5.41,2.37,19660,Petrol,Dealer,Manual,2,1997,24.8,Delhi,Blue,6
2708,Honda City,2025,14.6,11.16,37290,Petrol,Individual,Manual,1,1498,24.7,Jaipur,Blue,1
2709,Maruti Ciaz,2023,12.06,9.82,4422,Petrol,Individual,Manual,0,1199,25.0,Chandigarh,White,3
2710,Maruti Wagon R,2023,5.47,4.31,2500,Petrol,Dealer,Manual,1,998,14.0,Ludhiana,Black,3
2711,Tata Punch,2012,9.88,1.19,87649,Petrol,Dealer,Manual,1,799,24.3,Jaipur,Blue,14
2712,Skoda Slavia,2014,18.47,2.22,71582,Petrol,Individual,Automatic,0,799,17.1,Mumbai,Brown,12
2713,Toyota Fortuner,2013,42.97,5.16,115383,Diesel,Dealer,Automatic,0,1497,19.3,Mumbai,Red,13
2714,Hyundai Alcazar,2021,19.09,9.47,38004,Diesel,Individual,Automatic,0,1997,21.9,Amritsar,Black,5
2715,Ford EcoSport,2020,9.06,1.44,95385,Diesel,Dealer,Manual,2,1956,16.9,Kolkata,Silver,6
2716,Hyundai Verna,2025,13.76,11.5,18539,Petrol,Dealer,Manual,0,998,21.9,Hyderabad,Red,1
2717,Toyota Innova Crysta,2014,26.01,3.12,122019,Diesel,Individual,Manual,1,1497,18.0,Hyderabad,Grey,12
2718,Renault Kiger,2018,8.74,2.15,25617,Petrol,Dealer,Manual,1,2755,14.3,Mumbai,Silver,8
2719,Mahindra Bolero,2017,10.3,1.28,61468,Diesel,Individual,Manual,1,2755,16.0,Bengaluru,Grey,9
2720,Mahindra XUV700,2017,27.29,3.28,77330,Diesel,Dealer,Automatic,1,1498,12.7,Jaipur,Black,9
2721,Tata Altroz,2025,8.15,6.62,28876,Petrol,Dealer,Manual,0,998,14.2,Amritsar,Brown,1
2722,Honda Elevate,2013,14.27,1.71,101744,Petrol,Individual,Manual,0,799,21.7,Hyderabad,Brown,13
2723,Maruti Brezza,2015,12.42,1.49,84623,Petrol,Individual,Manual,1,998,21.1,Delhi,Brown,11
2724,Kia Seltos,2020,16.04,5.95,61251,Diesel,Individual,Manual,0,1497,25.3,Hyderabad,Grey,6
2725,Mahindra Scorpio,2015,20.77,2.49,70941,Diesel,Individual,Manual,0,2755,17.8,Chandigarh,White,11
2726,Toyota Fortuner,2017,42.57,8.57,19520,Diesel,Dealer,Automatic,1,1997,20.9,Ludhiana,Grey,9
2727,Maruti Dzire,2025,8.14,7.68,9384,Petrol,Dealer,Manual,0,1498,14.3,Delhi,Red,1
2728,Honda Elevate,2018,16.87,4.63,33708,Petrol,Individual,Manual,0,998,19.8,Jaipur,Brown,8
2729,Hyundai Venue,2025,12.34,11.07,17922,Petrol,Individual,Manual,0,1197,20.2,Mumbai,Brown,1
2730,Mahindra XUV700,2025,24.59,21.65,24710,Diesel,Dealer,Automatic,0,1498,14.3,Jaipur,White,1
2731,Maruti Brezza,2018,13.43,1.61,108366,Petrol,Individual,Manual,1,1597,19.3,Delhi,Brown,8
2732,Tata Safari,2022,22.5,11.74,43676,Diesel,Dealer,Automatic,1,2393,25.1,Noida,Black,4
2733,Hyundai Venue,2019,11.57,3.09,83032,Petrol,Individual,Manual,0,1956,19.3,Gurugram,Black,7
2734,Maruti Baleno,2020,7.97,3.72,30276,Petrol,Individual,Manual,1,2755,25.1,Noida,Brown,6
2735,Mahindra Scorpio,2020,19.48,5.86,101334,Diesel,Individual,Manual,0,2393,24.9,Bengaluru,Brown,6
2736,Volkswagen Virtus,2019,16.34,4.07,55866,Petrol,Individual,Automatic,1,1197,23.8,Mumbai,Blue,7
2737,Tata Harrier,2014,18.27,2.19,138580,Diesel,Dealer,Manual,0,1997,23.1,Mohali,White,12
2738,Maruti Alto,2018,3.88,0.76,53706,Petrol,Dealer,Manual,1,1497,18.6,Noida,Grey,8
2739,Nissan Magnite,2019,8.59,2.08,74488,Petrol,Individual,Manual,0,1997,25.2,Amritsar,Black,7
2740,Honda City,2016,14.79,1.77,111323,Petrol,Individual,Manual,0,1497,21.4,Bengaluru,Silver,10
2741,Nissan Magnite,2017,8.23,0.99,68817,Petrol,Dealer,Manual,0,1197,15.1,Delhi,Brown,9
2742,Renault Kwid,2018,4.59,0.55,96072,Petrol,Individual,Manual,0,2393,17.3,Lucknow,White,8
2743,Renault Kiger,2017,8.02,0.96,92187,Petrol,Dealer,Manual,0,2179,21.9,Chennai,Silver,9
2744,Maruti Ciaz,2015,12.38,1.49,81921,Petrol,Dealer,Manual,0,2179,21.7,Kolkata,Black,11
2745,Kia Seltos,2018,18.77,5.53,28317,Diesel,Dealer,Manual,0,1997,12.0,Lucknow,Black,8
2746,Hyundai i20,2016,8.03,0.96,73623,Petrol,Individual,Manual,1,799,23.2,Ludhiana,Brown,10
2747,Honda City,2021,13.26,5.39,72649,Petrol,Individual,Manual,1,1997,20.4,Chennai,Brown,5
2748,Maruti Wagon R,2018,5.33,0.64,65838,Petrol,Individual,Manual,0,1498,20.5,Kolkata,Blue,8
2749,Maruti Alto,2018,4.3,0.86,42416,Petrol,Dealer,Manual,1,2755,15.2,Delhi,Grey,8
2750,Honda Amaze,2013,9.32,1.12,130020,Petrol,Dealer,Manual,0,799,19.7,Amritsar,Grey,13
2751,Kia Sonet,2016,13.76,1.65,89707,Petrol,Individual,Manual,0,1956,14.4,Hyderabad,Black,10
2752,Hyundai Venue,2014,11.34,1.36,74452,Petrol,Dealer,Manual,0,799,17.4,Delhi,Red,12
2753,Maruti Wagon R,2014,6.37,0.76,76784,Petrol,Dealer,Manual,3,799,15.1,Pune,Grey,12
2754,Maruti Alto,2019,3.74,0.9,86261,Petrol,Individual,Manual,0,1497,13.0,Mumbai,White,7
2755,Mahindra XUV700,2016,22.34,2.68,52923,Diesel,Individual,Automatic,0,998,12.4,Noida,White,10
2756,Maruti Swift,2015,8.38,1.01,120027,Petrol,Individual,Manual,0,1956,19.0,Mumbai,Grey,11
2757,Maruti Baleno,2013,8.03,0.96,87911,Petrol,Individual,Manual,0,1956,15.9,Noida,Silver,13
2758,Volkswagen Polo,2021,8.19,2.81,77202,Petrol,Individual,Manual,1,1197,24.3,Pune,Black,5
2759,Maruti Swift,2019,7.27,0.87,84161,Petrol,Individual,Manual,1,2179,23.7,Mohali,Brown,7
2760,Tata Tiago,2022,6.47,3.21,40808,Petrol,Individual,Manual,0,2179,21.2,Chennai,Blue,4
2761,Maruti Baleno,2020,9.78,1.85,108054,Petrol,Dealer,Manual,2,998,14.1,Mohali,White,6
2762,Toyota Fortuner,2020,45.16,21.37,33856,Diesel,Dealer,Automatic,0,799,18.5,Noida,White,6
2763,Toyota Glanza,2015,8.1,0.97,87799,Petrol,Dealer,Manual,0,1956,19.5,Chandigarh,White,11
2764,Toyota Glanza,2024,9.59,6.63,37570,Petrol,Individual,Manual,2,1497,17.3,Mohali,Red,2
2765,Skoda Rapid,2012,10.71,1.29,101486,Diesel,Dealer,Manual,0,1497,22.8,Jaipur,White,14
2766,Mahindra Scorpio,2025,20.55,16.42,2500,Diesel,Dealer,Manual,1,1597,16.8,Mohali,Blue,1
2767,Maruti Swift,2013,7.48,0.9,136379,Petrol,Dealer,Manual,0,799,20.3,Chandigarh,Silver,13
2768,Tata Altroz,2025,8.48,7.34,4686,Petrol,Individual,Manual,1,1199,13.7,Bengaluru,Brown,1
2769,Hyundai Grand i10,2025,6.68,6.35,2500,Petrol,Dealer,Manual,0,1498,18.0,Amritsar,Silver,1
2770,Mahindra Scorpio,2018,22.1,2.78,90139,Diesel,Dealer,Manual,0,2393,19.5,Delhi,Silver,8
2771,Maruti Ciaz,2014,11.25,1.35,108034,Petrol,Individual,Manual,0,799,25.4,Hyderabad,Blue,12
2772,Mahindra Bolero,2024,10.69,7.45,19328,Diesel,Individual,Manual,0,998,20.9,Amritsar,Blue,2
2773,Jeep Compass,2025,24.89,22.83,2500,Diesel,Dealer,Automatic,0,1997,18.3,Noida,Red,1
2774,Honda City,2021,14.51,3.37,88438,Petrol,Individual,Manual,1,1997,13.0,Gurugram,Brown,5
2775,Tata Altroz,2019,9.6,3.37,48968,Petrol,Dealer,Manual,0,2179,13.6,Gurugram,Black,7
2776,Hyundai Alcazar,2025,21.45,17.0,41948,Diesel,Individual,Automatic,1,1956,18.0,Bengaluru,Grey,1
2777,Hyundai Venue,2017,11.88,1.43,93990,Petrol,Dealer,Manual,2,799,12.1,Lucknow,Grey,9
2778,Honda City,2025,16.43,14.38,2500,Petrol,Dealer,Manual,1,1197,18.1,Mohali,Grey,1
2779,Jeep Compass,2018,24.03,2.99,81144,Diesel,Dealer,Automatic,0,2393,17.5,Hyderabad,Blue,8
2780,Renault Kwid,2024,4.53,3.45,14479,Petrol,Dealer,Manual,1,2755,24.4,Mumbai,Red,2
2781,Skoda Slavia,2017,18.51,2.22,75813,Petrol,Dealer,Automatic,1,1498,25.4,Mohali,Blue,9
2782,Kia Seltos,2023,19.03,14.34,9995,Diesel,Dealer,Manual,0,1199,23.6,Amritsar,Black,3
2783,MG Hector,2012,20.76,2.49,135601,Petrol,Individual,Automatic,0,1597,24.7,Pune,Blue,14
2784,Renault Kwid,2019,5.21,0.62,67685,Petrol,Dealer,Manual,3,799,22.5,Gurugram,Brown,7
2785,Toyota Fortuner,2018,39.01,4.68,82142,Diesel,Dealer,Automatic,0,799,13.4,Hyderabad,Silver,8
2786,Tata Tiago,2021,6.67,2.68,54099,Petrol,Individual,Manual,2,2179,12.2,Chandigarh,Red,5
2787,Maruti Baleno,2025,9.03,7.12,2500,Petrol,Dealer,Manual,2,799,23.0,Mumbai,Black,1
2788,Hyundai Venue,2012,11.36,1.36,135222,Petrol,Dealer,Manual,0,1497,21.8,Mumbai,Silver,14
2789,Kia Seltos,2023,17.5,10.44,54352,Diesel,Dealer,Manual,1,2755,24.6,Gurugram,Brown,3
2790,Hyundai Creta,2023,15.5,11.13,2500,Diesel,Individual,Manual,1,1497,12.3,Delhi,Grey,3
2791,Ford EcoSport,2024,9.13,7.07,29160,Diesel,Individual,Manual,0,2393,23.9,Delhi,Grey,2
2792,Tata Altroz,2021,9.96,3.68,46513,Petrol,Dealer,Manual,1,1498,24.4,Amritsar,Red,5
2793,Skoda Rapid,2012,9.68,1.16,123740,Diesel,Dealer,Manual,0,1498,15.0,Hyderabad,Blue,14
2794,Tata Nexon,2016,11.37,1.36,102923,Petrol,Individual,Manual,1,2179,19.2,Amritsar,Brown,10
2795,Hyundai Alcazar,2022,21.88,11.52,61515,Diesel,Individual,Automatic,0,1498,12.8,Bengaluru,White,4
2796,Honda City,2018,15.9,1.91,84361,Petrol,Individual,Manual,1,2755,23.9,Hyderabad,Blue,8
2797,Skoda Rapid,2022,10.38,5.87,45266,Diesel,Dealer,Manual,0,1997,23.2,Lucknow,Brown,4
2798,Maruti Fronx,2019,10.26,2.65,64177,Petrol,Individual,Manual,0,998,13.0,Bengaluru,Brown,7
2799,Maruti Baleno,2012,8.63,1.04,95109,Petrol,Individual,Manual,0,2755,24.7,Delhi,Black,14
2800,Toyota Fortuner,2015,36.92,4.43,114526,Diesel,Dealer,Automatic,1,1997,19.5,Mumbai,Grey,11
2801,Skoda Rapid,2019,10.05,2.09,96647,Diesel,Individual,Manual,0,998,22.5,Chandigarh,Brown,7
2802,Skoda Slavia,2016,16.02,2.06,41102,Petrol,Dealer,Automatic,0,1498,23.3,Lucknow,Black,10
2803,Toyota Glanza,2013,9.31,1.12,131660,Petrol,Dealer,Manual,0,998,22.5,Ludhiana,White,13
2804,Honda Amaze,2021,8.52,3.56,50276,Petrol,Individual,Manual,3,2179,22.0,Ludhiana,White,5
2805,Maruti Fronx,2016,9.28,1.11,80315,Petrol,Individual,Manual,0,799,22.3,Bengaluru,Grey,10
2806,Tata Nexon,2022,12.44,6.33,38310,Petrol,Individual,Manual,1,1197,14.4,Mohali,Red,4
2807,Mahindra XUV700,2024,24.07,13.85,46691,Diesel,Dealer,Automatic,3,1497,17.6,Chennai,Black,2
2808,Renault Kwid,2016,5.13,0.62,69143,Petrol,Individual,Manual,0,1197,19.1,Mumbai,Brown,10
2809,Toyota Innova Crysta,2021,23.98,12.2,39571,Diesel,Dealer,Manual,0,2755,17.1,Noida,Brown,5
2810,Honda Elevate,2018,16.04,2.7,59842,Petrol,Dealer,Manual,0,1997,17.3,Chennai,Red,8
2811,Mahindra Thar,2012,17.27,2.07,110549,Diesel,Individual,Manual,1,1597,15.3,Amritsar,Red,14
2812,Mahindra Thar,2013,18.96,2.28,102394,Diesel,Individual,Manual,0,1956,22.4,Bengaluru,Red,13
2813,Hyundai Creta,2013,16.43,1.97,25352,Diesel,Dealer,Manual,0,1497,24.9,Jaipur,Blue,13
2814,Tata Altroz,2014,8.96,1.07,121825,Petrol,Individual,Manual,1,1597,21.7,Lucknow,Silver,12
2815,Tata Harrier,2022,18.73,9.52,57196,Diesel,Individual,Manual,0,1498,21.7,Hyderabad,Red,4
2816,Mahindra Bolero,2020,9.73,3.22,60396,Diesel,Dealer,Manual,0,1597,21.1,Hyderabad,White,6
2817,Tata Altroz,2019,8.0,2.79,30420,Petrol,Individual,Manual,0,2179,19.1,Amritsar,Black,7
2818,Tata Punch,2024,9.83,6.48,38269,Petrol,Dealer,Manual,2,1956,12.3,Mumbai,White,2
2819,Mahindra Thar,2017,17.67,2.12,101724,Diesel,Individual,Manual,1,1199,21.5,Ludhiana,Black,9
2820,Renault Kiger,2017,8.8,2.18,25478,Petrol,Individual,Manual,1,1197,25.0,Jaipur,Brown,9
2821,Toyota Innova Crysta,2025,26.75,22.46,28285,Diesel,Dealer,Manual,0,998,23.8,Noida,Brown,1
2822,Nissan Magnite,2015,9.32,1.12,72972,Petrol,Dealer,Manual,0,998,18.7,Mumbai,Red,11
2823,Honda Amaze,2012,8.23,0.99,107461,Petrol,Dealer,Manual,1,1199,15.7,Kolkata,Red,14
2824,Hyundai Alcazar,2025,22.96,20.52,13930,Diesel,Individual,Automatic,0,1956,23.2,Mohali,Blue,1
2825,Maruti Ertiga,2015,12.16,1.46,85921,Petrol,Dealer,Manual,0,2393,18.5,Ludhiana,Brown,11
2826,Toyota Fortuner,2020,39.83,12.6,51675,Diesel,Dealer,Automatic,1,2755,16.4,Ludhiana,Brown,6
2827,Maruti Swift,2020,7.75,3.14,30504,Petrol,Individual,Manual,0,2179,12.7,Bengaluru,Red,6
2828,Renault Kiger,2017,8.28,0.99,114449,Petrol,Individual,Manual,0,1956,12.8,Delhi,Black,9
2829,Maruti Ciaz,2013,10.24,1.23,80518,Petrol,Dealer,Manual,0,1497,17.3,Noida,Black,13
2830,Maruti Baleno,2015,8.19,0.98,69528,Petrol,Individual,Manual,0,2755,16.2,Jaipur,Brown,11
2831,Maruti Alto,2025,4.42,3.78,11407,Petrol,Dealer,Manual,1,998,14.3,Ludhiana,White,1
2832,Tata Safari,2014,21.15,2.54,101807,Diesel,Individual,Automatic,2,1199,23.5,Noida,Brown,12
2833,Maruti Dzire,2022,9.6,4.21,89683,Petrol,Dealer,Manual,0,799,20.0,Noida,Black,4
2834,Toyota Glanza,2014,9.38,1.13,113450,Petrol,Dealer,Manual,0,1197,22.5,Noida,Black,12
2835,Maruti Fronx,2017,10.57,1.27,111803,Petrol,Dealer,Manual,0,1597,23.8,Chandigarh,Black,9
2836,Tata Punch,2015,7.94,0.95,90657,Petrol,Dealer,Manual,0,1997,14.7,Mumbai,Brown,11
2837,Volkswagen Virtus,2016,17.27,2.07,133262,Petrol,Dealer,Automatic,0,1497,23.0,Gurugram,Blue,10
2838,Hyundai Verna,2018,14.58,1.75,70351,Petrol,Individual,Manual,0,799,18.8,Bengaluru,White,8
2839,Toyota Fortuner,2022,42.08,24.91,45569,Diesel,Individual,Automatic,0,1197,24.4,Hyderabad,Silver,4
2840,Maruti Dzire,2022,9.41,4.41,73390,Petrol,Individual,Manual,0,998,13.3,Kolkata,Blue,4
2841,Hyundai i20,2016,7.98,0.96,92718,Petrol,Individual,Manual,1,1597,15.6,Mumbai,Black,10
2842,Tata Tiago,2023,7.61,4.99,32238,Petrol,Dealer,Manual,1,1597,22.4,Noida,Black,3
2843,Maruti Dzire,2024,8.26,5.97,33205,Petrol,Individual,Manual,1,1497,20.3,Hyderabad,Black,2
2844,Volkswagen Virtus,2014,15.95,1.91,124931,Petrol,Dealer,Automatic,1,1197,13.3,Gurugram,White,12
2845,Maruti Swift,2025,7.81,6.63,2500,Petrol,Dealer,Manual,2,2393,17.6,Lucknow,Black,1
2846,Renault Kiger,2022,9.59,4.47,58637,Petrol,Individual,Manual,0,1956,21.1,Chennai,Blue,4
2847,Kia Sonet,2024,13.85,10.11,28204,Petrol,Dealer,Manual,1,1597,24.9,Amritsar,Black,2
2848,Honda Amaze,2017,9.04,1.08,55221,Petrol,Dealer,Manual,2,998,13.5,Gurugram,Blue,9
2849,Mahindra Scorpio,2015,18.91,2.27,63491,Diesel,Dealer,Manual,0,1497,22.6,Pune,Silver,11
2850,Maruti Wagon R,2012,5.71,0.69,110145,Petrol,Dealer,Manual,0,1956,23.0,Kolkata,Silver,14
2851,Toyota Innova Crysta,2012,26.48,3.18,101852,Diesel,Individual,Manual,1,1197,18.1,Pune,Brown,14
2852,Maruti Swift,2025,8.68,6.84,20346,Petrol,Dealer,Manual,1,1956,21.0,Pune,Blue,1
2853,Hyundai Creta,2014,17.13,2.06,113309,Diesel,Individual,Manual,1,1497,24.0,Lucknow,White,12
2854,Toyota Glanza,2019,8.08,2.17,90393,Petrol,Individual,Manual,0,2755,24.3,Kolkata,Red,7
2855,Hyundai Verna,2020,15.58,5.75,38014,Petrol,Individual,Manual,1,998,25.0,Hyderabad,Red,6
2856,Jeep Compass,2016,26.9,3.23,109839,Diesel,Dealer,Automatic,0,2755,14.8,Delhi,Black,10
2857,Kia Sonet,2020,12.52,4.41,42281,Petrol,Individual,Manual,0,799,25.4,Mumbai,Blue,6
2858,Toyota Glanza,2012,9.25,1.11,101670,Petrol,Dealer,Manual,0,1199,15.4,Noida,Grey,14
2859,Nissan Magnite,2023,8.59,5.71,2500,Petrol,Individual,Manual,2,2179,21.1,Noida,Blue,3
2860,Hyundai Grand i10,2025,7.39,5.82,44050,Petrol,Individual,Manual,0,2393,23.6,Kolkata,Black,1
2861,Tata Punch,2015,8.49,1.02,95606,Petrol,Dealer,Manual,1,1597,22.1,Mumbai,Grey,11
2862,Kia Seltos,2018,18.52,2.24,61427,Diesel,Individual,Manual,0,1597,14.9,Mumbai,Silver,8
2863,Mahindra XUV700,2025,25.88,22.83,11891,Diesel,Dealer,Automatic,1,1199,16.6,Gurugram,Grey,1
2864,Maruti Swift,2012,9.18,1.1,133344,Petrol,Individual,Manual,0,1498,24.3,Mohali,Silver,14
2865,Mahindra Thar,2023,15.71,10.29,25273,Diesel,Dealer,Manual,1,2179,17.0,Gurugram,Blue,3
2866,Maruti Ertiga,2020,12.13,3.4,54797,Petrol,Dealer,Manual,3,1497,14.3,Kolkata,Blue,6
2867,Volkswagen Virtus,2019,18.04,6.3,25496,Petrol,Individual,Automatic,1,1597,14.6,Hyderabad,Black,7
2868,Maruti Brezza,2015,12.56,1.51,92126,Petrol,Dealer,Manual,0,2393,13.3,Delhi,Silver,11
2869,Toyota Glanza,2018,9.41,2.2,48702,Petrol,Individual,Manual,1,1497,23.9,Bengaluru,Silver,8
2870,Maruti Fronx,2021,10.17,3.85,60453,Petrol,Individual,Manual,0,2755,13.5,Chennai,Grey,5
2871,Maruti Baleno,2022,8.51,5.21,28556,Petrol,Individual,Manual,0,998,19.3,Mumbai,White,4
2872,Kia Sonet,2018,13.18,4.21,2500,Petrol,Dealer,Manual,1,2179,16.0,Mumbai,Silver,8
2873,Hyundai i20,2013,9.94,1.19,90556,Petrol,Individual,Manual,2,2179,15.6,Jaipur,Brown,13
2874,Hyundai Grand i10,2012,6.47,0.78,95909,Petrol,Individual,Manual,1,1997,18.8,Delhi,Red,14
2875,Tata Harrier,2024,18.48,13.5,24615,Diesel,Dealer,Manual,0,1997,17.5,Pune,Red,2
2876,Honda City,2021,16.02,7.84,38128,Petrol,Dealer,Manual,0,1597,14.5,Chandigarh,Blue,5
2877,Renault Kwid,2012,5.27,0.63,117674,Petrol,Individual,Manual,0,1497,15.8,Bengaluru,Black,14
2878,Maruti Wagon R,2014,5.68,0.68,108382,Petrol,Dealer,Manual,2,2393,22.8,Chandigarh,Blue,12
2879,Hyundai Grand i10,2015,6.18,0.74,85980,Petrol,Individual,Manual,1,2393,15.2,Gurugram,Red,11
2880,Maruti Baleno,2016,9.86,1.18,60158,Petrol,Individual,Manual,2,998,17.6,Kolkata,Brown,10
2881,Honda Elevate,2017,16.5,1.98,70350,Petrol,Individual,Manual,0,2393,13.5,Amritsar,Blue,9
2882,Renault Kiger,2014,8.71,1.05,111976,Petrol,Dealer,Manual,2,2179,15.4,Chandigarh,Silver,12
2883,Kia Sonet,2021,12.37,5.65,40045,Petrol,Dealer,Manual,1,2179,15.7,Lucknow,White,5
2884,Mahindra Scorpio,2012,17.88,2.15,134165,Diesel,Individual,Manual,2,799,14.6,Lucknow,Brown,14
2885,Mahindra Bolero,2017,8.82,1.06,110392,Diesel,Individual,Manual,0,799,18.4,Mohali,Brown,9
2886,Maruti Baleno,2015,9.21,1.11,72107,Petrol,Dealer,Manual,1,1498,18.3,Hyderabad,Grey,11
2887,Maruti Brezza,2021,13.96,6.47,43604,Petrol,Dealer,Manual,0,2179,25.4,Chandigarh,Black,5
2888,Hyundai Venue,2025,11.18,10.09,29785,Petrol,Dealer,Manual,0,1199,13.7,Ludhiana,Red,1
2889,Skoda Slavia,2024,17.44,14.77,2500,Petrol,Dealer,Automatic,0,1497,16.3,Kolkata,Red,2
2890,Nissan Magnite,2022,8.35,4.47,27759,Petrol,Dealer,Manual,3,1199,23.0,Chennai,Red,4
2891,Toyota Innova Crysta,2013,27.01,3.24,73639,Diesel,Dealer,Manual,1,998,12.5,Mohali,White,13
2892,Maruti Wagon R,2015,6.32,0.76,75795,Petrol,Dealer,Manual,1,1498,21.9,Jaipur,Blue,11
2893,Honda Elevate,2023,17.19,12.02,13938,Petrol,Dealer,Manual,0,1997,21.8,Delhi,White,3
2894,Hyundai Verna,2021,14.31,6.31,37069,Petrol,Dealer,Manual,2,2179,20.6,Noida,Blue,5
2895,Honda Elevate,2014,15.86,1.9,130701,Petrol,Individual,Manual,1,1597,15.1,Chandigarh,Red,12
2896,Tata Harrier,2016,20.42,2.45,64776,Diesel,Individual,Manual,1,1997,13.7,Noida,Black,10
2897,Volkswagen Polo,2015,8.27,0.99,76145,Petrol,Individual,Manual,0,1197,24.4,Jaipur,Silver,11
2898,Tata Punch,2020,8.36,1.85,72007,Petrol,Dealer,Manual,1,1199,23.3,Pune,Brown,6
2899,Maruti Baleno,2014,7.99,0.96,89591,Petrol,Individual,Manual,2,1498,22.5,Mohali,Grey,12
2900,Maruti Baleno,2013,8.4,1.01,94166,Petrol,Dealer,Manual,0,2393,15.7,Pune,Silver,13
2901,Maruti Fronx,2019,10.52,3.32,51488,Petrol,Dealer,Manual,0,2755,24.5,Noida,Red,7
2902,Hyundai Creta,2013,18.95,2.27,100185,Diesel,Individual,Manual,0,1498,22.6,Hyderabad,Black,13
2903,Maruti Swift,2014,9.02,1.08,95925,Petrol,Dealer,Manual,1,1956,16.2,Lucknow,Grey,12
2904,Renault Kiger,2020,8.91,2.35,69130,Petrol,Dealer,Manual,1,799,15.7,Noida,Black,6
2905,Hyundai Grand i10,2024,6.49,4.81,13805,Petrol,Individual,Manual,1,1497,22.8,Bengaluru,Grey,2
2906,Hyundai Creta,2023,18.43,9.81,64774,Diesel,Dealer,Manual,0,2179,16.8,Noida,Brown,3
2907,Jeep Compass,2022,24.65,12.5,39287,Diesel,Dealer,Automatic,0,2179,21.4,Gurugram,Black,4
2908,Maruti Baleno,2015,9.2,1.1,91135,Petrol,Dealer,Manual,1,2755,17.9,Chennai,Red,11
2909,Mahindra Scorpio,2020,18.02,3.63,72673,Diesel,Individual,Manual,2,1956,17.5,Pune,Red,6
2910,Maruti Ciaz,2024,10.31,8.16,20076,Petrol,Individual,Manual,0,2755,14.4,Mumbai,Grey,2
2911,Maruti Alto,2012,4.54,0.55,121921,Petrol,Individual,Manual,0,1498,13.9,Hyderabad,Red,14
2912,Skoda Rapid,2024,9.81,7.28,13692,Diesel,Dealer,Manual,1,1997,22.8,Amritsar,Grey,2
2913,Renault Kwid,2025,5.11,3.62,42267,Petrol,Dealer,Manual,0,1497,15.0,Mohali,Grey,1
2914,Tata Nexon,2021,11.14,4.61,70625,Petrol,Dealer,Manual,0,1497,13.6,Chandigarh,Silver,5
2915,Jeep Compass,2014,23.96,2.87,98525,Diesel,Individual,Automatic,0,799,15.7,Lucknow,Black,12
2916,Renault Kiger,2025,10.03,8.74,22538,Petrol,Dealer,Manual,0,1199,16.2,Delhi,Silver,1
2917,Skoda Rapid,2017,9.25,1.11,139142,Diesel,Dealer,Manual,1,1199,18.8,Amritsar,Black,9
2918,Tata Punch,2023,9.94,6.5,37250,Petrol,Individual,Manual,1,1497,23.6,Bengaluru,Black,3
2919,Maruti Ciaz,2021,12.55,5.67,56514,Petrol,Individual,Manual,0,1497,17.0,Pune,Red,5
2920,Maruti Baleno,2024,8.59,6.9,19236,Petrol,Individual,Manual,0,799,14.9,Mumbai,Blue,2
2921,Hyundai Venue,2024,11.23,8.21,17545,Petrol,Dealer,Manual,0,2393,12.5,Chennai,Brown,2
2922,Renault Kiger,2020,9.44,4.73,29732,Petrol,Dealer,Manual,1,1498,23.3,Kolkata,Black,6
2923,Tata Altroz,2019,9.3,3.39,32705,Petrol,Individual,Manual,0,2393,14.7,Delhi,White,7
2924,Tata Altroz,2020,10.04,2.19,74381,Petrol,Dealer,Manual,2,2179,19.3,Mumbai,Brown,6
2925,Hyundai Alcazar,2022,22.86,16.53,7448,Diesel,Dealer,Automatic,0,2179,17.6,Ludhiana,Grey,4
2926,Hyundai Alcazar,2022,18.83,10.49,37811,Diesel,Individual,Automatic,1,2179,17.2,Mumbai,White,4
2927,Tata Nexon,2020,11.63,3.1,69070,Petrol,Individual,Manual,1,1199,23.3,Chandigarh,Red,6
2928,Honda Amaze,2025,9.24,7.16,42427,Petrol,Individual,Manual,0,2755,19.4,Kolkata,White,1
2929,Honda Amaze,2015,9.65,1.16,104464,Petrol,Individual,Manual,0,1597,23.5,Jaipur,Silver,11
2930,Honda City,2023,13.28,8.0,13484,Petrol,Dealer,Manual,2,998,12.8,Delhi,Blue,3
2931,Ford EcoSport,2024,9.26,5.59,50619,Diesel,Individual,Manual,1,2755,19.3,Mohali,Blue,2
2932,Hyundai Verna,2018,14.93,2.43,99171,Petrol,Dealer,Manual,0,1997,16.9,Ludhiana,Brown,8
2933,Maruti Brezza,2023,13.49,9.5,22854,Petrol,Dealer,Manual,0,1956,25.0,Mohali,Silver,3
2934,Volkswagen Polo,2022,8.53,4.49,50680,Petrol,Individual,Manual,2,1597,23.3,Kolkata,Silver,4
2935,Ford EcoSport,2015,9.92,1.19,79520,Diesel,Dealer,Manual,1,998,14.5,Jaipur,Grey,11
2936,Hyundai Alcazar,2016,19.26,2.31,100283,Diesel,Dealer,Automatic,1,998,15.5,Jaipur,Red,10
2937,Toyota Glanza,2015,9.31,1.12,78137,Petrol,Individual,Manual,0,1498,16.7,Delhi,White,11
2938,Tata Nexon,2015,12.17,1.46,90737,Petrol,Individual,Manual,0,1597,13.6,Amritsar,White,11
2939,Tata Safari,2014,23.44,2.81,111213,Diesel,Dealer,Automatic,0,1997,22.7,Noida,Red,12
2940,Hyundai i20,2019,10.05,3.27,39182,Petrol,Dealer,Manual,0,799,15.6,Mumbai,Black,7
2941,Toyota Innova Crysta,2021,26.52,11.68,39808,Diesel,Individual,Manual,1,799,22.8,Amritsar,Red,5
2942,Maruti Brezza,2016,13.76,1.65,53373,Petrol,Dealer,Manual,1,1997,20.0,Noida,Grey,10
2943,Maruti Ertiga,2012,10.42,1.25,136500,Petrol,Individual,Manual,1,2755,13.7,Kolkata,Red,14
2944,Mahindra XUV700,2015,26.62,3.19,53399,Diesel,Dealer,Automatic,1,799,17.3,Amritsar,Blue,11
2945,Tata Punch,2018,8.38,1.01,76757,Petrol,Dealer,Manual,1,2179,21.7,Delhi,Blue,8
2946,Tata Nexon,2023,11.18,8.59,2500,Petrol,Dealer,Manual,1,1497,13.9,Amritsar,White,3
2947,Hyundai Creta,2018,17.96,2.64,58509,Diesel,Individual,Manual,2,998,12.0,Kolkata,Blue,8
2948,Hyundai Alcazar,2014,23.65,2.84,110117,Diesel,Dealer,Automatic,1,1497,13.1,Mohali,Silver,12
2949,Hyundai Venue,2020,11.61,3.66,73079,Petrol,Individual,Manual,0,1597,17.4,Chandigarh,Black,6
2950,Mahindra Thar,2016,16.66,2.0,79108,Diesel,Dealer,Manual,0,1956,23.4,Chandigarh,Brown,10
2951,Maruti Wagon R,2016,6.01,0.88,38550,Petrol,Dealer,Manual,1,2179,20.1,Kolkata,Blue,10
2952,Hyundai Alcazar,2023,19.43,9.58,56550,Diesel,Individual,Automatic,0,1497,16.5,Ludhiana,White,3
2953,Maruti Ertiga,2019,10.72,3.65,45261,Petrol,Individual,Manual,0,1997,19.4,Amritsar,Silver,7
2954,Mahindra Thar,2018,16.2,1.94,103124,Diesel,Individual,Manual,2,1597,17.4,Delhi,Grey,8
2955,Honda Elevate,2019,15.12,3.29,85198,Petrol,Dealer,Manual,0,2755,18.2,Chennai,Red,7
2956,Honda Amaze,2022,9.59,5.15,42488,Petrol,Individual,Manual,0,2755,22.1,Kolkata,Blue,4
2957,Renault Kwid,2014,5.07,0.61,111441,Petrol,Dealer,Manual,0,998,21.7,Chandigarh,Silver,12
2958,Tata Altroz,2019,9.13,2.23,83034,Petrol,Dealer,Manual,0,2393,19.7,Chennai,Brown,7
2959,Renault Kiger,2019,9.84,2.58,62486,Petrol,Dealer,Manual,0,1956,12.7,Pune,Black,7
2960,MG Hector,2024,23.46,17.18,24426,Petrol,Dealer,Automatic,1,1199,20.4,Lucknow,Grey,2
2961,Maruti Wagon R,2016,6.13,0.74,93500,Petrol,Individual,Manual,1,1498,12.9,Lucknow,Blue,10
2962,Skoda Slavia,2023,18.97,13.41,29916,Petrol,Dealer,Automatic,0,2755,23.0,Ludhiana,Blue,3
2963,Hyundai Grand i10,2014,7.8,0.94,125491,Petrol,Individual,Manual,0,1956,17.2,Amritsar,Brown,12
2964,Maruti Swift,2018,8.52,1.5,72451,Petrol,Individual,Manual,0,799,18.6,Amritsar,Grey,8
2965,Maruti Swift,2014,7.66,0.92,139976,Petrol,Individual,Manual,2,1497,25.0,Lucknow,Silver,12
2966,Hyundai Grand i10,2013,6.71,0.81,128215,Petrol,Individual,Manual,0,2755,18.7,Mumbai,Black,13
2967,Hyundai Grand i10,2016,7.18,0.86,96795,Petrol,Dealer,Manual,2,1597,19.3,Pune,Black,10
2968,Hyundai i20,2012,9.29,1.12,105411,Petrol,Individual,Manual,0,2179,18.1,Delhi,Blue,14
2969,Toyota Fortuner,2013,44.99,5.4,80628,Diesel,Dealer,Automatic,1,1498,21.2,Ludhiana,Black,13
2970,Mahindra XUV700,2014,25.34,3.04,94720,Diesel,Dealer,Automatic,0,2179,18.6,Bengaluru,Black,12
2971,Tata Harrier,2015,19.73,2.37,65563,Diesel,Individual,Manual,1,1498,13.6,Noida,White,11
2972,Volkswagen Polo,2012,8.77,1.05,119234,Petrol,Dealer,Manual,0,1197,15.8,Jaipur,Grey,14
2973,Honda Amaze,2018,9.81,1.18,59844,Petrol,Individual,Manual,1,1498,25.1,Ludhiana,White,8
2974,Maruti Brezza,2017,13.51,2.32,46528,Petrol,Individual,Manual,0,1997,16.7,Bengaluru,Red,9
2975,Maruti Ertiga,2025,10.93,9.4,13775,Petrol,Individual,Manual,0,1498,14.0,Amritsar,Red,1
2976,Skoda Slavia,2023,16.53,12.63,12465,Petrol,Individual,Automatic,0,2179,16.3,Lucknow,Grey,3
2977,Jeep Compass,2017,24.73,2.97,88191,Diesel,Dealer,Automatic,1,1597,19.5,Gurugram,Black,9
2978,Jeep Compass,2014,25.76,3.09,64718,Diesel,Individual,Automatic,1,1956,23.3,Kolkata,Silver,12
2979,Mahindra Bolero,2019,9.99,1.37,109874,Diesel,Dealer,Manual,2,2179,12.3,Amritsar,Brown,7
2980,Renault Kwid,2021,4.51,1.58,60826,Petrol,Individual,Manual,2,2393,17.0,Lucknow,White,5
2981,Mahindra Thar,2012,16.59,1.99,77806,Diesel,Individual,Manual,0,1997,14.9,Mohali,Red,14
2982,Maruti Ciaz,2016,10.27,1.23,73294,Petrol,Individual,Manual,0,2393,13.8,Mumbai,Grey,10
2983,Maruti Wagon R,2025,5.68,3.82,61444,Petrol,Dealer,Manual,1,1597,23.2,Kolkata,White,1
2984,Tata Tiago,2024,7.62,6.14,17495,Petrol,Individual,Manual,0,1197,16.7,Hyderabad,White,2
2985,Mahindra Thar,2018,18.59,5.23,28957,Diesel,Dealer,Manual,1,799,24.9,Delhi,Red,8
2986,Tata Safari,2023,26.22,14.4,55259,Diesel,Dealer,Automatic,0,1956,22.4,Chandigarh,Blue,3
2987,Tata Tiago,2015,6.94,0.83,82559,Petrol,Dealer,Manual,0,1199,20.4,Chandigarh,Silver,11
2988,Hyundai Grand i10,2016,7.16,0.86,68040,Petrol,Dealer,Manual,0,2755,22.0,Mumbai,Grey,10
2989,Maruti Ciaz,2013,12.68,1.52,112225,Petrol,Dealer,Manual,0,1199,17.7,Chandigarh,Grey,13
2990,Kia Seltos,2014,16.55,1.99,114785,Diesel,Dealer,Manual,1,1498,24.7,Delhi,White,12
2991,Tata Nexon,2018,11.84,1.79,81070,Petrol,Dealer,Manual,1,1199,18.5,Amritsar,Grey,8
2992,Kia Sonet,2022,13.45,7.18,66210,Petrol,Dealer,Manual,0,1597,20.2,Chandigarh,Silver,4
2993,Hyundai Alcazar,2020,19.52,7.52,70227,Diesel,Individual,Automatic,0,1197,21.6,Pune,Brown,6
2994,Honda Amaze,2022,8.38,5.05,41018,Petrol,Dealer,Manual,0,2755,23.7,Amritsar,Silver,4
2995,Mahindra XUV700,2016,25.5,3.06,84967,Diesel,Dealer,Automatic,1,1997,21.9,Ludhiana,Grey,10
2996,MG Hector,2016,22.87,2.74,96377,Petrol,Dealer,Automatic,0,2393,20.9,Kolkata,White,10
2997,Mahindra Scorpio,2017,19.37,3.0,33355,Diesel,Dealer,Manual,0,1498,14.6,Mumbai,Grey,9
2998,Skoda Rapid,2024,10.45,8.33,17246,Diesel,Dealer,Manual,1,2393,20.7,Lucknow,Blue,2
2999,Honda Amaze,2023,9.52,5.27,42934,Petrol,Individual,Manual,1,2393,20.8,Ludhiana,Brown,3
3000,Hyundai Venue,2022,10.62,6.5,3788,Petrol,Dealer,Manual,0,1197,19.1,Lucknow,Red,4
3001,Honda Elevate,2016,14.58,1.75,83597,Petrol,Dealer,Manual,0,998,20.7,Mumbai,Grey,10
3002,Hyundai Verna,2022,14.32,6.75,87202,Petrol,Individual,Manual,0,1956,15.2,Kolkata,Brown,4
3003,Hyundai i20,2025,8.06,6.79,2500,Petrol,Dealer,Manual,1,2755,18.9,Bengaluru,Silver,1
3004,Honda Elevate,2018,16.28,3.63,99851,Petrol,Individual,Manual,0,1498,19.5,Jaipur,Blue,8
3005,Maruti Dzire,2022,8.62,4.84,50303,Petrol,Dealer,Manual,0,1597,14.2,Mohali,Silver,4
3006,Toyota Fortuner,2013,34.99,4.2,118131,Diesel,Dealer,Automatic,1,2179,14.5,Pune,Brown,13
3007,Renault Kwid,2024,4.93,3.54,59096,Petrol,Dealer,Manual,1,1597,17.2,Lucknow,Black,2
3008,Honda Amaze,2019,8.84,1.94,87053,Petrol,Individual,Manual,0,799,12.2,Delhi,Brown,7
3009,Maruti Alto,2018,3.81,0.68,89565,Petrol,Individual,Manual,0,1597,21.2,Amritsar,Black,8
3010,Hyundai Grand i10,2019,7.32,1.96,59055,Petrol,Individual,Manual,0,1597,18.9,Delhi,Grey,7
3011,Maruti Dzire,2022,8.45,3.93,37353,Petrol,Individual,Manual,1,1498,21.7,Delhi,Blue,4
3012,Tata Altroz,2018,9.49,1.77,42597,Petrol,Dealer,Manual,2,1498,23.4,Chandigarh,Silver,8
3013,Maruti Baleno,2025,9.48,8.49,2500,Petrol,Dealer,Manual,0,2179,21.9,Hyderabad,Silver,1
3014,Skoda Slavia,2017,15.97,2.5,69836,Petrol,Dealer,Automatic,0,1199,12.3,Mumbai,Grey,9
3015,Maruti Alto,2020,4.3,1.25,79029,Petrol,Dealer,Manual,0,1497,23.5,Lucknow,Silver,6
3016,Toyota Fortuner,2019,41.86,10.94,71190,Diesel,Dealer,Automatic,0,1498,12.5,Amritsar,White,7
3017,Hyundai i20,2018,9.44,2.49,56772,Petrol,Individual,Manual,0,1997,16.2,Gurugram,Grey,8
3018,Mahindra Thar,2014,18.61,2.23,80236,Diesel,Dealer,Manual,2,1997,23.6,Chandigarh,Grey,12
3019,Volkswagen Virtus,2014,18.39,2.21,86953,Petrol,Dealer,Automatic,1,1597,23.1,Bengaluru,Grey,12
3020,Tata Altroz,2019,8.72,2.72,37901,Petrol,Dealer,Manual,0,998,13.6,Amritsar,Brown,7
3021,Tata Tiago,2017,6.74,0.81,119707,Petrol,Individual,Manual,0,1597,16.0,Chandigarh,Grey,9
3022,Hyundai i20,2014,8.76,1.05,98451,Petrol,Individual,Manual,0,1497,16.1,Pune,Brown,12
3023,Skoda Rapid,2012,10.06,1.21,134618,Diesel,Dealer,Manual,3,799,16.3,Mohali,Brown,14
3024,Mahindra Scorpio,2021,20.68,6.91,68446,Diesel,Dealer,Manual,1,2393,20.3,Ludhiana,Grey,5
3025,Maruti Ciaz,2013,11.63,1.4,148605,Petrol,Dealer,Manual,1,1956,15.6,Mumbai,Black,13
3026,Toyota Innova Crysta,2019,24.16,10.62,10560,Diesel,Dealer,Manual,1,1497,24.3,Gurugram,Grey,7
3027,Tata Punch,2019,9.25,2.79,53785,Petrol,Individual,Manual,1,1597,15.9,Bengaluru,Silver,7
3028,Maruti Wagon R,2019,6.64,1.84,57549,Petrol,Dealer,Manual,1,2755,18.6,Kolkata,Red,7
3029,Hyundai Alcazar,2024,20.03,16.21,11280,Diesel,Dealer,Automatic,0,1498,13.8,Amritsar,Silver,2
3030,Hyundai Venue,2014,12.81,1.54,108460,Petrol,Dealer,Manual,0,1956,16.9,Hyderabad,Brown,12
3031,Renault Kiger,2014,9.06,1.09,115097,Petrol,Dealer,Manual,0,1956,23.4,Amritsar,White,12
3032,Renault Kwid,2022,5.5,2.32,58820,Petrol,Dealer,Manual,1,1997,21.7,Lucknow,Grey,4
3033,Honda Amaze,2021,9.26,3.85,72678,Petrol,Individual,Manual,0,998,24.1,Jaipur,Blue,5
3034,Skoda Slavia,2018,17.58,2.11,94034,Petrol,Individual,Automatic,0,1997,14.0,Noida,Silver,8
3035,Kia Sonet,2020,13.62,4.26,60295,Petrol,Dealer,Manual,0,2179,12.7,Mumbai,White,6
3036,Nissan Magnite,2025,8.97,6.63,17978,Petrol,Dealer,Manual,3,2179,20.5,Mumbai,White,1
3037,Maruti Brezza,2015,12.85,1.54,59242,Petrol,Dealer,Manual,1,1956,21.3,Hyderabad,Grey,11
3038,Tata Punch,2012,9.91,1.19,108946,Petrol,Individual,Manual,0,1497,12.3,Kolkata,Silver,14
3039,Maruti Dzire,2014,7.99,0.96,87848,Petrol,Dealer,Manual,3,1497,22.6,Bengaluru,Red,12
3040,Hyundai Verna,2024,15.06,10.88,29723,Petrol,Dealer,Manual,2,1199,17.9,Lucknow,Silver,2
3041,Tata Nexon,2013,12.09,1.45,83045,Petrol,Individual,Manual,1,2755,22.3,Chandigarh,Blue,13
3042,Tata Safari,2013,26.9,3.23,114863,Diesel,Dealer,Automatic,0,1997,20.4,Delhi,Red,13
3043,Renault Kiger,2020,8.38,3.14,48084,Petrol,Dealer,Manual,1,1498,24.2,Amritsar,Silver,6
3044,Kia Sonet,2019,13.83,3.26,80976,Petrol,Dealer,Manual,0,1197,24.2,Pune,White,7
3045,Renault Kwid,2016,4.69,0.56,74854,Petrol,Individual,Manual,0,998,17.1,Chandigarh,Black,10
3046,Maruti Ertiga,2012,11.95,1.43,88285,Petrol,Dealer,Manual,0,2755,23.1,Lucknow,Brown,14
3047,Hyundai Creta,2016,18.67,2.24,93015,Diesel,Dealer,Manual,0,1197,24.9,Noida,Grey,10
3048,Renault Kiger,2017,8.99,1.08,92837,Petrol,Dealer,Manual,0,2755,16.5,Pune,White,9
3049,Honda City,2018,13.44,2.32,64038,Petrol,Dealer,Manual,0,998,15.5,Chandigarh,Silver,8
3050,Honda Elevate,2022,15.76,8.52,43393,Petrol,Dealer,Manual,0,1498,12.2,Chandigarh,Red,4
3051,Skoda Rapid,2024,10.32,7.23,29913,Diesel,Dealer,Manual,1,1498,18.0,Chennai,Grey,2
3052,Maruti Dzire,2020,8.23,3.78,39819,Petrol,Individual,Manual,0,799,25.3,Noida,White,6
3053,Hyundai Verna,2021,14.53,5.77,44369,Petrol,Dealer,Manual,1,1498,15.0,Kolkata,Blue,5
3054,Tata Nexon,2013,11.08,1.33,130669,Petrol,Dealer,Manual,0,2179,20.9,Hyderabad,Blue,13
3055,Ford EcoSport,2021,9.61,5.14,39788,Diesel,Dealer,Manual,0,1199,18.0,Lucknow,Blue,5
3056,Maruti Baleno,2020,8.15,2.48,94382,Petrol,Individual,Manual,0,799,19.0,Kolkata,White,6
3057,Hyundai i20,2025,8.29,6.82,22159,Petrol,Dealer,Manual,1,1498,22.4,Delhi,Silver,1
3058,Tata Nexon,2019,13.0,1.76,78970,Petrol,Dealer,Manual,2,1498,19.8,Chennai,White,7
3059,Maruti Brezza,2012,13.07,1.57,113072,Petrol,Dealer,Manual,0,2393,21.9,Amritsar,Silver,14
3060,Tata Punch,2020,9.28,3.15,53273,Petrol,Dealer,Manual,1,1197,19.6,Chennai,Red,6
3061,Nissan Magnite,2016,8.08,0.97,100922,Petrol,Dealer,Manual,0,1498,17.5,Mohali,Grey,10
3062,Honda Elevate,2025,17.37,15.14,2500,Petrol,Dealer,Manual,1,1597,17.2,Jaipur,Silver,1
3063,Maruti Brezza,2025,12.33,9.52,23949,Petrol,Dealer,Manual,1,2179,23.2,Chandigarh,Blue,1
3064,Tata Tiago,2016,6.59,0.87,41497,Petrol,Dealer,Manual,0,1497,17.4,Mumbai,Brown,10
3065,Hyundai Creta,2022,15.23,8.07,50582,Diesel,Individual,Manual,0,1997,13.0,Bengaluru,Red,4
3066,Honda Elevate,2020,17.69,4.01,74415,Petrol,Individual,Manual,2,1597,17.4,Chandigarh,Blue,6
3067,Jeep Compass,2019,24.35,5.18,83749,Diesel,Dealer,Automatic,1,799,12.9,Delhi,Silver,7
3068,Maruti Ertiga,2017,10.35,1.33,67833,Petrol,Dealer,Manual,0,2179,18.3,Amritsar,Black,9
3069,Ford EcoSport,2021,10.6,3.54,72359,Diesel,Individual,Manual,0,2393,16.9,Bengaluru,Red,5
3070,Hyundai i20,2021,8.18,3.53,64284,Petrol,Dealer,Manual,0,1597,12.3,Noida,Blue,5
3071,Mahindra Scorpio,2017,20.34,2.44,67265,Diesel,Individual,Manual,1,1997,13.8,Mumbai,Brown,9
3072,Renault Kiger,2024,10.03,6.5,46597,Petrol,Dealer,Manual,0,998,23.9,Pune,Blue,2
3073,Skoda Rapid,2023,10.4,7.08,30127,Diesel,Individual,Manual,2,2755,15.6,Noida,Black,3
3074,Kia Sonet,2020,11.35,4.18,58857,Petrol,Individual,Manual,0,1956,14.1,Pune,Silver,6
3075,Volkswagen Virtus,2016,17.96,2.16,135972,Petrol,Individual,Automatic,0,1197,20.1,Pune,Silver,10
3076,Hyundai i20,2021,8.63,4.02,35233,Petrol,Dealer,Manual,0,2179,16.7,Gurugram,White,5
3077,Maruti Baleno,2019,9.95,2.51,73865,Petrol,Individual,Manual,0,1497,24.9,Gurugram,Grey,7
3078,Tata Nexon,2020,12.63,5.56,38494,Petrol,Dealer,Manual,0,1497,17.7,Chennai,Red,6
3079,Maruti Ertiga,2021,12.49,6.05,43099,Petrol,Dealer,Manual,0,1197,19.9,Hyderabad,Grey,5
3080,Maruti Dzire,2020,8.33,2.7,50139,Petrol,Individual,Manual,0,1997,15.2,Chennai,Silver,6
3081,Maruti Brezza,2021,12.04,5.69,34414,Petrol,Individual,Manual,2,1497,17.1,Gurugram,Silver,5
3082,Tata Tiago,2015,6.46,0.78,115092,Petrol,Dealer,Manual,0,799,16.6,Bengaluru,White,11
3083,MG Hector,2018,23.45,2.81,110897,Petrol,Dealer,Automatic,1,2755,16.8,Delhi,Blue,8
3084,Toyota Glanza,2016,7.94,0.95,133433,Petrol,Dealer,Manual,1,2179,15.4,Kolkata,Blue,10
3085,Ford EcoSport,2018,9.66,2.11,53754,Diesel,Dealer,Manual,0,998,17.5,Mumbai,Grey,8
3086,Maruti Alto,2017,4.47,0.55,95793,Petrol,Dealer,Manual,0,2179,19.7,Bengaluru,Silver,9
3087,Tata Tiago,2022,6.26,4.07,2500,Petrol,Individual,Manual,1,1197,24.0,Chandigarh,Black,4
3088,Renault Kwid,2018,4.41,0.61,137559,Petrol,Individual,Manual,0,998,18.6,Hyderabad,Grey,8
3089,Toyota Glanza,2023,9.39,3.81,85111,Petrol,Individual,Manual,3,2393,19.2,Mumbai,Silver,3
3090,Maruti Fronx,2016,11.03,1.32,98510,Petrol,Individual,Manual,1,1498,12.9,Chennai,Silver,10
3091,Tata Nexon,2023,11.89,6.0,72410,Petrol,Individual,Manual,0,2179,16.2,Hyderabad,Silver,3
3092,Mahindra Scorpio,2024,17.65,14.17,14958,Diesel,Dealer,Manual,0,1497,21.5,Pune,Brown,2
3093,Tata Harrier,2020,18.4,5.79,58443,Diesel,Dealer,Manual,0,1498,17.4,Pune,White,6
3094,Hyundai i20,2015,8.09,0.97,118301,Petrol,Dealer,Manual,0,1956,12.1,Hyderabad,Blue,11
3095,Tata Nexon,2023,10.76,6.63,2500,Petrol,Dealer,Manual,3,2179,22.8,Pune,White,3
3096,Mahindra Bolero,2012,11.05,1.33,114671,Diesel,Dealer,Manual,0,1199,21.6,Jaipur,Blue,14
3097,Maruti Brezza,2021,12.25,4.55,52178,Petrol,Dealer,Manual,3,1997,25.0,Bengaluru,White,5
3098,Maruti Ertiga,2019,12.67,3.21,67236,Petrol,Individual,Manual,0,1497,19.5,Chandigarh,Grey,7
3099,Tata Tiago,2021,7.47,3.67,25724,Petrol,Dealer,Manual,0,1956,20.9,Ludhiana,Blue,5
3100,Mahindra Thar,2021,15.77,6.1,61628,Diesel,Dealer,Manual,0,1498,13.4,Ludhiana,Grey,5
3101,Hyundai Verna,2023,15.79,10.86,36194,Petrol,Dealer,Manual,1,2179,18.4,Mumbai,White,3
3102,Mahindra Thar,2012,16.15,1.94,77124,Diesel,Dealer,Manual,2,2393,16.8,Chandigarh,Silver,14
3103,Hyundai Verna,2012,15.43,1.85,103049,Petrol,Individual,Manual,2,1497,21.3,Pune,Blue,14
3104,Volkswagen Virtus,2021,16.9,7.65,53350,Petrol,Individual,Automatic,1,1997,23.1,Noida,Brown,5
3105,MG Hector,2014,23.3,2.8,83742,Petrol,Dealer,Automatic,1,2179,14.8,Chandigarh,White,12
3106,Maruti Baleno,2018,9.65,1.16,76785,Petrol,Individual,Manual,1,2755,23.0,Chandigarh,Brown,8
3107,Hyundai Alcazar,2014,22.3,2.68,101248,Diesel,Dealer,Automatic,1,1497,13.5,Mumbai,White,12
3108,Mahindra XUV700,2012,27.4,3.29,107292,Diesel,Individual,Automatic,0,2755,18.6,Mohali,Blue,14
3109,Maruti Ertiga,2025,10.55,9.25,2500,Petrol,Individual,Manual,1,998,19.5,Amritsar,Blue,1
3110,Tata Punch,2020,9.0,3.22,55136,Petrol,Dealer,Manual,1,1197,14.0,Hyderabad,Black,6
3111,Hyundai Verna,2022,14.77,9.67,21327,Petrol,Dealer,Manual,0,1197,19.8,Jaipur,Silver,4
3112,Tata Altroz,2017,9.2,1.1,83639,Petrol,Dealer,Manual,1,2755,25.5,Chandigarh,Blue,9
3113,Maruti Brezza,2015,11.49,1.38,103096,Petrol,Dealer,Manual,1,1956,13.7,Kolkata,Blue,11
3114,Hyundai Verna,2025,14.4,9.16,53122,Petrol,Dealer,Manual,1,1498,17.1,Chandigarh,Grey,1
3115,Toyota Fortuner,2025,37.84,26.96,37660,Diesel,Dealer,Automatic,1,1199,15.9,Amritsar,Brown,1
3116,Renault Kiger,2014,9.17,1.1,67964,Petrol,Individual,Manual,0,1498,21.5,Jaipur,Grey,12
3117,Mahindra XUV700,2013,22.09,2.65,106511,Diesel,Individual,Automatic,2,2393,18.5,Kolkata,Silver,13
3118,Hyundai Verna,2015,14.11,1.69,110877,Petrol,Individual,Manual,1,2179,17.1,Delhi,Grey,11
3119,Maruti Dzire,2014,8.93,1.07,103666,Petrol,Individual,Manual,0,1956,14.0,Delhi,Black,12
3120,Kia Seltos,2012,17.58,2.11,76252,Diesel,Dealer,Manual,0,799,20.0,Hyderabad,Black,14
3121,Maruti Baleno,2013,8.92,1.07,111612,Petrol,Dealer,Manual,0,1197,24.3,Jaipur,Black,13
3122,Maruti Ertiga,2020,11.78,4.54,44101,Petrol,Dealer,Manual,0,799,19.5,Noida,Black,6
3123,Toyota Innova Crysta,2018,23.59,4.28,64639,Diesel,Dealer,Manual,1,1497,15.2,Ludhiana,Grey,8
3124,Tata Safari,2024,23.75,18.64,23544,Diesel,Individual,Automatic,1,2179,17.8,Amritsar,Brown,2
3125,Maruti Swift,2018,9.01,1.08,95702,Petrol,Individual,Manual,2,998,13.7,Mumbai,Grey,8
3126,MG Hector,2019,19.83,2.38,75404,Petrol,Individual,Automatic,3,1597,12.3,Chennai,White,7
3127,Honda City,2020,14.8,5.79,55496,Petrol,Dealer,Manual,0,2755,23.8,Delhi,Black,6
3128,Maruti Ciaz,2021,10.35,5.26,27605,Petrol,Dealer,Manual,1,1197,14.0,Chennai,White,5
3129,Kia Sonet,2018,12.18,1.72,91139,Petrol,Dealer,Manual,1,1498,13.0,Delhi,Brown,8
3130,Renault Kiger,2021,8.19,5.3,2895,Petrol,Individual,Manual,0,1997,21.4,Mohali,Red,5
3131,Hyundai i20,2012,9.38,1.13,125032,Petrol,Dealer,Manual,2,1197,24.3,Chandigarh,Blue,14
3132,Honda Elevate,2019,14.36,1.72,74680,Petrol,Dealer,Manual,3,2179,22.6,Ludhiana,Brown,7
3133,Hyundai i20,2013,10.06,1.21,89034,Petrol,Dealer,Manual,0,1199,23.3,Amritsar,Red,13
3134,Kia Seltos,2025,19.51,14.95,42367,Diesel,Dealer,Manual,0,2179,14.7,Gurugram,Grey,1
3135,Maruti Fronx,2017,10.41,1.25,81163,Petrol,Dealer,Manual,0,2755,14.9,Gurugram,White,9
3136,Renault Kwid,2017,4.67,0.56,88428,Petrol,Individual,Manual,2,2393,19.7,Delhi,Brown,9
3137,Volkswagen Polo,2022,7.47,4.05,52798,Petrol,Individual,Manual,0,1498,19.4,Hyderabad,Grey,4
3138,MG Hector,2014,20.18,2.42,130828,Petrol,Individual,Automatic,1,998,20.1,Chennai,Silver,12
3139,Volkswagen Polo,2019,7.86,0.94,74591,Petrol,Dealer,Manual,2,1498,13.2,Hyderabad,Grey,7
3140,Maruti Fronx,2022,9.76,3.69,93264,Petrol,Individual,Manual,0,1956,16.4,Mumbai,Grey,4
3141,Mahindra XUV700,2013,23.87,2.86,120486,Diesel,Dealer,Automatic,0,998,15.3,Amritsar,Silver,13
3142,Mahindra Scorpio,2021,21.84,9.57,48758,Diesel,Dealer,Manual,2,1197,21.6,Bengaluru,White,5
3143,Tata Nexon,2024,13.39,9.44,36206,Petrol,Dealer,Manual,0,1199,14.3,Chandigarh,Silver,2
3144,Hyundai Grand i10,2022,7.48,4.61,39186,Petrol,Individual,Manual,0,2393,12.9,Chandigarh,Black,4
3145,Renault Kiger,2016,9.28,1.11,57443,Petrol,Dealer,Manual,0,2755,16.6,Bengaluru,Grey,10
3146,Kia Sonet,2022,13.8,7.36,55775,Petrol,Individual,Manual,1,2179,15.3,Kolkata,White,4
3147,Ford EcoSport,2017,9.48,1.14,96981,Diesel,Dealer,Manual,0,1997,20.9,Ludhiana,Silver,9
3148,Honda City,2025,15.8,13.38,22171,Petrol,Dealer,Manual,0,1199,12.3,Amritsar,Blue,1
3149,Toyota Glanza,2015,9.49,1.14,114586,Petrol,Dealer,Manual,1,799,13.8,Mohali,Black,11
3150,Nissan Magnite,2013,9.33,1.12,101388,Petrol,Dealer,Manual,1,1956,14.0,Mohali,Silver,13
3151,Renault Kwid,2014,5.04,0.61,100029,Petrol,Dealer,Manual,0,2179,20.2,Kolkata,Brown,12
3152,MG Hector,2025,20.17,15.76,31707,Petrol,Dealer,Automatic,0,1498,19.9,Chennai,Brown,1
3153,Hyundai Creta,2012,15.82,1.9,118511,Diesel,Individual,Manual,0,1197,15.8,Lucknow,Grey,14
3154,Mahindra XUV700,2023,25.72,18.66,32788,Diesel,Dealer,Automatic,0,1498,17.6,Jaipur,Brown,3
3155,Kia Seltos,2021,19.2,8.63,62437,Diesel,Individual,Manual,0,2393,19.9,Kolkata,Grey,5
3156,Mahindra Thar,2012,18.21,2.19,128958,Diesel,Individual,Manual,0,1199,20.4,Hyderabad,Red,14
3157,Mahindra XUV700,2014,27.67,3.32,80216,Diesel,Individual,Automatic,0,2755,19.1,Lucknow,Red,12
3158,Toyota Innova Crysta,2012,27.72,3.33,113873,Diesel,Individual,Manual,1,1497,19.4,Jaipur,Brown,14
3159,Hyundai Verna,2017,16.16,1.94,78426,Petrol,Dealer,Manual,0,1597,20.9,Noida,Silver,9
3160,Nissan Magnite,2021,10.06,4.81,44657,Petrol,Dealer,Manual,0,799,15.5,Noida,Brown,5
3161,Tata Altroz,2015,9.86,1.18,45451,Petrol,Individual,Manual,0,1497,22.6,Mumbai,White,11
3162,Hyundai Alcazar,2012,20.02,2.4,136628,Diesel,Dealer,Automatic,0,2179,22.5,Kolkata,Grey,14
3163,Hyundai Grand i10,2020,6.93,2.69,49699,Petrol,Individual,Manual,0,1197,20.6,Mohali,Brown,6
3164,Mahindra Bolero,2022,10.99,6.59,26331,Diesel,Dealer,Manual,0,2179,17.6,Hyderabad,Black,4
3165,Hyundai Venue,2017,10.71,1.28,89813,Petrol,Individual,Manual,0,1498,17.0,Lucknow,Red,9
3166,Hyundai Verna,2015,13.52,1.62,73264,Petrol,Dealer,Manual,0,1997,23.4,Gurugram,Brown,11
3167,Tata Safari,2021,24.95,11.18,30453,Diesel,Dealer,Automatic,1,1199,19.9,Bengaluru,Red,5
3168,Mahindra Thar,2024,18.64,12.09,63032,Diesel,Dealer,Manual,0,2755,22.5,Mohali,Silver,2
3169,Tata Tiago,2012,6.66,0.8,109863,Petrol,Dealer,Manual,1,1956,21.5,Noida,Red,14
3170,Renault Kiger,2018,9.05,1.09,82334,Petrol,Dealer,Manual,2,2179,15.1,Bengaluru,White,8
3171,Tata Harrier,2016,18.71,2.25,68412,Diesel,Individual,Manual,0,1597,21.2,Amritsar,Black,10
3172,Maruti Baleno,2016,9.72,1.17,116877,Petrol,Individual,Manual,0,1199,13.4,Noida,Blue,10
3173,Skoda Slavia,2024,17.84,15.83,2500,Petrol,Dealer,Automatic,0,2755,13.7,Lucknow,Brown,2
3174,Mahindra Thar,2014,18.09,2.17,61855,Diesel,Individual,Manual,0,2393,14.4,Ludhiana,Blue,12
3175,Maruti Dzire,2020,9.73,2.91,83509,Petrol,Dealer,Manual,0,1997,12.9,Amritsar,Brown,6
3176,Nissan Magnite,2023,9.16,5.91,30375,Petrol,Dealer,Manual,1,1597,14.8,Amritsar,Blue,3
3177,Hyundai Verna,2014,16.3,1.96,89534,Petrol,Dealer,Manual,0,1197,15.0,Delhi,Grey,12
3178,Tata Altroz,2018,8.13,1.38,60556,Petrol,Dealer,Manual,1,1597,24.1,Kolkata,Red,8
3179,Skoda Rapid,2016,10.83,1.3,110180,Diesel,Dealer,Manual,1,2393,13.9,Mohali,Silver,10
3180,Maruti Brezza,2013,12.49,1.5,95326,Petrol,Dealer,Manual,2,2179,22.5,Mohali,Silver,13
3181,Honda Amaze,2022,9.34,5.2,46726,Petrol,Dealer,Manual,0,1597,13.4,Amritsar,Brown,4
3182,Toyota Glanza,2018,9.93,2.92,30220,Petrol,Dealer,Manual,0,1498,18.1,Chandigarh,White,8
3183,MG Hector,2014,20.67,2.48,106084,Petrol,Dealer,Automatic,0,1497,12.5,Jaipur,Black,12
3184,Maruti Baleno,2023,8.69,6.92,9133,Petrol,Dealer,Manual,0,1956,20.0,Mumbai,Brown,3
3185,Nissan Magnite,2021,9.38,4.03,45204,Petrol,Dealer,Manual,1,1956,24.8,Gurugram,Blue,5
3186,Toyota Innova Crysta,2022,22.56,10.4,65269,Diesel,Individual,Manual,1,1997,18.5,Chennai,Grey,4
3187,Tata Punch,2024,7.96,5.96,26170,Petrol,Dealer,Manual,1,2755,22.0,Chandigarh,Black,2
3188,Maruti Dzire,2022,8.65,4.16,64831,Petrol,Dealer,Manual,1,1997,15.5,Ludhiana,Grey,4
3189,Toyota Glanza,2020,8.65,2.61,72359,Petrol,Individual,Manual,0,2393,25.5,Bengaluru,White,6
3190,Tata Altroz,2013,9.48,1.14,96524,Petrol,Dealer,Manual,0,1597,23.1,Lucknow,Red,13
3191,Toyota Innova Crysta,2019,27.55,3.96,88612,Diesel,Individual,Manual,0,2179,12.5,Gurugram,Red,7
3192,Maruti Baleno,2014,8.45,1.01,88927,Petrol,Individual,Manual,0,1199,24.9,Jaipur,Silver,12
3193,Mahindra Scorpio,2016,20.25,2.43,110757,Diesel,Individual,Manual,1,2179,21.1,Mohali,Black,10
3194,Jeep Compass,2023,24.29,18.98,2500,Diesel,Dealer,Automatic,0,1597,19.1,Chennai,Grey,3
3195,Tata Punch,2015,9.27,1.11,111402,Petrol,Individual,Manual,2,2755,15.1,Mumbai,Brown,11
3196,Toyota Fortuner,2017,38.16,4.58,58648,Diesel,Dealer,Automatic,1,1597,12.7,Noida,White,9
3197,Toyota Glanza,2025,9.64,7.73,25525,Petrol,Individual,Manual,0,2179,20.3,Chennai,Red,1
3198,Maruti Brezza,2020,12.41,5.78,16547,Petrol,Individual,Manual,0,1498,24.2,Lucknow,Black,6
3199,Renault Kiger,2022,8.26,4.13,67862,Petrol,Dealer,Manual,0,1597,17.7,Amritsar,Black,4
3200,Maruti Wagon R,2023,6.55,5.27,2500,Petrol,Individual,Manual,0,1597,17.6,Gurugram,Black,3
3201,Mahindra Thar,2017,18.72,2.25,90390,Diesel,Dealer,Manual,0,1597,14.7,Mohali,Brown,9
3202,Tata Harrier,2017,18.49,2.22,99054,Diesel,Individual,Manual,0,1597,21.4,Mohali,Red,9
3203,Mahindra Bolero,2021,11.12,5.27,23429,Diesel,Dealer,Manual,1,1497,13.6,Noida,Black,5
3204,MG Hector,2021,22.62,11.89,25511,Petrol,Individual,Automatic,0,1997,19.0,Hyderabad,Brown,5
3205,Tata Nexon,2017,12.82,1.54,99017,Petrol,Dealer,Manual,0,1197,22.9,Amritsar,Grey,9
3206,Hyundai Creta,2019,16.18,2.43,65584,Diesel,Individual,Manual,3,799,23.1,Chennai,Black,7
3207,Hyundai Alcazar,2013,23.46,2.82,108065,Diesel,Dealer,Automatic,3,2755,16.1,Kolkata,White,13
3208,Hyundai Venue,2025,11.69,10.8,7814,Petrol,Individual,Manual,1,799,15.2,Kolkata,Silver,1
3209,Jeep Compass,2014,26.35,3.16,33324,Diesel,Dealer,Automatic,1,1997,21.3,Delhi,Silver,12
3210,Mahindra Bolero,2013,8.83,1.06,105935,Diesel,Dealer,Manual,0,1497,23.8,Amritsar,White,13
3211,Kia Seltos,2022,17.5,9.84,41868,Diesel,Dealer,Manual,0,1197,13.9,Chandigarh,White,4
3212,Honda Amaze,2012,8.81,1.06,114519,Petrol,Dealer,Manual,1,2179,12.6,Bengaluru,Brown,14
3213,Maruti Dzire,2019,9.22,2.43,62677,Petrol,Dealer,Manual,1,1197,16.3,Mohali,Black,7
3214,Maruti Ciaz,2016,10.19,1.22,100252,Petrol,Dealer,Manual,1,2393,16.1,Ludhiana,Brown,10
3215,Skoda Slavia,2021,16.07,8.59,23276,Petrol,Dealer,Automatic,0,1997,15.6,Bengaluru,Blue,5
3216,Hyundai Verna,2015,14.5,1.74,89915,Petrol,Dealer,Manual,0,1199,24.9,Jaipur,Black,11
3217,Kia Sonet,2025,12.6,8.49,41114,Petrol,Dealer,Manual,3,2755,19.7,Mohali,Black,1
3218,Tata Tiago,2023,7.31,5.69,22217,Petrol,Individual,Manual,0,1498,20.4,Noida,Silver,3
3219,Skoda Rapid,2012,10.24,1.23,108671,Diesel,Dealer,Manual,0,998,19.3,Amritsar,Grey,14
3220,Honda City,2017,13.31,1.6,77911,Petrol,Dealer,Manual,1,2393,12.6,Lucknow,Silver,9
3221,Hyundai Alcazar,2024,20.46,13.06,41763,Diesel,Individual,Automatic,0,2179,24.9,Kolkata,Red,2
3222,Honda City,2014,14.16,1.7,69829,Petrol,Individual,Manual,1,1197,18.2,Bengaluru,Brown,12
3223,Skoda Slavia,2022,16.04,6.43,55676,Petrol,Dealer,Automatic,2,2755,24.9,Hyderabad,Silver,4
3224,Mahindra XUV700,2023,27.4,17.96,46322,Diesel,Dealer,Automatic,0,1498,22.7,Noida,White,3
3225,MG Hector,2012,23.64,2.84,122168,Petrol,Individual,Automatic,1,1997,25.0,Jaipur,Silver,14
3226,Maruti Baleno,2016,9.73,1.17,91404,Petrol,Dealer,Manual,1,1498,12.5,Lucknow,Blue,10
3227,Kia Seltos,2024,15.49,10.92,45105,Diesel,Individual,Manual,0,1199,16.8,Ludhiana,White,2
3228,Honda City,2016,13.98,1.68,52244,Petrol,Dealer,Manual,0,2179,13.2,Bengaluru,White,10
3229,Hyundai Venue,2023,13.15,8.95,20026,Petrol,Individual,Manual,0,1497,13.0,Mumbai,Black,3
3230,Maruti Baleno,2025,8.93,7.25,26082,Petrol,Individual,Manual,0,799,19.6,Delhi,Blue,1
3231,Honda Elevate,2021,16.87,7.57,37972,Petrol,Dealer,Manual,1,1497,19.0,Pune,Silver,5
3232,Tata Safari,2016,23.41,2.81,76636,Diesel,Dealer,Automatic,0,2755,24.1,Amritsar,Blue,10
3233,Hyundai Creta,2015,18.92,2.27,91307,Diesel,Individual,Manual,0,1199,17.1,Hyderabad,Black,11
3234,Renault Kiger,2018,8.01,1.23,55714,Petrol,Dealer,Manual,1,1497,14.0,Bengaluru,White,8
3235,Toyota Innova Crysta,2013,25.37,3.04,95744,Diesel,Dealer,Manual,0,2393,20.9,Delhi,Grey,13
3236,Mahindra Scorpio,2018,19.62,3.46,66041,Diesel,Individual,Manual,0,1199,16.9,Hyderabad,Grey,8
3237,Honda Elevate,2019,15.25,3.32,75805,Petrol,Individual,Manual,1,1597,17.7,Mumbai,Silver,7
3238,Volkswagen Virtus,2020,16.79,5.66,46404,Petrol,Dealer,Automatic,1,2755,22.4,Noida,Brown,6
3239,Maruti Ertiga,2024,12.41,8.37,37749,Petrol,Individual,Manual,1,2179,23.4,Noida,Red,2
3240,Tata Tiago,2023,6.86,4.51,18740,Petrol,Dealer,Manual,1,1956,23.5,Chandigarh,Black,3
3241,Volkswagen Virtus,2025,18.36,16.13,2500,Petrol,Individual,Automatic,0,799,19.4,Lucknow,Blue,1
3242,Volkswagen Virtus,2018,17.26,2.07,78407,Petrol,Dealer,Automatic,1,1597,20.3,Pune,Silver,8
3243,Toyota Innova Crysta,2014,25.98,3.12,113811,Diesel,Dealer,Manual,2,1199,14.5,Jaipur,Grey,12
3244,Honda City,2023,15.71,11.55,11671,Petrol,Dealer,Manual,1,1197,12.8,Noida,Silver,3
3245,Tata Tiago,2016,7.6,0.91,57449,Petrol,Individual,Manual,0,799,14.4,Bengaluru,Brown,10
3246,Tata Safari,2016,21.71,2.6,63053,Diesel,Dealer,Automatic,2,1597,16.1,Lucknow,Grey,10
3247,Hyundai Verna,2018,15.45,2.8,62229,Petrol,Dealer,Manual,1,2179,24.6,Pune,Red,8
3248,Maruti Dzire,2017,8.57,1.27,58855,Petrol,Dealer,Manual,0,1997,22.7,Delhi,Brown,9
3249,Honda Elevate,2024,15.25,9.95,27869,Petrol,Dealer,Manual,1,1997,18.5,Chennai,White,2
3250,Toyota Innova Crysta,2013,25.09,3.01,107482,Diesel,Dealer,Manual,1,998,14.4,Mumbai,White,13
3251,Maruti Alto,2020,4.63,1.76,42587,Petrol,Individual,Manual,1,1956,22.1,Pune,White,6
3252,Nissan Magnite,2012,9.06,1.09,109205,Petrol,Individual,Manual,0,1997,15.5,Gurugram,Brown,14
3253,Jeep Compass,2020,25.76,6.05,83196,Diesel,Dealer,Automatic,1,998,18.5,Hyderabad,Red,6
3254,Jeep Compass,2016,24.28,2.91,84566,Diesel,Individual,Automatic,0,1199,12.9,Pune,Grey,10
3255,Volkswagen Virtus,2017,18.92,2.27,58132,Petrol,Dealer,Automatic,1,2755,15.0,Lucknow,White,9
3256,Maruti Ciaz,2023,10.36,6.45,46975,Petrol,Dealer,Manual,0,1997,21.0,Noida,Silver,3
3257,Maruti Ertiga,2023,10.39,5.61,44131,Petrol,Dealer,Manual,2,2179,17.3,Delhi,Grey,3
3258,Hyundai Verna,2022,13.92,7.79,36404,Petrol,Individual,Manual,0,1199,23.2,Mohali,Grey,4
3259,Renault Kwid,2025,5.43,3.82,59685,Petrol,Individual,Manual,0,1498,23.4,Lucknow,Red,1
3260,Maruti Baleno,2018,8.68,1.39,66622,Petrol,Dealer,Manual,0,1498,19.7,Chennai,Red,8
3261,Ford EcoSport,2016,8.94,1.07,119754,Diesel,Dealer,Manual,0,2393,25.0,Pune,Silver,10
3262,Kia Seltos,2024,18.58,15.03,24909,Diesel,Dealer,Manual,1,1498,18.3,Chandigarh,White,2
3263,Maruti Ciaz,2023,10.54,5.74,21574,Petrol,Dealer,Manual,3,998,20.8,Mumbai,Silver,3
3264,Maruti Baleno,2012,8.68,1.04,118536,Petrol,Individual,Manual,1,2393,18.5,Chennai,Grey,14
3265,Maruti Swift,2019,8.45,1.97,75547,Petrol,Dealer,Manual,1,1498,20.0,Ludhiana,Brown,7
3266,Renault Kwid,2025,4.82,4.47,2500,Petrol,Individual,Manual,0,1597,15.7,Lucknow,Red,1
3267,Maruti Ciaz,2012,10.63,1.28,137366,Petrol,Individual,Manual,0,1197,21.4,Delhi,Red,14
3268,Volkswagen Virtus,2022,15.46,6.62,81732,Petrol,Individual,Automatic,1,1197,22.6,Amritsar,Black,4
3269,Jeep Compass,2016,25.89,3.11,101241,Diesel,Individual,Automatic,0,799,16.8,Pune,Blue,10
3270,Mahindra Scorpio,2019,21.66,4.38,95408,Diesel,Individual,Manual,0,1197,25.0,Jaipur,Black,7
3271,Hyundai Alcazar,2012,20.57,2.47,133989,Diesel,Dealer,Automatic,1,1497,15.5,Mumbai,Silver,14
3272,Tata Harrier,2014,20.09,2.41,132562,Diesel,Dealer,Manual,2,799,12.8,Kolkata,Blue,12
3273,Renault Kiger,2023,8.97,5.24,56577,Petrol,Dealer,Manual,0,1997,15.9,Hyderabad,White,3
3274,Volkswagen Virtus,2023,18.82,14.21,2500,Petrol,Individual,Automatic,0,1597,16.5,Mohali,Blue,3
3275,Kia Seltos,2012,16.57,1.99,135883,Diesel,Individual,Manual,1,1997,14.6,Kolkata,Blue,14
3276,Maruti Fronx,2017,10.22,1.23,75611,Petrol,Dealer,Manual,0,1199,16.1,Pune,Black,9
3277,Maruti Fronx,2022,9.22,5.77,33095,Petrol,Individual,Manual,0,1597,20.8,Bengaluru,Grey,4
3278,Maruti Brezza,2024,12.25,9.22,19867,Petrol,Dealer,Manual,0,2755,13.5,Amritsar,Blue,2
3279,Hyundai Alcazar,2013,20.54,2.46,125885,Diesel,Dealer,Automatic,1,1956,13.0,Delhi,Blue,13
3280,MG Hector,2018,22.55,3.53,60062,Petrol,Dealer,Automatic,1,1197,21.4,Kolkata,White,8
3281,Toyota Glanza,2012,8.17,0.98,102810,Petrol,Dealer,Manual,3,1597,21.5,Pune,White,14
3282,Maruti Fronx,2016,10.69,1.28,94583,Petrol,Dealer,Manual,0,1199,18.1,Kolkata,White,10
3283,Mahindra XUV700,2012,26.7,3.2,112509,Diesel,Individual,Automatic,1,1997,16.6,Lucknow,Brown,14
3284,Mahindra Bolero,2016,8.8,1.06,58999,Diesel,Dealer,Manual,2,1497,21.2,Delhi,Grey,10
3285,Nissan Magnite,2022,9.65,5.42,27558,Petrol,Individual,Manual,0,1956,18.2,Delhi,Red,4
3286,Renault Kwid,2025,5.37,3.59,65685,Petrol,Dealer,Manual,0,1997,16.0,Amritsar,Silver,1
3287,Tata Safari,2021,22.79,8.79,70578,Diesel,Dealer,Automatic,0,1199,21.5,Delhi,Red,5
3288,Mahindra XUV700,2013,25.06,3.01,118470,Diesel,Dealer,Automatic,0,799,15.1,Chandigarh,Grey,13
3289,MG Hector,2014,22.72,2.73,129687,Petrol,Dealer,Automatic,2,1597,20.2,Jaipur,Silver,12
3290,Maruti Alto,2017,4.31,0.55,87316,Petrol,Individual,Manual,2,1597,12.4,Amritsar,Grey,9
3291,Maruti Fronx,2017,9.08,1.09,78719,Petrol,Individual,Manual,0,1197,18.7,Ludhiana,Brown,9
3292,Skoda Rapid,2020,9.64,3.61,39959,Diesel,Dealer,Manual,1,1197,17.7,Delhi,White,6
3293,Nissan Magnite,2022,8.47,4.13,51253,Petrol,Dealer,Manual,0,998,12.1,Lucknow,Red,4
3294,Honda City,2013,15.43,1.85,109429,Petrol,Individual,Manual,1,1956,24.2,Jaipur,White,13
3295,Tata Punch,2025,9.16,7.57,34570,Petrol,Individual,Manual,1,1956,21.3,Chandigarh,Black,1
3296,Honda Amaze,2024,9.37,6.98,23014,Petrol,Dealer,Manual,1,1956,14.4,Ludhiana,Grey,2
3297,Skoda Rapid,2025,9.64,8.11,13474,Diesel,Dealer,Manual,0,2755,19.1,Hyderabad,Blue,1
3298,Hyundai Grand i10,2012,6.23,0.75,144545,Petrol,Individual,Manual,0,1597,16.1,Pune,Grey,14
3299,Toyota Glanza,2015,8.53,1.02,108777,Petrol,Dealer,Manual,0,998,21.8,Noida,Red,11
3300,Renault Kwid,2022,4.46,2.38,40260,Petrol,Individual,Manual,0,1197,24.2,Lucknow,Grey,4
3301,Tata Altroz,2015,8.9,1.07,96092,Petrol,Individual,Manual,0,2755,24.7,Chandigarh,Silver,11
3302,Toyota Glanza,2018,9.26,1.9,50369,Petrol,Dealer,Manual,0,2179,24.0,Pune,Brown,8
3303,Tata Altroz,2023,7.98,5.56,27461,Petrol,Dealer,Manual,0,2393,21.4,Kolkata,Grey,3
3304,Tata Harrier,2014,20.88,2.51,140777,Diesel,Individual,Manual,0,998,12.9,Delhi,Silver,12
3305,Maruti Ertiga,2021,10.82,4.82,59979,Petrol,Individual,Manual,0,1956,21.0,Hyderabad,Blue,5
3306,Skoda Rapid,2012,9.59,1.15,135553,Diesel,Dealer,Manual,0,1498,16.5,Mumbai,White,14
3307,Tata Tiago,2016,7.39,1.07,33776,Petrol,Individual,Manual,1,2755,17.1,Gurugram,White,10
3308,Hyundai Verna,2015,16.11,1.93,107958,Petrol,Individual,Manual,0,1498,23.8,Lucknow,Brown,11
3309,Maruti Alto,2016,3.96,0.55,73096,Petrol,Individual,Manual,1,1197,24.6,Hyderabad,Black,10
3310,Maruti Ertiga,2018,12.38,2.3,56186,Petrol,Individual,Manual,1,1956,15.1,Mohali,Red,8
3311,Toyota Innova Crysta,2022,23.01,12.43,24940,Diesel,Individual,Manual,1,1498,18.0,Hyderabad,Silver,4
3312,Jeep Compass,2025,23.54,21.7,2500,Diesel,Individual,Automatic,1,1199,14.1,Pune,Blue,1
3313,Maruti Brezza,2018,13.94,1.67,91137,Petrol,Individual,Manual,0,1497,14.2,Amritsar,Brown,8
3314,Maruti Ciaz,2017,10.71,1.69,88181,Petrol,Dealer,Manual,0,1199,17.8,Hyderabad,Red,9
3315,Hyundai Verna,2014,15.03,1.8,107228,Petrol,Individual,Manual,0,2179,19.5,Amritsar,Brown,12
3316,Kia Sonet,2019,12.22,3.6,46439,Petrol,Dealer,Manual,1,1497,16.1,Pune,Black,7
3317,Volkswagen Virtus,2017,16.58,2.85,50485,Petrol,Individual,Automatic,1,1199,15.0,Chennai,Brown,9
3318,Tata Punch,2017,9.3,1.27,63808,Petrol,Dealer,Manual,0,1199,17.2,Kolkata,Red,9
3319,Tata Altroz,2022,9.92,5.16,43356,Petrol,Dealer,Manual,1,1956,24.9,Pune,Blue,4
3320,Hyundai Creta,2014,15.03,1.8,80425,Diesel,Individual,Manual,0,1497,19.4,Hyderabad,Brown,12
3321,Tata Punch,2016,8.92,1.07,73540,Petrol,Dealer,Manual,0,2755,24.6,Pune,Grey,10
3322,Mahindra Thar,2013,16.49,1.98,85383,Diesel,Individual,Manual,0,998,22.4,Bengaluru,Black,13
3323,Tata Harrier,2015,21.75,2.61,90841,Diesel,Individual,Manual,0,1199,12.8,Gurugram,Blue,11
3324,Hyundai Grand i10,2021,6.32,2.24,57031,Petrol,Dealer,Manual,0,2755,18.8,Gurugram,Red,5
3325,Tata Tiago,2021,6.83,2.6,50703,Petrol,Individual,Manual,2,998,14.5,Delhi,Grey,5
3326,Ford EcoSport,2016,9.11,1.09,75720,Diesel,Individual,Manual,0,1199,25.2,Noida,Silver,10
3327,Renault Kwid,2020,4.99,1.56,65485,Petrol,Dealer,Manual,1,1997,16.7,Pune,Silver,6
3328,Honda City,2022,14.86,6.98,52926,Petrol,Individual,Manual,0,1498,14.9,Bengaluru,Red,4
3329,Toyota Fortuner,2017,37.85,4.54,93697,Diesel,Dealer,Automatic,0,2179,20.4,Chennai,Black,9
3330,Volkswagen Virtus,2020,16.92,5.23,68331,Petrol,Individual,Automatic,0,1497,15.1,Lucknow,Black,6
3331,Honda Elevate,2021,15.71,6.7,61044,Petrol,Dealer,Manual,0,2755,21.7,Mumbai,Brown,5
3332,Mahindra Thar,2023,15.85,11.68,2500,Diesel,Individual,Manual,1,1597,23.7,Gurugram,Red,3
3333,Renault Kwid,2023,5.18,2.85,80481,Petrol,Dealer,Manual,0,1997,12.1,Chennai,Brown,3
3334,Maruti Baleno,2024,8.24,6.53,20727,Petrol,Individual,Manual,0,1597,19.6,Hyderabad,Black,2
3335,Toyota Fortuner,2018,42.89,5.44,81320,Diesel,Dealer,Automatic,0,1956,13.8,Bengaluru,Grey,8
3336,Hyundai Venue,2025,12.87,11.45,2500,Petrol,Dealer,Manual,0,799,24.8,Jaipur,Black,1
3337,Toyota Fortuner,2021,40.63,18.7,36594,Diesel,Dealer,Automatic,1,2393,13.1,Bengaluru,Silver,5
3338,Maruti Dzire,2016,7.95,2.14,25236,Petrol,Individual,Manual,0,1199,20.2,Amritsar,Red,10
3339,Mahindra Bolero,2019,10.14,1.43,78070,Diesel,Individual,Manual,1,1498,15.7,Jaipur,Black,7
3340,Maruti Baleno,2012,10.03,1.2,83630,Petrol,Dealer,Manual,2,1197,23.8,Hyderabad,Blue,14
3341,Ford EcoSport,2018,10.47,2.32,44291,Diesel,Dealer,Manual,0,998,13.4,Kolkata,Grey,8
3342,Tata Harrier,2015,18.33,2.2,80811,Diesel,Individual,Manual,0,1597,17.5,Jaipur,White,11
3343,Renault Kiger,2012,8.81,1.06,128732,Petrol,Dealer,Manual,1,2179,17.8,Delhi,Black,14
3344,Toyota Innova Crysta,2025,25.75,21.43,27213,Diesel,Individual,Manual,0,1497,21.7,Gurugram,Brown,1
3345,Honda Amaze,2021,8.42,2.36,68128,Petrol,Dealer,Manual,2,1498,14.8,Gurugram,Black,5
3346,Nissan Magnite,2024,8.56,6.53,13917,Petrol,Dealer,Manual,0,1956,18.3,Pune,Red,2
3347,Skoda Rapid,2024,9.87,6.6,48014,Diesel,Dealer,Manual,0,1956,17.7,Gurugram,Red,2
3348,Hyundai Verna,2017,16.26,1.95,60873,Petrol,Individual,Manual,0,1197,17.6,Ludhiana,Black,9
3349,Mahindra Thar,2020,16.05,4.58,69218,Diesel,Individual,Manual,1,2755,22.2,Kolkata,Red,6
3350,Maruti Wagon R,2018,6.57,1.1,77188,Petrol,Individual,Manual,0,1956,20.6,Pune,Silver,8
3351,Toyota Glanza,2014,8.96,1.08,76726,Petrol,Dealer,Manual,0,998,15.6,Amritsar,White,12
3352,Maruti Fronx,2014,9.73,1.17,106206,Petrol,Dealer,Manual,2,1197,17.7,Kolkata,Black,12
3353,Skoda Rapid,2020,9.93,3.5,55560,Diesel,Dealer,Manual,1,1956,18.2,Jaipur,Black,6
3354,Hyundai Venue,2015,10.9,1.31,82048,Petrol,Dealer,Manual,1,1197,20.8,Amritsar,Red,11
3355,Hyundai Alcazar,2013,18.35,2.2,70630,Diesel,Individual,Automatic,0,1199,17.8,Chennai,Silver,13
3356,Hyundai Grand i10,2020,6.9,3.15,33054,Petrol,Dealer,Manual,0,2393,20.1,Chandigarh,Blue,6
3357,Maruti Brezza,2018,12.73,2.08,91772,Petrol,Individual,Manual,0,2179,21.6,Bengaluru,Blue,8
3358,Hyundai i20,2013,8.91,1.07,60188,Petrol,Individual,Manual,0,1997,14.0,Kolkata,Red,13
3359,Mahindra Scorpio,2021,21.68,7.22,52845,Diesel,Individual,Manual,2,1597,23.2,Mumbai,Grey,5
3360,Honda City,2017,16.7,2.0,104798,Petrol,Dealer,Manual,2,1956,24.2,Kolkata,Blue,9
3361,Tata Punch,2012,9.69,1.16,113979,Petrol,Individual,Manual,0,1497,18.0,Gurugram,Black,14
3362,Mahindra Thar,2016,18.11,2.17,93358,Diesel,Individual,Manual,1,1199,21.8,Jaipur,White,10
3363,Toyota Fortuner,2020,43.24,14.96,45432,Diesel,Individual,Automatic,3,1197,22.0,Chandigarh,Silver,6
3364,Tata Harrier,2017,20.27,2.43,90263,Diesel,Dealer,Manual,0,1199,24.5,Lucknow,Silver,9
3365,Mahindra XUV700,2013,26.8,3.22,91865,Diesel,Dealer,Automatic,2,1997,14.6,Jaipur,Brown,13
3366,Honda Elevate,2021,15.01,7.83,19283,Petrol,Individual,Manual,1,2393,16.9,Ludhiana,Grey,5
3367,Maruti Wagon R,2025,6.21,5.54,2500,Petrol,Individual,Manual,1,1597,16.3,Lucknow,Brown,1
3368,Maruti Ertiga,2023,12.34,6.78,37614,Petrol,Dealer,Manual,2,998,20.2,Mohali,Blue,3
3369,Honda Elevate,2016,16.57,1.99,62469,Petrol,Dealer,Manual,1,1199,15.4,Pune,Grey,10
3370,Tata Altroz,2017,9.59,1.27,31861,Petrol,Dealer,Manual,2,1997,18.8,Chandigarh,White,9
3371,Maruti Ciaz,2020,10.52,4.22,27667,Petrol,Individual,Manual,0,1498,20.2,Delhi,Grey,6
3372,Renault Kwid,2012,4.78,0.57,95425,Petrol,Individual,Manual,0,799,14.2,Jaipur,Silver,14
3373,Tata Harrier,2016,19.99,2.4,100063,Diesel,Dealer,Manual,0,1197,14.0,Lucknow,Brown,10
3374,Maruti Wagon R,2024,6.16,4.44,37772,Petrol,Individual,Manual,0,1497,17.8,Ludhiana,Grey,2
3375,Ford EcoSport,2024,9.24,7.64,2500,Diesel,Dealer,Manual,0,1199,23.0,Jaipur,Red,2
3376,Volkswagen Virtus,2025,18.48,14.3,37559,Petrol,Dealer,Automatic,1,1956,17.4,Lucknow,Red,1
3377,Renault Kiger,2012,8.61,1.03,118332,Petrol,Individual,Manual,0,1597,19.5,Chennai,Red,14
3378,Honda Elevate,2017,17.31,2.08,66499,Petrol,Individual,Manual,1,1597,12.5,Gurugram,Black,9
3379,Skoda Rapid,2015,9.08,1.09,93379,Diesel,Dealer,Manual,0,799,15.6,Chandigarh,Red,11
3380,Skoda Rapid,2013,9.02,1.08,110003,Diesel,Individual,Manual,2,1498,18.0,Mohali,Black,13
3381,Toyota Innova Crysta,2020,24.38,6.66,93231,Diesel,Dealer,Manual,0,799,12.1,Bengaluru,Black,6
3382,Toyota Innova Crysta,2017,27.03,3.47,113709,Diesel,Individual,Manual,0,1199,16.9,Chandigarh,Brown,9
3383,Volkswagen Polo,2023,8.1,5.81,2500,Petrol,Dealer,Manual,1,998,14.8,Chandigarh,Blue,3
3384,Jeep Compass,2018,26.24,4.76,42723,Diesel,Dealer,Automatic,1,1956,18.6,Delhi,White,8
3385,Maruti Fronx,2017,8.84,1.06,84078,Petrol,Dealer,Manual,0,1956,21.8,Kolkata,Red,9
3386,Maruti Swift,2020,8.33,3.82,31588,Petrol,Dealer,Manual,0,1956,19.8,Ludhiana,Grey,6
3387,Ford EcoSport,2021,9.07,4.52,24853,Diesel,Dealer,Manual,1,1997,20.3,Hyderabad,Black,5
3388,Skoda Rapid,2013,8.82,1.06,142957,Diesel,Dealer,Manual,0,2393,24.3,Gurugram,Red,13
3389,Mahindra Bolero,2013,11.13,1.34,108640,Diesel,Individual,Manual,1,1199,14.4,Delhi,Blue,13
3390,Renault Kwid,2024,5.21,4.01,19764,Petrol,Dealer,Manual,0,1197,21.8,Mumbai,White,2
3391,Mahindra Scorpio,2021,20.19,10.35,28499,Diesel,Dealer,Manual,2,1956,16.2,Mohali,White,5
3392,Hyundai Venue,2022,12.44,6.04,55695,Petrol,Dealer,Manual,0,1197,25.0,Chandigarh,Silver,4
3393,Hyundai Grand i10,2012,7.1,0.85,94926,Petrol,Dealer,Manual,0,1956,19.8,Ludhiana,Silver,14
3394,Maruti Baleno,2019,8.9,1.95,46046,Petrol,Individual,Manual,2,1197,17.0,Chandigarh,Red,7
3395,Mahindra Scorpio,2025,18.13,15.85,3317,Diesel,Individual,Manual,1,998,14.4,Gurugram,White,1
3396,Hyundai Creta,2022,17.05,7.09,38986,Diesel,Individual,Manual,3,1597,24.9,Bengaluru,Silver,4
3397,Tata Tiago,2022,6.24,3.14,44439,Petrol,Dealer,Manual,2,1498,19.9,Delhi,Blue,4
3398,Nissan Magnite,2015,9.48,1.14,70629,Petrol,Dealer,Manual,0,2393,22.2,Hyderabad,Black,11
3399,Honda Amaze,2025,8.07,6.72,5925,Petrol,Dealer,Manual,3,1497,12.5,Hyderabad,Silver,1
3400,Mahindra Scorpio,2020,20.48,7.1,90678,Diesel,Dealer,Manual,0,2755,19.5,Chandigarh,Brown,6
3401,Honda City,2021,15.47,5.94,52855,Petrol,Individual,Manual,0,1498,14.0,Amritsar,Red,5
3402,Honda Elevate,2025,15.64,14.42,2500,Petrol,Dealer,Manual,0,799,21.2,Jaipur,Silver,1
3403,Hyundai i20,2014,9.99,1.2,109468,Petrol,Dealer,Manual,1,1197,15.5,Hyderabad,Blue,12
3404,Renault Kiger,2023,9.21,5.64,32735,Petrol,Individual,Manual,2,1956,23.8,Delhi,Silver,3
3405,Maruti Baleno,2019,8.61,1.98,111125,Petrol,Individual,Manual,1,2179,24.0,Chennai,Silver,7
3406,Kia Seltos,2024,17.09,13.15,6720,Diesel,Individual,Manual,2,2755,17.8,Ludhiana,Brown,2
3407,Mahindra Scorpio,2017,19.18,2.3,75644,Diesel,Dealer,Manual,1,1597,17.1,Chandigarh,Blue,9
3408,Maruti Alto,2021,3.83,2.01,6596,Petrol,Dealer,Manual,1,1199,15.1,Chennai,Black,5
3409,Kia Seltos,2024,18.32,12.5,38209,Diesel,Individual,Manual,0,2393,19.1,Kolkata,Brown,2
3410,Maruti Ertiga,2024,12.19,9.04,37887,Petrol,Dealer,Manual,0,1197,19.8,Bengaluru,Red,2
3411,MG Hector,2016,23.06,2.77,124162,Petrol,Dealer,Automatic,1,2179,21.3,Hyderabad,Blue,10
3412,Nissan Magnite,2016,8.23,0.99,90198,Petrol,Dealer,Manual,1,1956,13.2,Noida,Black,10
3413,Volkswagen Virtus,2025,16.08,12.8,6469,Petrol,Dealer,Automatic,1,2755,13.9,Hyderabad,Red,1
3414,Maruti Wagon R,2024,5.69,3.4,52023,Petrol,Dealer,Manual,0,1597,20.0,Ludhiana,White,2
3415,Honda Elevate,2019,15.86,4.32,55138,Petrol,Dealer,Manual,0,2393,17.7,Kolkata,Grey,7
3416,Toyota Fortuner,2022,38.83,17.63,64103,Diesel,Dealer,Automatic,1,998,16.3,Gurugram,White,4
3417,Honda Elevate,2017,15.77,1.89,104243,Petrol,Dealer,Manual,0,1997,13.4,Pune,White,9
3418,Tata Tiago,2016,7.03,0.84,98276,Petrol,Dealer,Manual,1,1597,21.4,Mumbai,Silver,10
3419,Tata Harrier,2025,18.24,16.51,3043,Diesel,Individual,Manual,0,1997,25.4,Hyderabad,Black,1
3420,Hyundai Creta,2013,17.08,2.05,105817,Diesel,Individual,Manual,1,2179,12.3,Gurugram,Silver,13
3421,Tata Safari,2016,23.47,2.82,112344,Diesel,Dealer,Automatic,0,2393,15.3,Chennai,Black,10
3422,Toyota Fortuner,2014,38.66,4.64,116727,Diesel,Dealer,Automatic,0,998,19.4,Jaipur,Brown,12
3423,Renault Kiger,2019,8.69,3.21,31921,Petrol,Dealer,Manual,0,998,25.4,Pune,Red,7
3424,Maruti Fronx,2018,9.36,1.33,75475,Petrol,Dealer,Manual,1,2179,20.8,Lucknow,Black,8
3425,Tata Altroz,2022,9.62,5.79,34937,Petrol,Dealer,Manual,0,1956,24.3,Delhi,Grey,4
3426,Renault Kiger,2024,10.02,6.8,32675,Petrol,Dealer,Manual,0,1997,12.5,Chandigarh,Red,2
3427,Tata Punch,2020,9.66,1.8,86559,Petrol,Individual,Manual,2,799,24.0,Ludhiana,Red,6
3428,Maruti Wagon R,2020,6.56,2.03,67856,Petrol,Dealer,Manual,0,1197,17.5,Mohali,Brown,6
3429,Maruti Ertiga,2016,11.69,1.4,85579,Petrol,Dealer,Manual,0,799,12.0,Amritsar,Red,10
3430,Renault Kiger,2024,9.6,6.61,33476,Petrol,Dealer,Manual,1,1956,15.3,Kolkata,Black,2
3431,Nissan Magnite,2024,9.16,6.9,27111,Petrol,Individual,Manual,0,1498,15.7,Hyderabad,Black,2
3432,Tata Tiago,2015,6.4,0.77,116969,Petrol,Dealer,Manual,1,2755,22.3,Jaipur,Red,11
3433,Maruti Wagon R,2021,5.54,2.54,46926,Petrol,Dealer,Manual,0,1199,22.3,Gurugram,Brown,5
3434,Skoda Rapid,2023,9.99,6.21,50086,Diesel,Individual,Manual,0,2393,13.4,Mohali,Silver,3
3435,Maruti Baleno,2016,9.59,1.15,84741,Petrol,Dealer,Manual,0,1997,14.0,Chennai,Grey,10
3436,Maruti Alto,2014,3.73,0.55,109645,Petrol,Individual,Manual,1,1997,14.6,Mohali,Black,12
3437,Skoda Slavia,2012,15.37,1.84,125498,Petrol,Individual,Automatic,0,1997,23.6,Noida,Grey,14
3438,Maruti Fronx,2024,10.34,8.77,6825,Petrol,Dealer,Manual,0,1597,14.7,Noida,White,2
3439,Tata Tiago,2023,6.36,3.62,42127,Petrol,Individual,Manual,1,799,22.4,Jaipur,Red,3
3440,Maruti Fronx,2023,9.54,5.82,51372,Petrol,Individual,Manual,0,1597,21.9,Pune,Silver,3
3441,Toyota Innova Crysta,2018,23.83,4.48,66807,Diesel,Dealer,Manual,0,2393,16.7,Noida,White,8
3442,Toyota Innova Crysta,2013,22.53,2.7,90400,Diesel,Dealer,Manual,3,998,18.9,Pune,Grey,13
3443,Skoda Rapid,2019,10.26,1.23,89405,Diesel,Dealer,Manual,1,1197,15.9,Chandigarh,Grey,7
3444,MG Hector,2012,22.58,2.71,98403,Petrol,Dealer,Automatic,0,1197,14.2,Gurugram,Silver,14
3445,Toyota Fortuner,2020,44.2,11.82,92389,Diesel,Individual,Automatic,0,1997,25.5,Chennai,Red,6
3446,Maruti Alto,2022,3.88,2.31,33498,Petrol,Dealer,Manual,0,1956,16.9,Mohali,Grey,4
3447,Tata Tiago,2012,7.51,0.9,124525,Petrol,Individual,Manual,0,1997,13.2,Hyderabad,Grey,14
3448,Hyundai Verna,2019,15.24,3.83,56648,Petrol,Dealer,Manual,0,2393,12.9,Ludhiana,Grey,7
3449,Maruti Brezza,2025,11.12,8.73,45530,Petrol,Individual,Manual,1,1199,17.7,Hyderabad,Blue,1
3450,Mahindra Bolero,2025,8.88,8.2,2730,Diesel,Dealer,Manual,0,1498,17.5,Amritsar,Grey,1
3451,Maruti Ciaz,2020,10.5,3.07,57599,Petrol,Dealer,Manual,1,1498,23.5,Amritsar,Black,6
3452,Maruti Ciaz,2017,12.6,1.51,82656,Petrol,Individual,Manual,1,1956,17.9,Bengaluru,Brown,9
3453,Tata Altroz,2023,7.98,4.95,39350,Petrol,Dealer,Manual,0,1197,17.5,Chennai,Black,3
3454,Maruti Wagon R,2018,6.11,0.73,76917,Petrol,Individual,Manual,0,2755,15.5,Bengaluru,Black,8
3455,Tata Punch,2017,9.3,1.12,97114,Petrol,Dealer,Manual,2,2393,23.3,Mohali,Black,9
3456,Renault Kwid,2024,5.06,3.96,2500,Petrol,Individual,Manual,0,1997,14.6,Mohali,White,2
3457,Renault Kiger,2013,8.01,0.96,117425,Petrol,Individual,Manual,0,1197,12.9,Ludhiana,Blue,13
3458,Toyota Fortuner,2019,42.33,12.76,65251,Diesel,Individual,Automatic,0,2755,21.0,Mumbai,Silver,7
3459,Tata Nexon,2022,12.54,7.03,34953,Petrol,Dealer,Manual,1,1199,18.6,Gurugram,Grey,4
3460,Kia Sonet,2024,11.26,6.49,55063,Petrol,Individual,Manual,0,1597,21.0,Gurugram,Blue,2
3461,Mahindra XUV700,2016,22.66,2.72,99347,Diesel,Individual,Automatic,0,1597,15.4,Delhi,Black,10
3462,Tata Harrier,2019,18.15,2.92,82803,Diesel,Dealer,Manual,0,1497,19.0,Mohali,Silver,7
3463,Maruti Dzire,2020,9.27,1.96,77811,Petrol,Dealer,Manual,0,2393,23.1,Chennai,Blue,6
3464,Maruti Ciaz,2016,12.47,1.5,81580,Petrol,Dealer,Manual,0,2393,12.6,Hyderabad,Blue,10
3465,Tata Safari,2024,23.69,19.85,5294,Diesel,Individual,Automatic,0,1997,16.1,Amritsar,White,2
3466,Tata Altroz,2024,8.94,6.47,38126,Petrol,Individual,Manual,0,2179,24.2,Pune,Black,2
3467,Mahindra Bolero,2022,10.82,5.9,55035,Diesel,Individual,Manual,0,998,14.1,Lucknow,Brown,4
3468,Toyota Fortuner,2013,43.66,5.24,84792,Diesel,Dealer,Automatic,0,799,12.5,Lucknow,Black,13
3469,Honda Amaze,2014,9.52,1.14,89473,Petrol,Dealer,Manual,0,1199,15.3,Bengaluru,Blue,12
3470,Tata Punch,2025,9.49,7.77,20025,Petrol,Individual,Manual,1,2179,17.6,Bengaluru,Silver,1
3471,Maruti Swift,2014,8.86,1.06,82011,Petrol,Dealer,Manual,1,799,21.8,Chennai,Grey,12
3472,Maruti Swift,2017,8.7,2.46,32228,Petrol,Individual,Manual,0,1997,13.4,Mohali,Brown,9
3473,Toyota Innova Crysta,2022,26.59,16.42,27071,Diesel,Individual,Manual,1,1597,14.9,Bengaluru,White,4
3474,Mahindra Bolero,2014,11.07,1.33,94574,Diesel,Dealer,Manual,2,2179,21.8,Amritsar,Grey,12
3475,Maruti Ertiga,2012,11.91,1.43,140823,Petrol,Dealer,Manual,2,998,17.7,Ludhiana,Red,14
3476,Hyundai Grand i10,2017,6.44,0.77,79996,Petrol,Dealer,Manual,0,1997,16.5,Mumbai,Brown,9
3477,Hyundai Alcazar,2023,23.27,17.25,2500,Diesel,Dealer,Automatic,1,2179,24.7,Pune,Brown,3
3478,Hyundai Grand i10,2012,7.35,0.88,170140,Petrol,Individual,Manual,1,1997,20.4,Kolkata,Silver,14
3479,Honda City,2022,14.94,8.45,38182,Petrol,Dealer,Manual,0,1497,20.2,Noida,Grey,4
3480,Hyundai Venue,2019,12.33,3.26,45334,Petrol,Individual,Manual,1,2179,19.7,Jaipur,Red,7
3481,Hyundai Verna,2023,13.22,8.71,3864,Petrol,Dealer,Manual,1,2179,22.7,Ludhiana,Black,3
3482,Ford EcoSport,2024,9.25,7.7,2500,Diesel,Individual,Manual,1,1498,19.2,Noida,Brown,2
3483,Tata Safari,2013,22.25,2.67,94074,Diesel,Dealer,Automatic,1,1199,23.0,Mohali,Blue,13
3484,Renault Kwid,2015,4.64,0.56,71216,Petrol,Individual,Manual,0,1498,15.1,Chandigarh,Blue,11
3485,Mahindra Thar,2021,18.29,6.99,44741,Diesel,Dealer,Manual,1,1498,13.0,Delhi,Black,5
3486,Nissan Magnite,2020,9.55,2.87,67314,Petrol,Individual,Manual,0,799,19.9,Chandigarh,Silver,6
3487,Maruti Fronx,2014,10.89,1.31,116223,Petrol,Individual,Manual,0,2755,20.8,Delhi,Grey,12
3488,Tata Tiago,2021,6.24,2.88,41742,Petrol,Individual,Manual,0,1497,18.2,Ludhiana,Black,5
3489,Maruti Baleno,2019,9.63,2.0,77926,Petrol,Individual,Manual,0,1199,19.9,Mohali,White,7
3490,Renault Kiger,2019,9.65,2.83,47613,Petrol,Dealer,Manual,0,1199,13.0,Amritsar,Blue,7
3491,Hyundai Creta,2023,16.75,10.32,54986,Diesel,Dealer,Manual,0,1197,23.2,Ludhiana,Red,3
3492,Jeep Compass,2023,24.47,13.97,43205,Diesel,Dealer,Automatic,1,1199,15.2,Bengaluru,Blue,3
3493,Honda Elevate,2019,17.83,6.52,32790,Petrol,Dealer,Manual,0,2179,13.8,Hyderabad,Black,7
3494,Toyota Innova Crysta,2015,23.45,2.81,48705,Diesel,Individual,Manual,0,1497,23.0,Gurugram,Blue,11
3495,Skoda Slavia,2015,16.34,1.96,95715,Petrol,Dealer,Automatic,0,1997,18.6,Amritsar,Blue,11
3496,Kia Seltos,2014,18.06,2.17,102567,Diesel,Individual,Manual,0,2393,25.3,Delhi,Red,12
3497,Maruti Fronx,2023,9.0,5.92,31247,Petrol,Individual,Manual,0,2393,17.0,Noida,White,3
3498,Mahindra Bolero,2021,9.57,4.74,35801,Diesel,Dealer,Manual,1,1197,23.1,Pune,Black,5
3499,Ford EcoSport,2014,9.73,1.17,129775,Diesel,Dealer,Manual,1,799,19.0,Hyderabad,Silver,12
3500,Tata Safari,2020,24.95,9.12,54244,Diesel,Dealer,Automatic,0,1497,19.3,Hyderabad,Brown,6
3501,Renault Kwid,2022,5.17,2.52,40756,Petrol,Dealer,Manual,1,2179,18.3,Gurugram,Black,4
3502,Skoda Rapid,2020,10.23,3.39,76348,Diesel,Dealer,Manual,0,2755,15.4,Bengaluru,Grey,6
3503,Tata Harrier,2019,21.76,5.64,63905,Diesel,Individual,Manual,1,799,14.3,Hyderabad,Grey,7
3504,Maruti Ciaz,2018,10.29,3.3,42526,Petrol,Individual,Manual,0,1956,20.9,Jaipur,Silver,8
3505,Renault Kiger,2023,9.68,6.84,29462,Petrol,Dealer,Manual,0,1956,15.5,Mohali,Black,3
3506,Hyundai Verna,2025,14.63,13.26,2500,Petrol,Dealer,Manual,0,1197,20.7,Hyderabad,White,1
3507,Mahindra XUV700,2017,22.74,2.73,46698,Diesel,Dealer,Automatic,1,1197,15.0,Jaipur,White,9
3508,Kia Seltos,2012,16.64,2.0,123484,Diesel,Dealer,Manual,3,1497,13.0,Mohali,Blue,14
3509,Maruti Dzire,2015,8.9,1.07,107928,Petrol,Dealer,Manual,0,2179,25.0,Mohali,Brown,11
3510,Maruti Baleno,2023,9.47,5.2,61781,Petrol,Dealer,Manual,0,1197,16.4,Kolkata,Blue,3
3511,Maruti Ertiga,2017,11.13,1.34,73681,Petrol,Dealer,Manual,1,998,16.4,Mumbai,Grey,9
3512,Maruti Wagon R,2013,6.16,0.74,119974,Petrol,Dealer,Manual,0,2179,22.4,Kolkata,Brown,13
3513,Hyundai i20,2015,8.99,1.08,109763,Petrol,Dealer,Manual,0,1199,18.8,Jaipur,Black,11
3514,Tata Tiago,2020,7.57,2.35,62453,Petrol,Individual,Manual,0,1497,19.5,Hyderabad,Blue,6
3515,Hyundai i20,2021,9.39,4.71,23518,Petrol,Individual,Manual,1,1956,14.6,Kolkata,Red,5
3516,Tata Harrier,2016,18.91,2.27,73814,Diesel,Individual,Manual,1,1199,18.8,Mohali,Grey,10
3517,Kia Seltos,2025,16.38,13.68,23459,Diesel,Dealer,Manual,1,1597,20.3,Chennai,Red,1
3518,Skoda Rapid,2022,9.4,5.98,15962,Diesel,Dealer,Manual,1,1956,16.1,Pune,Red,4
3519,Mahindra Thar,2019,15.39,2.24,102669,Diesel,Individual,Manual,0,2393,13.4,Gurugram,Red,7
3520,Mahindra Scorpio,2021,21.45,9.27,35342,Diesel,Dealer,Manual,1,2179,24.0,Delhi,Brown,5
3521,Hyundai Creta,2022,17.8,8.18,46832,Diesel,Dealer,Manual,1,2755,21.2,Ludhiana,Grey,4
3522,Tata Altroz,2019,8.68,2.91,56930,Petrol,Individual,Manual,0,1497,24.0,Lucknow,Blue,7
3523,Renault Kiger,2021,8.35,4.76,21651,Petrol,Individual,Manual,0,998,17.2,Kolkata,Silver,5
3524,Ford EcoSport,2015,10.6,1.27,122378,Diesel,Individual,Manual,1,998,17.2,Hyderabad,White,11
3525,Kia Sonet,2023,11.56,7.2,35534,Petrol,Individual,Manual,1,1956,14.9,Gurugram,Red,3
3526,Hyundai Venue,2025,12.42,11.1,2500,Petrol,Individual,Manual,0,1997,22.1,Delhi,White,1
3527,Maruti Brezza,2020,11.66,5.16,50183,Petrol,Dealer,Manual,0,1197,12.6,Ludhiana,Brown,6
3528,MG Hector,2024,23.3,18.7,17433,Petrol,Dealer,Automatic,0,1956,17.8,Chandigarh,Silver,2
3529,Tata Safari,2013,22.17,2.66,83988,Diesel,Individual,Automatic,1,1497,14.7,Ludhiana,Brown,13
3530,Skoda Rapid,2018,10.55,1.65,93819,Diesel,Individual,Manual,0,1956,15.1,Mohali,Blue,8
3531,Tata Altroz,2013,8.3,1.0,90034,Petrol,Dealer,Manual,1,1997,20.4,Ludhiana,Silver,13
3532,Hyundai Venue,2016,12.9,1.55,62962,Petrol,Dealer,Manual,0,1597,17.8,Bengaluru,Red,10
3533,Renault Kiger,2015,8.94,1.07,85040,Petrol,Individual,Manual,1,1199,15.6,Delhi,Red,11
3534,Volkswagen Polo,2014,7.04,0.85,104252,Petrol,Dealer,Manual,1,1956,13.3,Lucknow,Silver,12
3535,Hyundai Verna,2023,15.17,7.57,63665,Petrol,Dealer,Manual,2,2179,20.2,Hyderabad,Black,3
3536,Hyundai Alcazar,2020,22.49,7.11,51768,Diesel,Dealer,Automatic,0,1597,23.6,Chennai,Red,6
3537,Honda City,2014,16.79,2.01,87942,Petrol,Dealer,Manual,0,1197,24.0,Noida,Red,12
3538,Renault Kiger,2023,9.5,7.5,15223,Petrol,Individual,Manual,0,1497,19.4,Pune,Black,3
3539,Toyota Glanza,2024,8.84,6.98,17456,Petrol,Dealer,Manual,0,1956,24.7,Amritsar,Black,2
3540,Maruti Wagon R,2012,6.67,0.8,143219,Petrol,Dealer,Manual,2,1199,22.9,Bengaluru,Grey,14
3541,Hyundai i20,2019,9.51,2.22,78109,Petrol,Individual,Manual,0,1498,14.1,Gurugram,Grey,7
3542,Maruti Baleno,2015,8.82,1.06,83121,Petrol,Dealer,Manual,0,2755,13.7,Jaipur,Red,11
3543,Mahindra Bolero,2016,10.55,1.27,78142,Diesel,Dealer,Manual,3,1597,16.5,Mohali,Red,10
3544,Skoda Slavia,2025,15.62,12.7,21137,Petrol,Dealer,Automatic,0,1997,12.1,Bengaluru,Brown,1
3545,Tata Altroz,2015,8.65,1.04,112571,Petrol,Dealer,Manual,1,1956,18.4,Mohali,Silver,11
3546,Maruti Ciaz,2022,10.74,3.62,71480,Petrol,Dealer,Manual,1,1199,22.0,Chandigarh,Silver,4
3547,Tata Safari,2023,23.12,13.08,58346,Diesel,Individual,Automatic,0,1199,23.2,Pune,Brown,3
3548,Volkswagen Polo,2013,7.29,0.87,109217,Petrol,Dealer,Manual,1,1497,17.2,Noida,Silver,13
3549,Tata Punch,2018,8.1,0.97,90871,Petrol,Individual,Manual,0,1197,15.6,Mumbai,Grey,8
3550,Hyundai Creta,2024,17.77,9.56,60176,Diesel,Dealer,Manual,3,2393,19.2,Chennai,Grey,2
3551,Volkswagen Virtus,2012,18.12,2.17,113262,Petrol,Dealer,Automatic,1,1199,17.1,Kolkata,Silver,14
3552,Mahindra Scorpio,2018,19.47,5.64,40264,Diesel,Individual,Manual,0,1197,21.9,Amritsar,Brown,8
3553,Maruti Ciaz,2012,11.49,1.38,137812,Petrol,Dealer,Manual,0,1197,18.7,Noida,Black,14
3554,Hyundai Alcazar,2016,19.22,2.31,95277,Diesel,Individual,Automatic,0,1199,19.7,Hyderabad,Silver,10
3555,Hyundai Grand i10,2014,7.21,0.87,117304,Petrol,Dealer,Manual,1,1197,19.3,Bengaluru,Silver,12
3556,Maruti Swift,2017,7.48,0.9,67066,Petrol,Dealer,Manual,1,1497,19.5,Pune,Silver,9
3557,Hyundai i20,2012,10.08,1.21,128843,Petrol,Dealer,Manual,0,1597,19.0,Mumbai,Brown,14
3558,Honda Amaze,2014,8.29,0.99,92623,Petrol,Dealer,Manual,2,1597,17.2,Noida,Blue,12
3559,Tata Punch,2024,9.68,7.4,3670,Petrol,Dealer,Manual,0,1597,25.3,Jaipur,Grey,2
3560,Maruti Dzire,2017,8.64,1.04,98973,Petrol,Dealer,Manual,0,2755,19.9,Chandigarh,Grey,9
3561,Toyota Glanza,2024,9.29,6.4,58744,Petrol,Dealer,Manual,0,1497,23.8,Bengaluru,Grey,2
3562,Mahindra Thar,2012,16.82,2.02,88103,Diesel,Individual,Manual,1,1956,14.2,Chandigarh,Brown,14
3563,Renault Kwid,2017,5.06,0.77,34830,Petrol,Individual,Manual,0,1497,23.3,Kolkata,Blue,9
3564,Toyota Innova Crysta,2019,24.0,3.71,66643,Diesel,Dealer,Manual,1,2393,12.3,Noida,Black,7
3565,MG Hector,2017,24.26,2.91,70557,Petrol,Individual,Automatic,1,1956,16.1,Chandigarh,Black,9
3566,Mahindra XUV700,2016,22.48,2.7,110158,Diesel,Individual,Automatic,0,2393,18.9,Kolkata,Red,10
3567,Skoda Rapid,2019,9.98,1.95,85414,Diesel,Dealer,Manual,0,1498,22.0,Mumbai,Black,7
3568,Maruti Fronx,2015,11.2,1.34,107925,Petrol,Dealer,Manual,0,2179,25.0,Kolkata,Silver,11
3569,Tata Altroz,2013,9.32,1.12,118633,Petrol,Dealer,Manual,2,1498,25.0,Kolkata,Silver,13
3570,Tata Punch,2013,7.99,0.96,59682,Petrol,Dealer,Manual,3,2393,14.4,Chennai,White,13
3571,Honda Amaze,2021,8.46,3.05,90580,Petrol,Dealer,Manual,0,2755,16.6,Delhi,Silver,5
3572,Hyundai i20,2012,9.86,1.18,156732,Petrol,Individual,Manual,2,1956,12.7,Jaipur,Blue,14
3573,Maruti Ertiga,2015,10.24,1.23,87967,Petrol,Individual,Manual,1,1197,18.9,Bengaluru,Black,11
3574,Maruti Swift,2012,8.51,1.02,104041,Petrol,Dealer,Manual,1,2393,19.7,Amritsar,Silver,14
3575,Maruti Swift,2024,8.84,6.4,2500,Petrol,Dealer,Manual,3,998,25.3,Kolkata,Red,2
3576,Skoda Slavia,2018,15.7,5.17,23845,Petrol,Dealer,Automatic,1,1199,16.6,Chandigarh,Grey,8
3577,Toyota Fortuner,2018,37.25,4.47,107467,Diesel,Individual,Automatic,1,1498,17.1,Mumbai,Silver,8
3578,Tata Punch,2015,9.18,1.1,101731,Petrol,Individual,Manual,2,2393,21.1,Gurugram,Black,11
3579,Nissan Magnite,2020,8.68,2.98,69234,Petrol,Dealer,Manual,0,1197,20.7,Chennai,White,6
3580,Renault Kwid,2023,5.45,3.43,2500,Petrol,Individual,Manual,1,998,13.3,Mohali,White,3
3581,Hyundai Creta,2017,16.2,2.2,52069,Diesel,Individual,Manual,1,2393,16.8,Delhi,Silver,9
3582,Hyundai Grand i10,2012,7.04,0.84,146343,Petrol,Individual,Manual,0,799,22.9,Mohali,White,14
3583,Kia Sonet,2021,11.82,5.21,43089,Petrol,Dealer,Manual,1,1597,19.5,Mumbai,Blue,5
3584,Maruti Ciaz,2020,12.1,2.77,49640,Petrol,Dealer,Manual,3,799,18.3,Pune,Red,6
3585,Tata Safari,2022,26.78,13.77,45586,Diesel,Dealer,Automatic,0,1497,15.8,Mohali,Grey,4
3586,Tata Nexon,2018,12.78,2.62,56734,Petrol,Dealer,Manual,0,1199,23.6,Gurugram,White,8
3587,Toyota Glanza,2014,8.54,1.03,110295,Petrol,Dealer,Manual,2,1199,22.8,Hyderabad,Black,12
3588,Renault Kwid,2017,5.4,0.65,79078,Petrol,Individual,Manual,1,1498,21.9,Chennai,Red,9
3589,Hyundai Alcazar,2025,23.34,21.11,2500,Diesel,Individual,Automatic,1,1197,19.7,Hyderabad,Red,1
3590,MG Hector,2025,18.47,12.33,68238,Petrol,Dealer,Automatic,1,1497,24.4,Chennai,Silver,1
3591,Tata Harrier,2020,20.63,8.04,27664,Diesel,Individual,Manual,1,1498,23.7,Hyderabad,Grey,6
3592,Tata Nexon,2022,11.84,5.06,65411,Petrol,Dealer,Manual,1,2755,17.6,Jaipur,Black,4
3593,Tata Safari,2012,27.17,3.26,108378,Diesel,Individual,Automatic,0,1498,13.7,Chandigarh,Black,14
3594,Jeep Compass,2014,24.31,2.92,82361,Diesel,Individual,Automatic,0,1597,22.3,Delhi,Grey,12
3595,Jeep Compass,2024,29.01,18.56,48086,Diesel,Dealer,Automatic,2,1197,18.6,Kolkata,Red,2
3596,Maruti Wagon R,2016,6.23,0.75,98393,Petrol,Individual,Manual,1,998,14.6,Mohali,White,10
3597,Nissan Magnite,2017,8.3,1.0,75540,Petrol,Dealer,Manual,1,799,20.3,Noida,White,9
3598,Hyundai Creta,2020,18.56,9.4,25870,Diesel,Dealer,Manual,0,1199,19.5,Hyderabad,White,6
3599,MG Hector,2019,19.41,4.76,88181,Petrol,Dealer,Automatic,0,799,21.9,Mumbai,Grey,7
3600,Hyundai Creta,2012,16.87,2.02,104256,Diesel,Dealer,Manual,1,1597,14.9,Chandigarh,Silver,14
3601,Mahindra Scorpio,2023,18.12,12.06,34335,Diesel,Individual,Manual,0,2755,12.1,Delhi,White,3
3602,Volkswagen Virtus,2017,15.76,1.89,85583,Petrol,Dealer,Automatic,0,1997,17.3,Hyderabad,Grey,9
3603,Tata Harrier,2020,21.32,6.99,55073,Diesel,Individual,Manual,2,2755,13.8,Chandigarh,Blue,6
3604,Tata Safari,2017,24.85,2.98,64926,Diesel,Dealer,Automatic,1,1497,22.3,Kolkata,Grey,9
3605,Honda Elevate,2023,17.87,9.22,42597,Petrol,Individual,Manual,2,1956,20.2,Delhi,Red,3
3606,Mahindra Thar,2016,15.82,1.9,90728,Diesel,Dealer,Manual,1,1956,23.6,Mohali,White,10
3607,Maruti Ciaz,2020,11.87,3.64,117504,Petrol,Individual,Manual,0,1498,22.1,Pune,Silver,6
3608,Mahindra Thar,2013,18.16,2.18,79718,Diesel,Individual,Manual,0,1956,21.4,Kolkata,Silver,13
3609,Toyota Glanza,2018,8.02,0.96,66073,Petrol,Individual,Manual,2,2755,14.8,Noida,White,8
3610,Tata Harrier,2023,21.15,13.3,41944,Diesel,Dealer,Manual,1,1199,20.8,Chennai,Brown,3
3611,Mahindra XUV700,2019,26.56,7.37,32787,Diesel,Dealer,Automatic,2,1956,20.4,Delhi,Brown,7
3612,Tata Nexon,2017,13.27,1.59,130495,Petrol,Individual,Manual,2,1997,24.4,Hyderabad,Silver,9
3613,Hyundai Alcazar,2017,22.3,3.71,55406,Diesel,Individual,Automatic,0,2755,12.6,Jaipur,Red,9
3614,Mahindra XUV700,2018,26.02,8.58,15581,Diesel,Individual,Automatic,0,1997,20.7,Amritsar,Black,8
3615,Hyundai Grand i10,2025,7.55,7.02,29005,Petrol,Dealer,Manual,0,1997,14.8,Noida,Grey,1
3616,Jeep Compass,2025,26.44,23.28,15743,Diesel,Individual,Automatic,2,1199,14.0,Gurugram,Grey,1
3617,Maruti Ertiga,2019,12.66,2.63,87072,Petrol,Individual,Manual,0,1199,20.0,Ludhiana,Blue,7
3618,Maruti Baleno,2012,8.82,1.06,116682,Petrol,Dealer,Manual,1,1498,24.6,Amritsar,White,14
3619,Ford EcoSport,2015,9.47,1.14,69367,Diesel,Individual,Manual,1,2755,21.8,Jaipur,White,11
3620,MG Hector,2025,23.44,19.18,31556,Petrol,Dealer,Automatic,1,1199,16.1,Pune,Silver,1
3621,Jeep Compass,2013,28.49,3.42,93964,Diesel,Dealer,Automatic,0,1597,15.6,Amritsar,Grey,13
3622,Maruti Ciaz,2015,10.69,1.28,81808,Petrol,Individual,Manual,1,2393,13.5,Ludhiana,White,11
3623,Hyundai Venue,2013,10.88,1.31,97167,Petrol,Dealer,Manual,0,2179,18.0,Lucknow,Silver,13
3624,Skoda Rapid,2022,10.38,4.94,48483,Diesel,Dealer,Manual,1,2179,12.6,Amritsar,Silver,4
3625,Jeep Compass,2021,22.76,11.46,48120,Diesel,Dealer,Automatic,1,1997,20.6,Jaipur,Red,5
3626,Ford EcoSport,2020,8.95,2.22,53175,Diesel,Dealer,Manual,1,799,18.0,Bengaluru,Red,6
3627,Maruti Alto,2023,3.96,2.35,39680,Petrol,Dealer,Manual,1,799,14.3,Noida,Black,3
3628,Maruti Brezza,2023,12.71,9.48,35402,Petrol,Individual,Manual,0,998,24.3,Mumbai,Grey,3
3629,Ford EcoSport,2013,9.71,1.16,86233,Diesel,Individual,Manual,2,998,12.1,Ludhiana,Black,13
3630,Hyundai Venue,2022,12.43,7.42,27727,Petrol,Dealer,Manual,1,1497,24.7,Mohali,Silver,4
3631,Kia Seltos,2024,17.01,12.6,24968,Diesel,Dealer,Manual,0,1197,18.6,Chennai,Silver,2
3632,Toyota Glanza,2024,9.49,7.15,10400,Petrol,Individual,Manual,1,2179,18.2,Chandigarh,White,2
3633,Tata Harrier,2022,18.31,10.2,34045,Diesel,Dealer,Manual,0,998,18.0,Amritsar,Blue,4
3634,Mahindra Scorpio,2024,19.07,15.09,25362,Diesel,Individual,Manual,0,1497,17.0,Lucknow,Black,2
3635,Maruti Baleno,2023,8.53,4.89,31808,Petrol,Dealer,Manual,1,1197,13.5,Mohali,White,3
3636,Honda Amaze,2020,7.93,2.88,49031,Petrol,Dealer,Manual,0,1498,18.9,Delhi,Blue,6
3637,Jeep Compass,2024,23.43,14.59,52762,Diesel,Dealer,Automatic,1,998,21.2,Bengaluru,Blue,2
3638,Tata Punch,2022,9.93,5.96,34277,Petrol,Individual,Manual,0,2755,18.6,Chennai,Silver,4
3639,Renault Kiger,2025,8.11,6.86,19182,Petrol,Dealer,Manual,0,2179,14.2,Amritsar,Silver,1
3640,Maruti Ertiga,2012,10.63,1.28,124826,Petrol,Dealer,Manual,0,799,17.7,Chennai,Black,14
3641,Honda City,2020,15.88,5.53,34080,Petrol,Individual,Manual,1,2179,22.4,Mohali,Red,6
3642,Maruti Ertiga,2022,11.06,6.61,16812,Petrol,Dealer,Manual,0,1199,19.4,Jaipur,Black,4
3643,Nissan Magnite,2021,7.95,4.56,29145,Petrol,Dealer,Manual,0,1498,20.2,Bengaluru,Silver,5
3644,Nissan Magnite,2022,10.04,5.71,38763,Petrol,Dealer,Manual,1,1197,22.4,Bengaluru,Brown,4
3645,Hyundai Venue,2017,12.39,1.49,71264,Petrol,Individual,Manual,0,1197,21.7,Bengaluru,Brown,9
3646,Toyota Glanza,2016,8.33,1.0,92386,Petrol,Individual,Manual,0,1497,19.3,Hyderabad,Brown,10
3647,Hyundai Alcazar,2014,20.12,2.41,62177,Diesel,Dealer,Automatic,1,1497,16.6,Hyderabad,Brown,12
3648,Mahindra Scorpio,2016,18.25,2.19,72410,Diesel,Dealer,Manual,1,1956,15.1,Chandigarh,Blue,10
3649,Volkswagen Polo,2014,7.94,0.95,92972,Petrol,Dealer,Manual,1,1497,13.7,Lucknow,Brown,12
3650,Hyundai Verna,2017,14.69,1.76,83784,Petrol,Dealer,Manual,0,1956,16.3,Mohali,Silver,9
3651,Toyota Glanza,2016,9.04,1.08,68249,Petrol,Individual,Manual,0,1498,17.9,Chandigarh,Silver,10
3652,Mahindra Scorpio,2022,17.78,8.27,72798,Diesel,Dealer,Manual,0,1497,24.9,Kolkata,Grey,4
3653,Maruti Swift,2018,7.91,1.47,74254,Petrol,Dealer,Manual,0,998,22.0,Gurugram,Brown,8
3654,Hyundai Grand i10,2024,7.24,5.62,14755,Petrol,Dealer,Manual,3,1997,21.2,Bengaluru,Silver,2
3655,Kia Seltos,2017,17.52,2.1,87979,Diesel,Dealer,Manual,0,1997,19.0,Lucknow,Brown,9
3656,Honda Amaze,2019,9.43,2.7,55372,Petrol,Dealer,Manual,1,2755,25.4,Mumbai,Brown,7
3657,Tata Harrier,2020,22.06,12.67,2500,Diesel,Dealer,Manual,1,1597,12.6,Noida,Red,6
3658,Volkswagen Polo,2018,8.0,1.92,46448,Petrol,Dealer,Manual,0,2393,12.4,Gurugram,Silver,8
3659,Maruti Wagon R,2018,6.34,1.22,50196,Petrol,Individual,Manual,0,2393,12.1,Gurugram,Red,8
3660,Tata Harrier,2016,21.16,2.54,104138,Diesel,Dealer,Manual,0,1997,15.0,Noida,White,10
3661,Volkswagen Polo,2013,8.51,1.02,117484,Petrol,Dealer,Manual,3,998,19.3,Lucknow,Black,13
3662,Volkswagen Virtus,2025,15.83,12.34,2500,Petrol,Individual,Automatic,2,1997,17.9,Bengaluru,Brown,1
3663,Mahindra Scorpio,2012,18.07,2.17,106050,Diesel,Individual,Manual,0,1199,18.9,Mumbai,Silver,14
3664,Tata Safari,2019,25.77,8.93,32868,Diesel,Dealer,Automatic,0,1197,12.0,Ludhiana,White,7
3665,Mahindra XUV700,2023,22.67,12.85,54768,Diesel,Dealer,Automatic,1,799,17.8,Pune,Grey,3
3666,Skoda Slavia,2012,17.99,2.16,111834,Petrol,Dealer,Automatic,0,1597,16.6,Mumbai,Brown,14
3667,Tata Harrier,2020,21.13,8.68,21471,Diesel,Individual,Manual,1,1197,23.2,Ludhiana,Silver,6
3668,Ford EcoSport,2022,9.21,4.23,61255,Diesel,Dealer,Manual,0,2179,13.0,Noida,White,4
3669,Mahindra Thar,2025,17.41,15.4,7792,Diesel,Individual,Manual,0,1197,20.7,Mumbai,White,1
3670,Hyundai Verna,2019,15.5,3.23,69979,Petrol,Dealer,Manual,1,1497,20.9,Pune,Black,7
3671,Hyundai Alcazar,2022,19.63,10.17,54519,Diesel,Dealer,Automatic,0,998,23.7,Bengaluru,Silver,4
3672,Kia Sonet,2021,13.29,6.11,35549,Petrol,Individual,Manual,1,799,16.6,Pune,Black,5
3673,Mahindra Scorpio,2012,19.48,2.34,121397,Diesel,Dealer,Manual,0,1597,16.9,Hyderabad,White,14
3674,Toyota Innova Crysta,2024,25.55,15.61,36175,Diesel,Individual,Manual,2,1497,16.3,Pune,Red,2
3675,Tata Altroz,2015,8.64,1.04,53882,Petrol,Dealer,Manual,1,1497,16.3,Ludhiana,Red,11
3676,Honda Amaze,2013,8.57,1.03,112132,Petrol,Dealer,Manual,1,2179,16.3,Bengaluru,Silver,13
3677,Maruti Baleno,2025,9.14,7.84,23555,Petrol,Dealer,Manual,2,1199,25.4,Hyderabad,White,1
3678,Nissan Magnite,2022,9.89,6.22,41153,Petrol,Dealer,Manual,0,1597,24.5,Hyderabad,Grey,4
3679,Kia Sonet,2018,11.95,2.32,58906,Petrol,Dealer,Manual,0,2393,18.4,Jaipur,Blue,8
3680,Honda Elevate,2022,16.17,7.66,74312,Petrol,Dealer,Manual,0,1497,17.7,Noida,Blue,4
3681,Hyundai Verna,2015,13.72,1.65,122890,Petrol,Dealer,Manual,1,2179,23.0,Bengaluru,Brown,11
3682,Tata Harrier,2015,20.59,2.47,104700,Diesel,Dealer,Manual,1,1997,21.3,Delhi,Grey,11
3683,Renault Kiger,2014,8.83,1.06,93594,Petrol,Dealer,Manual,0,2393,15.0,Mumbai,Brown,12
3684,Renault Kiger,2013,8.08,0.97,110647,Petrol,Individual,Manual,0,1497,14.0,Noida,Black,13
3685,Honda Amaze,2013,10.07,1.21,105259,Petrol,Dealer,Manual,0,2179,19.2,Gurugram,Black,13
3686,Maruti Brezza,2015,13.74,1.65,94769,Petrol,Dealer,Manual,1,2755,17.6,Kolkata,Black,11
3687,Jeep Compass,2016,26.91,3.23,67672,Diesel,Individual,Automatic,1,1597,19.6,Mumbai,Blue,10
3688,Mahindra Thar,2019,15.71,4.64,43250,Diesel,Dealer,Manual,2,2179,16.8,Pune,Brown,7
3689,Volkswagen Polo,2024,8.2,4.91,79573,Petrol,Dealer,Manual,0,2755,14.5,Delhi,Silver,2
3690,Honda Elevate,2017,15.93,2.83,53742,Petrol,Individual,Manual,0,998,19.0,Kolkata,Black,9
3691,Toyota Glanza,2024,9.58,7.37,31395,Petrol,Dealer,Manual,0,2179,18.8,Pune,Silver,2
3692,Tata Altroz,2018,9.28,1.86,56116,Petrol,Dealer,Manual,0,1498,14.3,Bengaluru,Black,8
3693,Honda Amaze,2025,9.13,8.71,9065,Petrol,Individual,Manual,0,2755,23.1,Pune,Blue,1
3694,Mahindra XUV700,2014,26.24,3.15,91322,Diesel,Dealer,Automatic,0,799,15.4,Mumbai,White,12
3695,Mahindra Scorpio,2017,20.33,2.44,57396,Diesel,Dealer,Manual,0,2179,23.0,Bengaluru,Grey,9
3696,Hyundai Grand i10,2018,6.72,1.33,58863,Petrol,Dealer,Manual,0,998,18.6,Pune,Grey,8
3697,Tata Punch,2015,9.6,1.15,53501,Petrol,Dealer,Manual,0,1498,13.1,Gurugram,Black,11
3698,Maruti Alto,2015,4.35,0.55,110297,Petrol,Dealer,Manual,3,2179,23.5,Kolkata,Brown,11
3699,Tata Punch,2017,9.82,1.18,91476,Petrol,Dealer,Manual,1,799,24.9,Jaipur,Black,9
3700,Maruti Dzire,2024,8.32,5.4,39979,Petrol,Individual,Manual,1,998,25.0,Mumbai,Grey,2
3701,Skoda Slavia,2017,18.17,4.2,35030,Petrol,Individual,Automatic,0,2179,22.2,Gurugram,Black,9
3702,Maruti Baleno,2018,9.13,1.84,56327,Petrol,Individual,Manual,0,998,14.3,Jaipur,Grey,8
3703,Maruti Swift,2019,7.46,1.93,95590,Petrol,Dealer,Manual,0,2755,23.9,Ludhiana,Silver,7
3704,Honda Elevate,2014,16.65,2.0,113877,Petrol,Individual,Manual,0,799,16.4,Jaipur,White,12
3705,Mahindra Thar,2023,17.59,11.15,21907,Diesel,Individual,Manual,1,1997,18.5,Gurugram,Grey,3
3706,Skoda Rapid,2024,10.8,8.3,28386,Diesel,Individual,Manual,0,799,18.6,Jaipur,Red,2
3707,Skoda Rapid,2014,11.16,1.34,102729,Diesel,Dealer,Manual,1,799,20.9,Gurugram,Blue,12
3708,Maruti Alto,2020,4.34,1.51,22446,Petrol,Dealer,Manual,3,1199,15.5,Jaipur,Red,6
3709,Volkswagen Polo,2015,8.74,1.05,110442,Petrol,Dealer,Manual,1,1956,12.3,Kolkata,Silver,11
3710,Hyundai Creta,2012,15.36,1.84,130697,Diesel,Individual,Manual,1,1597,15.1,Pune,Silver,14
3711,Tata Altroz,2025,7.98,7.52,2500,Petrol,Dealer,Manual,1,799,23.1,Noida,Red,1
3712,Hyundai Grand i10,2023,7.4,5.6,12020,Petrol,Dealer,Manual,0,1199,20.0,Pune,Brown,3
3713,Toyota Innova Crysta,2015,25.31,3.04,67325,Diesel,Individual,Manual,0,1597,15.0,Amritsar,Blue,11
3714,MG Hector,2025,19.98,18.71,2500,Petrol,Dealer,Automatic,0,2179,18.6,Delhi,Red,1
3715,Hyundai Venue,2024,11.96,9.91,5710,Petrol,Dealer,Manual,0,799,24.7,Mumbai,Blue,2
3716,Tata Harrier,2021,19.27,9.52,52174,Diesel,Dealer,Manual,0,1197,16.9,Ludhiana,Blue,5
3717,Hyundai Verna,2018,15.65,3.25,66188,Petrol,Individual,Manual,0,1497,12.2,Pune,Black,8
3718,Volkswagen Virtus,2017,15.66,1.88,98541,Petrol,Individual,Automatic,0,2179,17.9,Mohali,Grey,9
3719,Maruti Ertiga,2019,10.83,1.46,85344,Petrol,Individual,Manual,0,1197,18.6,Jaipur,White,7
3720,Honda Elevate,2019,16.05,3.47,88191,Petrol,Individual,Manual,0,1597,23.1,Delhi,Silver,7
3721,Ford EcoSport,2013,8.72,1.05,100526,Diesel,Individual,Manual,2,1498,13.6,Noida,Brown,13
3722,Renault Kwid,2024,4.75,3.77,15391,Petrol,Individual,Manual,0,1497,20.4,Pune,Grey,2
3723,Maruti Wagon R,2022,5.94,1.96,60764,Petrol,Dealer,Manual,3,1199,19.3,Mohali,Grey,4
3724,Skoda Rapid,2017,9.52,1.14,80173,Diesel,Dealer,Manual,1,2755,21.6,Chandigarh,Black,9
3725,Mahindra Thar,2013,17.0,2.04,73618,Diesel,Dealer,Manual,0,799,12.8,Jaipur,Grey,13
3726,Hyundai Alcazar,2014,23.07,2.77,97424,Diesel,Dealer,Automatic,1,2179,18.7,Amritsar,Brown,12
3727,Maruti Alto,2015,4.12,0.55,66282,Petrol,Dealer,Manual,3,1497,18.8,Chandigarh,Brown,11
3728,Mahindra XUV700,2016,27.25,3.27,82152,Diesel,Individual,Automatic,0,1956,25.1,Pune,Silver,10
3729,Tata Punch,2015,9.95,1.19,107231,Petrol,Dealer,Manual,0,1597,17.7,Chennai,Red,11
3730,Maruti Ertiga,2019,11.28,3.67,49045,Petrol,Individual,Manual,0,2755,19.5,Chennai,Red,7
3731,Tata Tiago,2019,6.65,1.31,65683,Petrol,Dealer,Manual,0,1199,16.5,Noida,Silver,7
3732,Maruti Dzire,2012,10.06,1.21,98394,Petrol,Dealer,Manual,0,2393,20.2,Bengaluru,Blue,14
3733,Maruti Wagon R,2025,5.73,4.88,38166,Petrol,Dealer,Manual,0,1956,18.3,Jaipur,Black,1
3734,Toyota Fortuner,2020,42.73,13.9,66189,Diesel,Dealer,Automatic,0,1197,14.8,Mumbai,Black,6
3735,Ford EcoSport,2013,10.56,1.27,120839,Diesel,Individual,Manual,2,799,15.4,Lucknow,Blue,13
3736,Maruti Wagon R,2012,5.78,0.69,147430,Petrol,Individual,Manual,0,2755,14.6,Mumbai,Black,14
3737,Skoda Slavia,2018,17.71,2.29,84614,Petrol,Dealer,Automatic,1,2755,13.3,Delhi,Brown,8
3738,Maruti Dzire,2018,8.14,2.32,43602,Petrol,Individual,Manual,0,2393,18.1,Noida,Blue,8
3739,Toyota Glanza,2013,9.46,1.14,85781,Petrol,Dealer,Manual,1,1997,16.3,Kolkata,Red,13
3740,Maruti Wagon R,2018,5.35,0.64,93259,Petrol,Individual,Manual,1,799,23.1,Amritsar,Red,8
3741,Volkswagen Virtus,2020,15.28,4.05,106554,Petrol,Dealer,Automatic,1,799,17.5,Mohali,White,6
3742,Tata Safari,2023,22.78,13.96,32748,Diesel,Dealer,Automatic,0,1956,17.5,Pune,Blue,3
3743,Tata Tiago,2022,7.0,4.36,6895,Petrol,Individual,Manual,2,2755,19.4,Ludhiana,White,4
3744,Honda Elevate,2012,16.87,2.02,112921,Petrol,Dealer,Manual,0,1197,19.8,Kolkata,Blue,14
3745,Renault Kiger,2015,8.01,0.96,74307,Petrol,Individual,Manual,0,799,13.6,Chandigarh,Blue,11
3746,Maruti Wagon R,2022,5.41,3.41,26115,Petrol,Dealer,Manual,1,1197,19.3,Amritsar,White,4
3747,Mahindra Thar,2012,16.11,1.93,113254,Diesel,Dealer,Manual,3,1956,13.6,Kolkata,Red,14
3748,Tata Harrier,2023,19.59,13.36,41070,Diesel,Individual,Manual,1,1199,23.4,Mumbai,Red,3
3749,Toyota Fortuner,2021,43.2,16.73,64045,Diesel,Dealer,Automatic,1,1498,13.9,Chandigarh,Brown,5
3750,Tata Punch,2013,8.6,1.03,102094,Petrol,Individual,Manual,3,1956,12.4,Chandigarh,Red,13
3751,Maruti Ciaz,2019,10.98,2.87,47149,Petrol,Individual,Manual,1,2755,16.8,Chandigarh,Silver,7
3752,Nissan Magnite,2017,7.93,0.95,55798,Petrol,Dealer,Manual,1,1497,19.2,Hyderabad,Black,9
3753,Maruti Baleno,2024,9.52,6.71,18642,Petrol,Dealer,Manual,2,1197,15.7,Kolkata,Grey,2
3754,Mahindra Bolero,2013,10.03,1.2,131714,Diesel,Dealer,Manual,1,1199,13.8,Lucknow,Red,13
3755,Tata Altroz,2023,9.82,6.84,34828,Petrol,Individual,Manual,0,1498,19.4,Mumbai,Red,3
3756,Honda City,2014,14.19,1.7,94934,Petrol,Dealer,Manual,0,1597,20.9,Noida,Silver,12
3757,Tata Safari,2021,26.81,16.97,2500,Diesel,Dealer,Automatic,0,2755,22.2,Chennai,Blue,5
3758,Kia Seltos,2025,15.71,13.47,3586,Diesel,Dealer,Manual,1,1199,21.0,Mohali,Red,1
3759,Skoda Rapid,2014,8.89,1.07,133938,Diesel,Dealer,Manual,1,1498,13.0,Jaipur,Blue,12
3760,Skoda Slavia,2020,18.58,5.59,58480,Petrol,Dealer,Automatic,2,1199,17.4,Bengaluru,White,6
3761,Maruti Ertiga,2019,10.63,4.31,3680,Petrol,Individual,Manual,0,1497,15.4,Gurugram,Black,7
3762,Jeep Compass,2021,22.6,13.54,32861,Diesel,Dealer,Automatic,0,1197,23.7,Amritsar,Grey,5
3763,MG Hector,2019,21.73,7.81,45691,Petrol,Dealer,Automatic,0,1498,15.4,Pune,Brown,7
3764,Hyundai Grand i10,2017,7.11,1.06,42090,Petrol,Individual,Manual,1,1997,17.9,Mohali,Grey,9
3765,Ford EcoSport,2022,9.54,6.28,9718,Diesel,Dealer,Manual,1,998,15.0,Ludhiana,Black,4
3766,Tata Nexon,2013,10.96,1.32,137850,Petrol,Individual,Manual,1,1497,23.9,Mumbai,Red,13
3767,Skoda Rapid,2012,10.11,1.21,102888,Diesel,Individual,Manual,0,1197,21.1,Noida,Red,14
3768,Toyota Innova Crysta,2023,25.12,18.77,3314,Diesel,Dealer,Manual,1,799,12.1,Chandigarh,Silver,3
3769,Toyota Innova Crysta,2016,25.94,3.11,82234,Diesel,Dealer,Manual,0,998,18.7,Gurugram,Red,10
3770,Maruti Dzire,2022,8.75,4.16,53445,Petrol,Dealer,Manual,1,998,19.6,Ludhiana,Red,4
3771,Maruti Alto,2015,4.1,0.55,69840,Petrol,Dealer,Manual,2,799,16.3,Bengaluru,Blue,11
3772,Hyundai Alcazar,2015,21.58,2.59,124825,Diesel,Individual,Automatic,3,799,22.5,Mumbai,Red,11
3773,Mahindra Bolero,2012,9.78,1.17,123125,Diesel,Dealer,Manual,1,2393,14.8,Delhi,Red,14
3774,Hyundai Grand i10,2025,7.82,5.75,37250,Petrol,Individual,Manual,0,998,20.0,Chandigarh,Blue,1
3775,Maruti Wagon R,2020,6.17,2.51,43995,Petrol,Individual,Manual,0,2393,24.0,Ludhiana,Grey,6
3776,Honda Elevate,2019,14.25,4.48,48990,Petrol,Individual,Manual,0,2179,21.1,Chennai,Grey,7
3777,Honda Amaze,2022,9.28,4.05,55958,Petrol,Individual,Manual,1,1498,20.8,Mohali,Blue,4
3778,Renault Kwid,2021,4.74,1.71,73635,Petrol,Dealer,Manual,0,2755,19.5,Delhi,Brown,5
3779,Maruti Swift,2013,7.7,0.92,80041,Petrol,Individual,Manual,1,799,21.9,Lucknow,Silver,13
3780,Mahindra Bolero,2020,8.83,2.85,58943,Diesel,Individual,Manual,0,1197,23.4,Jaipur,Black,6
3781,Tata Nexon,2021,12.3,5.82,42364,Petrol,Dealer,Manual,1,799,15.3,Jaipur,Silver,5
3782,Skoda Rapid,2016,9.0,1.08,88441,Diesel,Individual,Manual,1,1956,17.2,Bengaluru,Silver,10
3783,Toyota Fortuner,2021,43.05,18.45,25037,Diesel,Dealer,Automatic,3,2393,13.9,Chennai,Brown,5
3784,Toyota Glanza,2015,8.63,1.04,74101,Petrol,Individual,Manual,1,1498,16.2,Kolkata,Black,11
3785,Renault Kwid,2016,5.01,0.6,104256,Petrol,Dealer,Manual,0,1956,18.1,Lucknow,Silver,10
3786,Tata Nexon,2019,12.89,3.39,28066,Petrol,Individual,Manual,2,1199,15.5,Delhi,Blue,7
3787,Hyundai Verna,2016,14.93,1.79,71371,Petrol,Dealer,Manual,2,1997,24.5,Bengaluru,Grey,10
3788,Maruti Baleno,2024,9.46,7.82,28728,Petrol,Individual,Manual,0,2393,20.6,Lucknow,Silver,2
3789,Volkswagen Polo,2014,7.62,0.91,49077,Petrol,Individual,Manual,0,2393,25.0,Mohali,Brown,12
3790,Toyota Fortuner,2019,42.29,15.33,38128,Diesel,Individual,Automatic,0,1497,19.0,Chennai,Red,7
3791,Tata Nexon,2016,11.81,1.65,48413,Petrol,Individual,Manual,0,2179,21.5,Chennai,Black,10
3792,Nissan Magnite,2024,8.11,5.94,36904,Petrol,Individual,Manual,0,1956,12.3,Ludhiana,Brown,2
3793,MG Hector,2015,19.1,2.29,120848,Petrol,Dealer,Automatic,0,998,22.0,Chennai,Brown,11
3794,Tata Punch,2016,9.16,1.1,87331,Petrol,Dealer,Manual,1,1956,12.7,Chandigarh,Silver,10
3795,Kia Sonet,2013,11.14,1.34,80335,Petrol,Dealer,Manual,1,998,20.8,Delhi,White,13
3796,Kia Sonet,2018,12.53,3.25,30579,Petrol,Dealer,Manual,0,2393,23.0,Gurugram,Red,8
3797,Skoda Slavia,2021,18.3,6.94,68791,Petrol,Individual,Automatic,1,2393,21.6,Lucknow,Silver,5
3798,Kia Sonet,2017,12.61,1.51,91979,Petrol,Individual,Manual,0,998,13.7,Pune,Silver,9
3799,Tata Punch,2012,9.03,1.08,141722,Petrol,Dealer,Manual,1,1956,23.4,Lucknow,White,14
3800,Volkswagen Virtus,2016,18.77,2.25,86489,Petrol,Individual,Automatic,0,1497,14.3,Noida,Silver,10
3801,Mahindra Scorpio,2021,19.94,9.88,17554,Diesel,Individual,Manual,1,2179,19.7,Noida,Red,5
3802,Tata Harrier,2023,19.81,11.73,36208,Diesel,Dealer,Manual,2,2179,18.6,Chennai,Silver,3
3803,Maruti Dzire,2014,9.52,1.14,90191,Petrol,Dealer,Manual,0,1199,24.9,Lucknow,Grey,12
3804,Kia Sonet,2022,12.74,5.61,33350,Petrol,Dealer,Manual,2,1498,12.3,Chandigarh,Blue,4
3805,Hyundai Creta,2017,16.24,1.95,57749,Diesel,Individual,Manual,1,2755,19.5,Hyderabad,Brown,9
3806,Honda Elevate,2018,14.48,2.38,59662,Petrol,Dealer,Manual,1,799,21.0,Mohali,Brown,8
3807,Tata Harrier,2016,22.22,2.67,129194,Diesel,Individual,Manual,0,1497,16.8,Kolkata,Black,10
3808,Tata Nexon,2024,12.1,9.19,23580,Petrol,Individual,Manual,0,1497,23.0,Hyderabad,Black,2
3809,Toyota Innova Crysta,2017,25.85,3.1,84239,Diesel,Individual,Manual,0,2393,22.3,Delhi,Black,9
3810,Volkswagen Polo,2018,7.75,1.28,79103,Petrol,Dealer,Manual,0,1597,19.6,Chennai,White,8
3811,Maruti Baleno,2023,8.38,4.98,46573,Petrol,Dealer,Manual,0,1956,22.2,Chandigarh,Silver,3
3812,Maruti Baleno,2017,9.76,1.17,86119,Petrol,Dealer,Manual,0,1497,23.4,Lucknow,Grey,9
3813,Mahindra Bolero,2015,10.82,1.3,78622,Diesel,Dealer,Manual,0,2393,16.5,Mumbai,Brown,11
3814,Tata Safari,2025,21.77,18.17,23216,Diesel,Individual,Automatic,0,2179,14.4,Delhi,Red,1
3815,Hyundai Grand i10,2017,6.65,1.45,27956,Petrol,Dealer,Manual,1,1498,19.9,Amritsar,Grey,9
3816,Toyota Fortuner,2018,35.17,8.77,39907,Diesel,Individual,Automatic,0,2179,23.1,Gurugram,Silver,8
3817,Hyundai Grand i10,2025,7.53,6.93,2500,Petrol,Dealer,Manual,1,1199,14.5,Jaipur,Black,1
3818,Tata Nexon,2021,11.41,5.39,36132,Petrol,Dealer,Manual,1,1199,13.6,Pune,Silver,5
3819,Maruti Ertiga,2020,10.25,3.21,66550,Petrol,Dealer,Manual,0,1197,15.7,Pune,White,6
3820,Hyundai Verna,2015,16.61,1.99,53106,Petrol,Dealer,Manual,0,2393,18.9,Mohali,Brown,11
3821,Hyundai Grand i10,2018,7.32,2.67,33722,Petrol,Individual,Manual,0,1199,23.8,Jaipur,Grey,8
3822,MG Hector,2015,23.84,2.86,93039,Petrol,Individual,Automatic,0,1497,17.0,Delhi,Grey,11
3823,Hyundai Grand i10,2015,6.94,0.83,45100,Petrol,Dealer,Manual,1,1497,24.3,Lucknow,Black,11
3824,Mahindra XUV700,2013,26.01,3.12,97484,Diesel,Dealer,Automatic,1,1497,14.0,Hyderabad,White,13
3825,Maruti Baleno,2012,8.96,1.07,95570,Petrol,Dealer,Manual,0,1498,21.1,Mumbai,Silver,14
3826,Volkswagen Virtus,2020,16.56,5.4,57246,Petrol,Dealer,Automatic,1,799,16.8,Pune,Red,6
3827,Tata Punch,2019,8.62,1.53,69768,Petrol,Dealer,Manual,0,1497,19.8,Hyderabad,Blue,7
3828,Tata Punch,2022,9.38,5.27,43005,Petrol,Dealer,Manual,1,1498,18.9,Lucknow,White,4
3829,Mahindra Thar,2024,16.36,11.4,25850,Diesel,Individual,Manual,1,2179,16.7,Pune,Blue,2
3830,Honda Elevate,2017,17.32,2.08,73343,Petrol,Individual,Manual,1,799,16.8,Ludhiana,Brown,9
3831,Maruti Swift,2012,8.61,1.03,117054,Petrol,Dealer,Manual,1,1199,21.4,Mumbai,Red,14
3832,Toyota Fortuner,2024,40.95,33.46,2500,Diesel,Dealer,Automatic,0,2393,12.8,Delhi,Brown,2
3833,Tata Harrier,2022,21.5,15.13,3781,Diesel,Individual,Manual,0,2179,23.3,Gurugram,Red,4
3834,Toyota Innova Crysta,2017,23.71,2.85,70564,Diesel,Dealer,Manual,0,2755,24.1,Noida,Red,9
3835,Honda Amaze,2015,8.56,1.03,95031,Petrol,Dealer,Manual,1,998,23.8,Mohali,Silver,11
3836,Hyundai i20,2021,7.98,3.74,37717,Petrol,Individual,Manual,1,799,25.4,Mohali,Black,5
3837,Nissan Magnite,2020,8.12,3.33,45299,Petrol,Individual,Manual,0,799,24.2,Amritsar,Grey,6
3838,Honda City,2021,14.12,6.24,71811,Petrol,Dealer,Manual,0,2755,21.2,Mumbai,Grey,5
3839,Maruti Ciaz,2022,12.16,6.79,36499,Petrol,Dealer,Manual,1,2179,15.3,Bengaluru,Grey,4
3840,Hyundai Alcazar,2015,19.71,2.37,98155,Diesel,Individual,Automatic,1,1997,15.7,Chandigarh,Black,11
3841,Mahindra XUV700,2014,22.29,2.67,68089,Diesel,Individual,Automatic,0,799,15.7,Kolkata,Silver,12
3842,Kia Seltos,2012,18.04,2.17,108877,Diesel,Dealer,Manual,1,1197,23.2,Pune,White,14
3843,Hyundai Alcazar,2017,21.77,2.61,84532,Diesel,Dealer,Automatic,3,998,24.8,Delhi,Brown,9
3844,Tata Altroz,2022,9.39,5.22,33999,Petrol,Dealer,Manual,1,1498,23.6,Amritsar,Silver,4
3845,Tata Nexon,2014,12.9,1.55,108348,Petrol,Dealer,Manual,0,1997,24.4,Mumbai,Black,12
3846,Tata Nexon,2012,11.47,1.38,114459,Petrol,Individual,Manual,1,1199,19.6,Kolkata,Black,14
3847,Volkswagen Polo,2025,8.08,7.02,5336,Petrol,Individual,Manual,0,2755,17.9,Chennai,Red,1
3848,Kia Sonet,2012,13.65,1.64,75341,Petrol,Individual,Manual,0,1497,21.5,Chandigarh,Black,14
3849,Honda City,2014,16.5,1.98,63665,Petrol,Dealer,Manual,2,2755,22.8,Mohali,Grey,12
3850,Kia Seltos,2012,16.6,1.99,103819,Diesel,Dealer,Manual,0,1956,21.8,Mohali,Silver,14
3851,Tata Harrier,2021,18.33,9.23,21091,Diesel,Individual,Manual,1,998,19.4,Ludhiana,Brown,5
3852,Tata Harrier,2023,21.36,14.0,15300,Diesel,Dealer,Manual,0,1597,13.1,Chennai,Brown,3
3853,Maruti Ciaz,2025,10.84,9.99,2500,Petrol,Individual,Manual,0,1997,19.4,Kolkata,Grey,1
3854,Hyundai Verna,2022,14.89,7.38,56356,Petrol,Dealer,Manual,1,1597,17.9,Delhi,Black,4
3855,Hyundai i20,2012,9.78,1.17,141747,Petrol,Individual,Manual,1,799,23.8,Amritsar,Red,14
3856,Mahindra Scorpio,2020,19.87,10.66,4541,Diesel,Dealer,Manual,0,1497,24.2,Chennai,Black,6
3857,Mahindra Scorpio,2019,18.32,4.74,41900,Diesel,Individual,Manual,2,1197,18.7,Lucknow,Silver,7
3858,Kia Seltos,2024,16.4,12.54,14929,Diesel,Dealer,Manual,1,998,22.5,Ludhiana,Blue,2
3859,Tata Tiago,2014,6.57,0.79,117818,Petrol,Individual,Manual,0,1956,23.1,Bengaluru,Black,12
3860,Tata Tiago,2015,7.59,0.91,86791,Petrol,Dealer,Manual,0,1997,15.8,Ludhiana,Red,11
3861,Volkswagen Virtus,2014,16.23,1.95,86035,Petrol,Individual,Automatic,0,1597,23.3,Ludhiana,Grey,12
3862,Toyota Innova Crysta,2019,22.5,4.36,89771,Diesel,Individual,Manual,0,1199,16.9,Kolkata,Black,7
3863,Renault Kwid,2013,4.43,0.55,94316,Petrol,Individual,Manual,1,998,13.9,Chandigarh,Red,13
3864,Maruti Wagon R,2023,5.68,4.07,15484,Petrol,Dealer,Manual,0,2179,17.6,Gurugram,Silver,3
3865,Honda City,2012,15.8,1.9,107628,Petrol,Dealer,Manual,0,2755,23.3,Chennai,Blue,14
3866,Maruti Swift,2024,8.4,6.13,2500,Petrol,Dealer,Manual,1,998,20.6,Lucknow,Brown,2
3867,Tata Punch,2023,8.29,4.66,39616,Petrol,Dealer,Manual,0,2179,23.5,Mumbai,Black,3
3868,Toyota Glanza,2023,9.51,6.79,2500,Petrol,Dealer,Manual,1,1597,17.4,Ludhiana,Red,3
3869,Toyota Glanza,2015,8.2,0.98,69499,Petrol,Individual,Manual,0,998,23.5,Kolkata,Grey,11
3870,Tata Harrier,2014,18.31,2.2,130362,Diesel,Dealer,Manual,0,1956,14.9,Gurugram,White,12
3871,MG Hector,2020,19.02,7.84,46184,Petrol,Individual,Automatic,0,1199,18.8,Lucknow,White,6
3872,Maruti Alto,2014,4.33,0.55,135099,Petrol,Individual,Manual,1,799,22.8,Mohali,Red,12
3873,Renault Kiger,2021,8.41,2.86,69140,Petrol,Individual,Manual,0,2393,18.4,Lucknow,Brown,5
3874,Mahindra Scorpio,2022,20.89,10.73,54531,Diesel,Individual,Manual,1,998,19.8,Chennai,Black,4
3875,Tata Tiago,2014,6.6,0.79,129824,Petrol,Dealer,Manual,1,1199,18.0,Bengaluru,Silver,12
3876,Jeep Compass,2017,24.41,2.93,90303,Diesel,Individual,Automatic,0,1956,18.4,Noida,Blue,9
3877,Hyundai Venue,2018,12.65,1.52,59135,Petrol,Dealer,Manual,1,2755,18.4,Mumbai,White,8
3878,Maruti Baleno,2019,7.98,2.24,69141,Petrol,Individual,Manual,0,1498,14.4,Hyderabad,Brown,7
3879,Toyota Innova Crysta,2014,23.29,2.79,48793,Diesel,Dealer,Manual,0,1597,15.4,Hyderabad,Grey,12
3880,Maruti Fronx,2021,9.1,3.67,64872,Petrol,Dealer,Manual,0,1956,21.8,Gurugram,Brown,5
3881,Maruti Wagon R,2013,5.87,0.7,74106,Petrol,Individual,Manual,1,1498,18.5,Hyderabad,White,13
3882,Mahindra XUV700,2016,23.96,2.87,72434,Diesel,Dealer,Automatic,1,1498,24.6,Gurugram,Black,10
3883,Mahindra Thar,2020,17.73,5.68,75290,Diesel,Individual,Manual,0,1498,15.9,Jaipur,Black,6
3884,Mahindra XUV700,2018,27.77,3.33,71157,Diesel,Dealer,Automatic,0,2393,14.0,Jaipur,Grey,8
3885,Mahindra Thar,2017,17.44,2.09,56258,Diesel,Individual,Manual,1,1199,24.7,Mohali,Silver,9
3886,Honda Elevate,2020,16.21,5.81,56544,Petrol,Dealer,Manual,1,1597,14.0,Kolkata,Silver,6
3887,Maruti Ertiga,2013,11.49,1.38,121611,Petrol,Dealer,Manual,1,1597,22.7,Pune,Red,13
3888,Hyundai Venue,2020,11.54,2.03,73424,Petrol,Dealer,Manual,2,1597,15.6,Mumbai,Red,6
3889,Hyundai i20,2012,8.07,0.97,138564,Petrol,Dealer,Manual,1,1997,12.1,Chandigarh,Black,14
3890,MG Hector,2013,20.83,2.5,102899,Petrol,Dealer,Automatic,0,1956,19.6,Chandigarh,Black,13
3891,Toyota Glanza,2018,8.16,0.98,92471,Petrol,Individual,Manual,0,1997,22.5,Chennai,Grey,8
3892,Mahindra Thar,2013,14.99,1.8,110065,Diesel,Individual,Manual,1,1199,20.1,Mumbai,Blue,13
3893,Volkswagen Virtus,2015,17.61,2.11,54100,Petrol,Individual,Automatic,0,799,25.4,Noida,Black,11
3894,Maruti Alto,2014,4.32,0.55,102224,Petrol,Dealer,Manual,0,1498,13.8,Pune,Brown,12
3895,Maruti Alto,2012,4.34,0.55,156056,Petrol,Individual,Manual,2,1199,21.0,Kolkata,Blue,14
3896,Kia Sonet,2014,11.42,1.37,64636,Petrol,Individual,Manual,0,1197,24.4,Chandigarh,Black,12
3897,Hyundai Venue,2014,12.12,1.45,57134,Petrol,Individual,Manual,0,1197,14.5,Noida,Black,12
3898,Tata Punch,2013,9.99,1.2,106235,Petrol,Dealer,Manual,1,799,14.1,Gurugram,White,13
3899,Honda City,2013,16.16,1.94,123555,Petrol,Dealer,Manual,1,1197,21.5,Gurugram,White,13
3900,Mahindra Scorpio,2016,20.51,2.46,96840,Diesel,Dealer,Manual,0,1997,16.5,Pune,Grey,10
3901,MG Hector,2016,23.13,2.78,70410,Petrol,Individual,Automatic,1,1497,13.9,Jaipur,Blue,10
3902,Maruti Dzire,2014,9.27,1.11,32946,Petrol,Dealer,Manual,0,1997,23.1,Gurugram,Blue,12
3903,Hyundai Verna,2024,16.42,13.06,2500,Petrol,Dealer,Manual,0,998,15.1,Mohali,Brown,2
3904,Honda City,2021,15.37,6.98,48604,Petrol,Individual,Manual,0,1597,17.9,Mumbai,Red,5
3905,Hyundai Verna,2015,15.81,1.9,92114,Petrol,Dealer,Manual,0,1498,22.5,Chennai,Red,11
3906,Skoda Rapid,2020,10.13,3.79,63610,Diesel,Dealer,Manual,0,1997,12.7,Bengaluru,Blue,6
3907,Renault Kwid,2017,5.41,0.75,58446,Petrol,Individual,Manual,0,799,18.4,Amritsar,Grey,9
3908,Kia Seltos,2025,19.17,14.76,13975,Diesel,Individual,Manual,0,1997,22.3,Gurugram,Brown,1
3909,Renault Kwid,2019,5.49,1.11,81232,Petrol,Individual,Manual,0,1498,15.3,Amritsar,Red,7
3910,Maruti Alto,2022,4.3,2.43,50364,Petrol,Dealer,Manual,0,998,21.5,Gurugram,Black,4
3911,Maruti Dzire,2013,9.81,1.18,102662,Petrol,Individual,Manual,1,1997,24.9,Bengaluru,Silver,13
3912,Toyota Glanza,2013,9.0,1.08,124839,Petrol,Dealer,Manual,0,799,17.7,Amritsar,Grey,13
3913,Tata Altroz,2018,8.55,1.03,106190,Petrol,Dealer,Manual,0,1199,24.7,Delhi,Black,8
3914,Tata Harrier,2021,21.18,8.79,39440,Diesel,Dealer,Manual,1,2755,12.6,Pune,White,5
3915,Kia Sonet,2018,13.23,1.81,72972,Petrol,Dealer,Manual,0,2755,23.1,Mumbai,Brown,8
3916,Hyundai i20,2015,8.43,1.01,72231,Petrol,Individual,Manual,0,1956,17.6,Noida,Silver,11
3917,Kia Sonet,2020,11.19,4.09,43587,Petrol,Dealer,Manual,0,1597,17.1,Jaipur,Grey,6
3918,Hyundai Alcazar,2021,23.61,11.84,48064,Diesel,Dealer,Automatic,0,2393,12.8,Chennai,Red,5
3919,Skoda Slavia,2015,19.25,2.31,96905,Petrol,Individual,Automatic,0,2393,13.1,Delhi,Blue,11
3920,Jeep Compass,2016,24.03,2.88,103414,Diesel,Individual,Automatic,2,998,17.5,Bengaluru,Black,10
3921,Maruti Baleno,2024,8.01,5.38,31062,Petrol,Individual,Manual,2,2179,18.8,Kolkata,Silver,2
3922,Tata Altroz,2014,8.43,1.01,64565,Petrol,Dealer,Manual,0,1498,21.2,Ludhiana,Black,12
3923,Maruti Wagon R,2024,6.0,4.22,23707,Petrol,Dealer,Manual,2,799,25.5,Kolkata,Black,2
3924,Maruti Dzire,2016,9.29,1.11,77672,Petrol,Dealer,Manual,1,2755,25.1,Delhi,Grey,10
3925,Renault Kiger,2015,9.23,1.11,92068,Petrol,Individual,Manual,0,2179,25.0,Hyderabad,Silver,11
3926,MG Hector,2014,22.05,2.65,62488,Petrol,Individual,Automatic,1,1497,19.4,Kolkata,White,12
3927,Ford EcoSport,2017,10.32,1.24,82867,Diesel,Dealer,Manual,0,2755,16.2,Mohali,Silver,9
3928,Tata Nexon,2012,12.87,1.54,118362,Petrol,Dealer,Manual,1,2755,21.7,Mumbai,Grey,14
3929,Tata Nexon,2024,11.83,9.01,17133,Petrol,Dealer,Manual,1,799,20.3,Chandigarh,Grey,2
3930,Tata Tiago,2020,6.33,2.04,58069,Petrol,Dealer,Manual,1,2755,19.8,Pune,Grey,6
3931,Skoda Rapid,2019,11.16,2.62,63783,Diesel,Individual,Manual,0,1956,22.2,Gurugram,Brown,7
3932,Tata Altroz,2013,9.71,1.17,126142,Petrol,Dealer,Manual,0,2755,15.9,Hyderabad,Blue,13
3933,Kia Sonet,2024,12.33,10.27,14663,Petrol,Individual,Manual,0,2393,12.8,Lucknow,Brown,2
3934,Tata Nexon,2018,12.1,2.56,65028,Petrol,Dealer,Manual,1,2393,13.2,Kolkata,Silver,8
3935,MG Hector,2018,22.44,5.75,40697,Petrol,Individual,Automatic,0,1497,25.4,Mohali,Grey,8
3936,Maruti Ciaz,2025,10.48,8.75,2500,Petrol,Individual,Manual,3,2179,16.0,Lucknow,Black,1
3937,Honda Amaze,2019,9.01,2.28,52249,Petrol,Dealer,Manual,1,1197,24.9,Lucknow,Silver,7
3938,Ford EcoSport,2021,9.9,5.29,2500,Diesel,Dealer,Manual,2,2179,17.8,Pune,Blue,5
3939,Volkswagen Virtus,2015,18.53,2.22,97599,Petrol,Dealer,Automatic,1,2393,23.3,Lucknow,Red,11
3940,Hyundai i20,2022,9.27,4.63,60256,Petrol,Dealer,Manual,0,1597,19.6,Gurugram,White,4
3941,Nissan Magnite,2024,8.97,7.4,6292,Petrol,Dealer,Manual,0,1597,12.2,Ludhiana,Grey,2
3942,Kia Sonet,2014,12.54,1.5,53100,Petrol,Dealer,Manual,1,1997,17.2,Chandigarh,Grey,12
3943,Mahindra Bolero,2020,10.42,3.39,57050,Diesel,Individual,Manual,1,1597,19.2,Chandigarh,Blue,6
3944,Hyundai Grand i10,2017,7.77,0.93,103346,Petrol,Dealer,Manual,0,1997,17.9,Chandigarh,Silver,9
3945,Maruti Dzire,2017,9.71,1.35,74955,Petrol,Dealer,Manual,0,1497,13.1,Lucknow,Black,9
3946,Maruti Swift,2019,7.72,2.36,38959,Petrol,Dealer,Manual,1,1956,12.4,Amritsar,Grey,7
3947,Honda City,2023,16.79,9.75,46817,Petrol,Dealer,Manual,0,1597,24.6,Gurugram,Red,3
3948,Mahindra Thar,2016,17.62,2.11,85027,Diesel,Individual,Manual,1,799,17.9,Amritsar,Brown,10
3949,Toyota Fortuner,2012,36.82,4.42,92387,Diesel,Individual,Automatic,0,1498,19.4,Mohali,Grey,14
3950,Honda Amaze,2023,9.92,6.51,49530,Petrol,Dealer,Manual,0,1956,14.2,Gurugram,Black,3
3951,Renault Kiger,2013,9.47,1.14,136834,Petrol,Dealer,Manual,0,998,19.3,Jaipur,Brown,13
3952,Tata Harrier,2016,20.23,2.43,96649,Diesel,Dealer,Manual,0,1997,14.1,Chennai,Blue,10
3953,Hyundai Verna,2014,16.52,1.98,100456,Petrol,Dealer,Manual,0,2179,18.8,Chennai,Grey,12
3954,Tata Altroz,2020,10.02,3.66,41947,Petrol,Individual,Manual,0,1956,19.9,Ludhiana,Red,6
3955,Honda Elevate,2020,14.55,4.65,64452,Petrol,Individual,Manual,0,1199,22.0,Delhi,Black,6
3956,Maruti Fronx,2016,10.5,1.26,94455,Petrol,Individual,Manual,0,2755,18.9,Delhi,Silver,10
3957,Mahindra Thar,2021,15.82,6.86,28177,Diesel,Dealer,Manual,1,799,14.5,Hyderabad,Red,5
3958,Maruti Dzire,2014,8.48,1.02,73987,Petrol,Individual,Manual,0,1199,16.2,Chandigarh,White,12
3959,Hyundai Alcazar,2012,23.92,2.87,112696,Diesel,Individual,Automatic,1,2755,20.1,Chandigarh,Blue,14
3960,Jeep Compass,2019,25.88,6.82,36389,Diesel,Dealer,Automatic,2,1498,18.4,Pune,Silver,7
3961,Skoda Slavia,2020,17.78,7.82,13802,Petrol,Individual,Automatic,2,2755,20.6,Gurugram,White,6
3962,Tata Punch,2025,8.49,7.34,31577,Petrol,Dealer,Manual,1,2179,21.2,Lucknow,Blue,1
3963,Kia Sonet,2022,12.04,7.12,2500,Petrol,Dealer,Manual,2,2393,21.3,Chennai,Blue,4
3964,Honda City,2012,13.43,1.61,75375,Petrol,Dealer,Manual,0,1199,12.9,Kolkata,Silver,14
3965,Tata Harrier,2021,18.85,7.43,85680,Diesel,Individual,Manual,0,1197,16.5,Gurugram,Brown,5
3966,Ford EcoSport,2025,10.58,9.49,15870,Diesel,Dealer,Manual,0,1956,23.5,Gurugram,Black,1
3967,Mahindra Bolero,2017,10.02,1.2,84311,Diesel,Dealer,Manual,2,799,17.7,Gurugram,Blue,9
3968,Honda Amaze,2015,8.59,1.03,98305,Petrol,Dealer,Manual,0,1199,23.9,Chennai,Blue,11
3969,Tata Harrier,2013,21.39,2.57,159464,Diesel,Individual,Manual,0,1997,13.0,Lucknow,Brown,13
3970,Hyundai i20,2025,9.77,8.25,43253,Petrol,Individual,Manual,0,1997,20.9,Noida,Red,1
3971,Tata Punch,2014,7.97,0.96,96323,Petrol,Dealer,Manual,0,2393,13.7,Jaipur,Blue,12
3972,Renault Kwid,2023,5.53,3.16,50594,Petrol,Dealer,Manual,0,1497,13.1,Kolkata,White,3
3973,Skoda Slavia,2013,16.04,1.93,109687,Petrol,Individual,Automatic,2,1498,17.2,Gurugram,Brown,13
3974,Mahindra Scorpio,2025,17.66,15.53,14525,Diesel,Dealer,Manual,0,2755,18.1,Bengaluru,Red,1
3975,Tata Harrier,2019,19.18,3.85,56808,Diesel,Dealer,Manual,2,1956,16.6,Bengaluru,Black,7
3976,Hyundai Alcazar,2022,19.38,10.5,21016,Diesel,Individual,Automatic,1,2393,12.8,Hyderabad,Black,4
3977,Maruti Baleno,2013,9.7,1.16,90875,Petrol,Individual,Manual,0,2755,18.9,Noida,Red,13
3978,Kia Seltos,2018,19.41,2.92,74195,Diesel,Dealer,Manual,0,1197,24.6,Chennai,Grey,8
3979,MG Hector,2024,22.32,17.35,34293,Petrol,Individual,Automatic,0,998,17.0,Lucknow,Silver,2
3980,Maruti Dzire,2022,8.79,5.28,38252,Petrol,Dealer,Manual,0,1997,24.7,Amritsar,Black,4
3981,Kia Sonet,2025,11.72,10.31,7290,Petrol,Dealer,Manual,1,1497,13.7,Bengaluru,Silver,1
3982,Mahindra Bolero,2024,9.09,7.35,2500,Diesel,Dealer,Manual,0,1956,15.0,Jaipur,Red,2
3983,Honda Amaze,2025,8.56,7.42,15337,Petrol,Individual,Manual,0,1997,19.4,Mohali,White,1
3984,Tata Harrier,2018,19.86,2.38,89935,Diesel,Individual,Manual,0,2393,25.0,Lucknow,Black,8
3985,Tata Safari,2023,24.9,13.6,70217,Diesel,Individual,Automatic,0,1997,13.7,Chennai,Blue,3
3986,Toyota Innova Crysta,2023,22.37,14.87,24690,Diesel,Individual,Manual,0,2755,15.5,Delhi,Brown,3
3987,Toyota Fortuner,2018,38.26,4.59,77038,Diesel,Dealer,Automatic,1,998,16.0,Delhi,Blue,8
3988,Maruti Dzire,2015,9.82,1.18,127449,Petrol,Dealer,Manual,0,1497,24.8,Jaipur,Black,11
3989,Tata Nexon,2012,11.78,1.41,118357,Petrol,Individual,Manual,1,2755,24.4,Ludhiana,Grey,14
3990,Maruti Swift,2020,7.39,2.52,52945,Petrol,Dealer,Manual,2,1199,22.6,Delhi,Silver,6
3991,Skoda Rapid,2018,9.35,2.15,47368,Diesel,Individual,Manual,0,1597,20.7,Lucknow,Black,8
3992,Tata Nexon,2022,12.28,7.42,36132,Petrol,Dealer,Manual,0,1956,13.2,Jaipur,Black,4
3993,Hyundai Grand i10,2018,7.27,1.24,103691,Petrol,Dealer,Manual,0,1497,13.8,Noida,Blue,8
3994,Hyundai Grand i10,2015,6.3,0.76,92587,Petrol,Individual,Manual,0,1498,24.5,Noida,Brown,11
3995,MG Hector,2019,19.68,4.71,74299,Petrol,Dealer,Automatic,0,1956,15.9,Mohali,Red,7
3996,Hyundai Verna,2020,15.89,8.13,19861,Petrol,Dealer,Manual,0,799,19.9,Pune,Blue,6
3997,Tata Nexon,2021,10.65,4.75,35225,Petrol,Dealer,Manual,2,1197,14.3,Gurugram,Blue,5
3998,Maruti Dzire,2022,8.05,3.51,63096,Petrol,Dealer,Manual,0,2393,16.0,Gurugram,Silver,4
3999,Maruti Alto,2024,4.42,3.67,12619,Petrol,Dealer,Manual,0,2179,19.8,Delhi,Blue,2
4000,Toyota Fortuner,2022,40.27,17.18,68111,Diesel,Dealer,Automatic,0,2179,14.8,Ludhiana,Black,4
4001,Ford EcoSport,2014,8.62,1.03,114035,Diesel,Individual,Manual,0,799,21.2,Amritsar,Brown,12
4002,Renault Kiger,2024,8.6,5.39,47570,Petrol,Dealer,Manual,1,799,25.3,Gurugram,Brown,2
4003,Maruti Baleno,2015,8.86,1.06,96531,Petrol,Individual,Manual,0,2393,24.7,Jaipur,Red,11
4004,Maruti Baleno,2016,9.23,1.11,93205,Petrol,Dealer,Manual,1,2755,13.0,Delhi,Brown,10
4005,Maruti Brezza,2016,12.38,1.49,40757,Petrol,Individual,Manual,3,2755,21.1,Lucknow,Blue,10
4006,Nissan Magnite,2023,9.3,6.8,29152,Petrol,Individual,Manual,0,1597,16.5,Noida,Red,3
4007,Tata Nexon,2023,12.61,8.83,11930,Petrol,Individual,Manual,2,1199,13.0,Gurugram,Red,3
4008,Toyota Innova Crysta,2019,24.7,8.39,28674,Diesel,Individual,Manual,2,998,12.3,Noida,Silver,7
4009,Tata Safari,2022,25.96,15.34,27414,Diesel,Dealer,Automatic,0,1197,16.4,Bengaluru,Brown,4
4010,Hyundai Alcazar,2012,20.23,2.43,137268,Diesel,Individual,Automatic,0,998,16.6,Chennai,Grey,14
4011,Kia Sonet,2014,13.53,1.62,95692,Petrol,Individual,Manual,2,1498,20.5,Lucknow,Grey,12
4012,Tata Punch,2024,9.82,7.16,16934,Petrol,Individual,Manual,2,1997,22.2,Amritsar,Red,2
4013,Maruti Ertiga,2020,12.68,6.0,28142,Petrol,Individual,Manual,0,1497,16.5,Hyderabad,Silver,6
4014,Maruti Alto,2021,3.98,1.96,31490,Petrol,Dealer,Manual,2,1199,18.3,Lucknow,Grey,5
4015,Maruti Brezza,2023,13.58,9.99,2500,Petrol,Dealer,Manual,0,1597,23.4,Pune,White,3
4016,MG Hector,2012,22.56,2.71,99778,Petrol,Individual,Automatic,1,1498,16.8,Amritsar,Black,14
4017,Hyundai Creta,2021,16.85,6.95,54098,Diesel,Dealer,Manual,1,1199,21.8,Jaipur,White,5
4018,Tata Tiago,2025,7.79,6.69,2500,Petrol,Individual,Manual,2,2393,21.5,Chandigarh,Red,1
4019,Nissan Magnite,2022,8.2,4.83,42197,Petrol,Dealer,Manual,0,1197,16.7,Kolkata,Silver,4
4020,Hyundai Alcazar,2025,22.14,18.22,10236,Diesel,Individual,Automatic,2,799,17.2,Lucknow,Black,1
4021,Maruti Fronx,2013,9.23,1.11,80825,Petrol,Individual,Manual,0,2755,18.8,Mumbai,Silver,13
4022,Nissan Magnite,2015,8.33,1.0,79278,Petrol,Individual,Manual,0,1997,15.7,Gurugram,Brown,11
4023,Maruti Wagon R,2024,6.26,4.71,24434,Petrol,Individual,Manual,1,2755,12.1,Delhi,Blue,2
4024,Volkswagen Virtus,2013,17.29,2.07,109860,Petrol,Dealer,Automatic,0,1197,24.5,Chennai,Grey,13
4025,Toyota Fortuner,2025,42.15,37.92,3896,Diesel,Dealer,Automatic,0,799,13.9,Delhi,Black,1
4026,Honda Elevate,2025,14.27,12.84,21123,Petrol,Dealer,Manual,0,2393,17.4,Kolkata,Blue,1
4027,Maruti Alto,2019,4.17,0.98,42400,Petrol,Dealer,Manual,1,1497,22.5,Kolkata,Red,7
4028,Jeep Compass,2012,26.46,3.18,112482,Diesel,Individual,Automatic,1,1197,15.3,Chandigarh,Silver,14
4029,Tata Punch,2016,9.17,1.1,98709,Petrol,Individual,Manual,0,1497,20.2,Mumbai,Grey,10
4030,Honda Elevate,2023,17.61,11.21,40684,Petrol,Dealer,Manual,1,1956,20.8,Lucknow,Grey,3
4031,Honda Amaze,2023,9.69,5.82,62124,Petrol,Individual,Manual,0,1199,24.4,Ludhiana,Brown,3
4032,Hyundai Verna,2023,13.62,9.4,33819,Petrol,Dealer,Manual,0,2179,25.3,Bengaluru,White,3
4033,Maruti Wagon R,2020,6.53,2.1,64704,Petrol,Dealer,Manual,2,1997,12.5,Pune,Blue,6
4034,Maruti Wagon R,2024,5.9,4.25,6729,Petrol,Dealer,Manual,1,1197,19.6,Bengaluru,Black,2
4035,Skoda Rapid,2015,10.53,1.26,91432,Diesel,Dealer,Manual,0,2393,25.1,Gurugram,Silver,11
4036,Jeep Compass,2024,25.72,17.81,31385,Diesel,Dealer,Automatic,0,1199,13.6,Jaipur,White,2
4037,Maruti Swift,2015,7.26,0.87,105292,Petrol,Individual,Manual,1,1497,24.8,Lucknow,Silver,11
4038,Hyundai Verna,2013,14.17,1.7,90267,Petrol,Dealer,Manual,0,799,12.8,Gurugram,Black,13
4039,MG Hector,2013,22.94,2.75,78406,Petrol,Dealer,Automatic,0,1956,13.6,Delhi,Silver,13
4040,Tata Punch,2013,9.08,1.09,97521,Petrol,Dealer,Manual,1,1997,18.8,Jaipur,Brown,13
4041,Maruti Brezza,2018,11.71,1.41,56675,Petrol,Individual,Manual,1,1956,20.3,Gurugram,Blue,8
4042,Toyota Fortuner,2014,35.69,4.28,81980,Diesel,Individual,Automatic,1,799,15.2,Amritsar,Blue,12
4043,Skoda Rapid,2020,9.84,3.09,68828,Diesel,Dealer,Manual,0,799,22.5,Mohali,Grey,6
4044,Maruti Dzire,2012,8.91,1.07,118699,Petrol,Dealer,Manual,1,2179,21.2,Kolkata,Brown,14
4045,Honda Amaze,2025,9.72,8.67,2500,Petrol,Individual,Manual,2,2393,13.0,Bengaluru,Red,1
4046,Nissan Magnite,2017,8.73,1.05,89584,Petrol,Individual,Manual,0,1597,17.6,Jaipur,Brown,9
4047,Tata Altroz,2023,8.41,4.77,33563,Petrol,Dealer,Manual,2,2393,14.6,Pune,Brown,3
4048,Maruti Wagon R,2019,5.45,1.12,70250,Petrol,Individual,Manual,0,1497,21.6,Ludhiana,Red,7
4049,Maruti Dzire,2024,8.95,5.46,60219,Petrol,Individual,Manual,0,1997,18.9,Pune,Silver,2
4050,Honda City,2023,16.36,8.77,66997,Petrol,Dealer,Manual,1,998,14.8,Jaipur,White,3
4051,Tata Nexon,2021,11.67,6.03,29442,Petrol,Dealer,Manual,0,998,22.7,Kolkata,White,5
4052,Nissan Magnite,2024,7.92,5.97,21418,Petrol,Dealer,Manual,1,1199,22.8,Chandigarh,White,2
4053,Mahindra XUV700,2018,25.72,5.31,52457,Diesel,Individual,Automatic,0,2393,18.7,Kolkata,Blue,8
4054,Skoda Slavia,2024,16.6,14.14,2500,Petrol,Individual,Automatic,0,799,18.9,Chennai,Blue,2
4055,Kia Sonet,2015,13.57,1.63,89728,Petrol,Dealer,Manual,0,998,17.7,Lucknow,Brown,11
4056,Volkswagen Virtus,2015,17.33,2.08,104691,Petrol,Individual,Automatic,0,1956,12.7,Bengaluru,White,11
4057,Renault Kwid,2013,5.31,0.64,116833,Petrol,Individual,Manual,0,2179,24.1,Chennai,Black,13
4058,Honda Elevate,2020,17.06,6.36,43935,Petrol,Individual,Manual,0,1997,18.3,Amritsar,White,6
4059,Mahindra Scorpio,2017,21.02,2.57,77148,Diesel,Individual,Manual,0,1597,19.9,Pune,Black,9
4060,Tata Punch,2012,8.48,1.02,121769,Petrol,Dealer,Manual,0,2755,25.3,Gurugram,Brown,14
4061,MG Hector,2015,19.95,2.39,90592,Petrol,Dealer,Automatic,0,799,24.3,Amritsar,Silver,11
4062,Maruti Fronx,2014,11.19,1.34,73274,Petrol,Individual,Manual,0,1497,19.0,Delhi,White,12
4063,Volkswagen Virtus,2018,15.98,2.99,75186,Petrol,Individual,Automatic,0,2179,21.0,Noida,Grey,8
4064,Toyota Glanza,2013,8.07,0.97,129712,Petrol,Dealer,Manual,0,1498,20.8,Pune,Red,13
4065,Tata Altroz,2019,8.36,1.96,96571,Petrol,Individual,Manual,0,799,15.8,Amritsar,Brown,7
4066,Mahindra Bolero,2015,9.82,1.18,83905,Diesel,Individual,Manual,0,1597,22.9,Delhi,White,11
4067,Maruti Fronx,2023,9.03,6.18,26416,Petrol,Dealer,Manual,1,1498,23.6,Mohali,Grey,3
4068,Maruti Alto,2017,3.96,0.55,62436,Petrol,Individual,Manual,0,1956,12.6,Pune,Black,9
4069,Toyota Innova Crysta,2013,24.3,2.92,131236,Diesel,Individual,Manual,1,1956,18.2,Chandigarh,White,13
4070,Tata Tiago,2015,7.02,0.84,92764,Petrol,Dealer,Manual,0,1199,21.0,Mumbai,Brown,11
4071,Volkswagen Virtus,2014,18.92,2.27,83967,Petrol,Dealer,Automatic,1,2755,21.9,Hyderabad,Red,12
4072,Maruti Ertiga,2020,12.52,5.91,48373,Petrol,Dealer,Manual,0,1197,23.3,Noida,Black,6
4073,Hyundai Grand i10,2020,7.31,2.96,35264,Petrol,Dealer,Manual,0,1199,18.8,Delhi,Silver,6
4074,Ford EcoSport,2018,9.23,1.28,67218,Diesel,Individual,Manual,2,1197,12.3,Mohali,Blue,8
4075,Hyundai i20,2012,8.68,1.04,126282,Petrol,Dealer,Manual,0,1498,14.6,Chennai,Brown,14
4076,Kia Seltos,2025,19.28,13.71,40928,Diesel,Dealer,Manual,3,1498,25.2,Hyderabad,Grey,1
4077,Skoda Rapid,2014,8.9,1.07,100526,Diesel,Individual,Manual,1,2179,25.1,Kolkata,White,12
4078,Honda Elevate,2014,17.73,2.13,105883,Petrol,Dealer,Manual,0,1498,24.1,Ludhiana,Black,12
4079,Renault Kwid,2021,5.32,3.33,18883,Petrol,Dealer,Manual,0,1597,22.2,Chennai,Grey,5
4080,Mahindra Thar,2025,18.38,14.92,4763,Diesel,Dealer,Manual,0,1597,16.6,Mumbai,Red,1
4081,Mahindra Scorpio,2017,22.4,2.69,90906,Diesel,Individual,Manual,0,2393,13.8,Lucknow,Silver,9
4082,Hyundai Verna,2024,14.14,8.66,62695,Petrol,Individual,Manual,0,1597,19.0,Delhi,Black,2
4083,Volkswagen Virtus,2018,18.92,2.36,49463,Petrol,Dealer,Automatic,1,799,17.7,Lucknow,Grey,8
4084,Maruti Fronx,2014,9.43,1.13,102226,Petrol,Individual,Manual,1,1956,24.8,Jaipur,White,12
4085,Hyundai Verna,2017,13.88,1.67,64777,Petrol,Dealer,Manual,1,998,19.3,Mohali,Brown,9
4086,Tata Tiago,2017,6.87,0.82,46824,Petrol,Individual,Manual,1,1199,20.6,Lucknow,Black,9
4087,Maruti Alto,2016,3.87,0.55,36270,Petrol,Dealer,Manual,0,1199,17.2,Mumbai,Blue,10
4088,Maruti Ertiga,2018,11.1,2.6,53522,Petrol,Individual,Manual,0,2393,21.8,Bengaluru,Red,8
4089,Volkswagen Virtus,2013,16.58,1.99,141663,Petrol,Dealer,Automatic,0,1199,16.1,Mumbai,Silver,13
4090,Toyota Fortuner,2023,36.74,24.38,21692,Diesel,Dealer,Automatic,1,1956,15.3,Kolkata,Grey,3
4091,Kia Seltos,2017,19.28,2.31,75227,Diesel,Dealer,Manual,2,1497,22.5,Lucknow,Black,9
4092,Tata Harrier,2014,19.87,2.38,91364,Diesel,Individual,Manual,0,998,13.7,Chennai,White,12
4093,Maruti Dzire,2012,8.3,1.0,137286,Petrol,Dealer,Manual,1,1199,12.7,Bengaluru,Grey,14
4094,Hyundai Venue,2024,11.95,8.19,22599,Petrol,Individual,Manual,2,1497,14.2,Lucknow,White,2
4095,Tata Punch,2014,8.21,0.98,67976,Petrol,Dealer,Manual,0,799,16.0,Delhi,Silver,12
4096,Volkswagen Polo,2015,7.61,0.91,71848,Petrol,Dealer,Manual,0,2179,18.8,Mohali,Red,11
4097,Honda Elevate,2020,17.35,5.99,57093,Petrol,Dealer,Manual,0,2179,21.4,Kolkata,Red,6
4098,Mahindra Bolero,2021,9.45,5.41,11597,Diesel,Dealer,Manual,0,2393,15.1,Bengaluru,Blue,5
4099,Maruti Wagon R,2025,5.62,5.14,17970,Petrol,Individual,Manual,0,2755,19.0,Delhi,Blue,1
4100,Tata Tiago,2021,7.04,2.14,57749,Petrol,Individual,Manual,1,1197,20.0,Pune,Silver,5
4101,Kia Seltos,2018,17.55,2.11,97205,Diesel,Individual,Manual,1,1597,24.9,Lucknow,Silver,8
4102,Volkswagen Virtus,2018,16.48,2.67,67942,Petrol,Individual,Automatic,0,1997,12.8,Ludhiana,Blue,8
4103,Honda City,2013,13.39,1.61,103569,Petrol,Dealer,Manual,0,2393,18.1,Chennai,Silver,13
4104,Maruti Ciaz,2021,11.74,4.38,56841,Petrol,Dealer,Manual,2,1199,22.6,Kolkata,Silver,5
4105,Hyundai Verna,2023,15.81,10.58,9688,Petrol,Dealer,Manual,2,2179,15.5,Noida,White,3
4106,Renault Kiger,2022,8.53,4.21,51550,Petrol,Dealer,Manual,0,1197,22.9,Ludhiana,Black,4
4107,Skoda Rapid,2019,10.43,3.48,51032,Diesel,Dealer,Manual,0,2179,21.2,Chennai,Blue,7
4108,Toyota Glanza,2021,8.82,4.0,39955,Petrol,Dealer,Manual,2,799,12.9,Chennai,Black,5
4109,Toyota Glanza,2020,8.87,2.0,101529,Petrol,Dealer,Manual,2,1997,22.3,Bengaluru,Silver,6
4110,Maruti Brezza,2019,13.35,4.98,36465,Petrol,Dealer,Manual,0,2179,20.5,Chandigarh,Blue,7
4111,Maruti Fronx,2018,11.15,3.39,37235,Petrol,Individual,Manual,0,1197,24.8,Hyderabad,Grey,8
4112,Toyota Innova Crysta,2019,26.09,8.83,48314,Diesel,Dealer,Manual,0,998,20.1,Chandigarh,Brown,7
4113,Maruti Swift,2017,7.82,0.94,70744,Petrol,Dealer,Manual,2,1497,16.3,Jaipur,Brown,9
4114,Tata Tiago,2023,7.83,5.32,33815,Petrol,Individual,Manual,0,1497,12.7,Noida,White,3
4115,Tata Safari,2019,22.91,4.8,80823,Diesel,Dealer,Automatic,0,998,21.4,Lucknow,Black,7
4116,Maruti Brezza,2015,11.21,1.35,86915,Petrol,Individual,Manual,2,1997,25.3,Bengaluru,Black,11
4117,Maruti Swift,2013,7.22,0.87,98959,Petrol,Individual,Manual,1,2179,19.5,Chandigarh,Black,13
4118,Mahindra Scorpio,2014,19.63,2.36,65669,Diesel,Dealer,Manual,0,998,21.7,Delhi,Grey,12
4119,Mahindra XUV700,2022,26.36,16.26,39605,Diesel,Individual,Automatic,0,799,16.4,Kolkata,Grey,4
4120,MG Hector,2022,20.34,8.5,43586,Petrol,Dealer,Automatic,1,1597,23.6,Bengaluru,Blue,4
4121,Mahindra Thar,2018,18.3,2.37,88117,Diesel,Individual,Manual,0,2393,22.2,Bengaluru,Silver,8
4122,Kia Sonet,2012,13.73,1.65,75408,Petrol,Individual,Manual,1,2755,22.5,Mumbai,Brown,14
4123,Hyundai Creta,2021,15.4,6.18,54405,Diesel,Individual,Manual,1,1597,13.5,Hyderabad,White,5
4124,MG Hector,2014,20.68,2.48,99787,Petrol,Dealer,Automatic,1,2393,15.2,Amritsar,White,12
4125,Ford EcoSport,2019,10.28,2.71,45796,Diesel,Dealer,Manual,2,1197,23.4,Ludhiana,Blue,7
4126,Tata Tiago,2013,6.58,0.79,156277,Petrol,Individual,Manual,0,2393,19.9,Jaipur,Black,13
4127,Toyota Fortuner,2016,36.21,4.35,129007,Diesel,Dealer,Automatic,0,1498,18.3,Amritsar,Brown,10
4128,Tata Tiago,2022,7.52,4.51,33220,Petrol,Individual,Manual,0,998,24.6,Bengaluru,Blue,4
4129,Maruti Baleno,2012,8.94,1.07,118378,Petrol,Dealer,Manual,2,998,19.7,Mumbai,Black,14
4130,Kia Seltos,2012,19.13,2.3,114290,Diesel,Dealer,Manual,0,998,15.2,Bengaluru,Grey,14
4131,Renault Kiger,2019,9.96,1.71,63866,Petrol,Individual,Manual,2,799,17.9,Pune,Blue,7
4132,Volkswagen Virtus,2018,15.47,1.86,53600,Petrol,Individual,Automatic,1,1956,24.1,Chandigarh,Blue,8
4133,Mahindra Thar,2020,17.43,7.73,6832,Diesel,Individual,Manual,1,1597,22.2,Pune,Blue,6
4134,MG Hector,2016,20.38,2.45,78466,Petrol,Individual,Automatic,1,998,14.8,Noida,Blue,10
4135,Hyundai Alcazar,2019,21.44,2.97,89536,Diesel,Dealer,Automatic,0,2179,14.6,Delhi,White,7
4136,Hyundai Creta,2024,15.97,12.68,2500,Diesel,Individual,Manual,1,1197,16.2,Mumbai,Black,2
4137,Tata Harrier,2015,22.12,2.65,125541,Diesel,Dealer,Manual,0,2393,15.6,Chandigarh,Black,11
4138,Maruti Brezza,2019,12.36,2.44,78552,Petrol,Individual,Manual,0,1197,15.4,Chennai,Blue,7
4139,Toyota Glanza,2016,9.62,1.15,82511,Petrol,Individual,Manual,0,1956,19.9,Amritsar,Brown,10
4140,Toyota Glanza,2016,9.75,1.17,131193,Petrol,Dealer,Manual,0,799,15.2,Amritsar,Blue,10
4141,Hyundai Alcazar,2021,21.5,6.99,62604,Diesel,Dealer,Automatic,1,2393,14.5,Hyderabad,Silver,5
4142,Renault Kwid,2020,4.42,2.39,5400,Petrol,Dealer,Manual,0,1197,14.7,Bengaluru,White,6
4143,Maruti Baleno,2025,8.96,7.67,14675,Petrol,Dealer,Manual,0,1997,21.8,Jaipur,Blue,1
4144,Honda Amaze,2014,8.68,1.04,86667,Petrol,Individual,Manual,0,1597,24.3,Gurugram,Silver,12
4145,Tata Altroz,2017,7.96,0.96,69324,Petrol,Dealer,Manual,1,1497,25.4,Gurugram,White,9
4146,Renault Kiger,2019,9.98,1.89,63111,Petrol,Individual,Manual,3,1597,21.5,Jaipur,Grey,7
4147,Tata Safari,2015,24.56,2.95,68767,Diesel,Individual,Automatic,0,2755,23.3,Gurugram,Blue,11
4148,Ford EcoSport,2025,8.73,8.15,14202,Diesel,Individual,Manual,0,2393,19.1,Mumbai,Black,1
4149,Toyota Innova Crysta,2018,23.99,7.29,27665,Diesel,Individual,Manual,2,1199,22.8,Delhi,Silver,8
4150,Maruti Fronx,2013,9.49,1.14,104549,Petrol,Dealer,Manual,3,1597,16.6,Hyderabad,Black,13
4151,Honda City,2015,13.81,1.66,81964,Petrol,Individual,Manual,0,1497,16.6,Bengaluru,Grey,11
4152,Tata Nexon,2023,10.94,6.25,22581,Petrol,Dealer,Manual,2,1199,22.2,Chandigarh,Black,3
4153,Volkswagen Polo,2013,8.11,0.97,85872,Petrol,Dealer,Manual,1,2179,13.4,Ludhiana,Silver,13
4154,Maruti Brezza,2025,12.62,11.13,7312,Petrol,Dealer,Manual,0,2393,12.1,Pune,Blue,1
4155,Tata Tiago,2014,6.38,0.77,99518,Petrol,Dealer,Manual,0,1597,20.4,Pune,White,12
4156,Renault Kwid,2015,4.6,0.55,98971,Petrol,Dealer,Manual,0,1199,13.2,Pune,Red,11
4157,Hyundai Creta,2019,15.57,7.0,9719,Diesel,Dealer,Manual,0,1956,18.6,Noida,Silver,7
4158,Tata Altroz,2022,9.0,5.61,2684,Petrol,Individual,Manual,1,2179,23.0,Ludhiana,Black,4
4159,Maruti Fronx,2014,9.68,1.16,104713,Petrol,Individual,Manual,1,998,20.9,Amritsar,Red,12
4160,Hyundai Alcazar,2015,20.39,2.45,95010,Diesel,Dealer,Automatic,2,998,24.7,Gurugram,Silver,11
4161,Toyota Fortuner,2020,40.79,16.36,24177,Diesel,Dealer,Automatic,0,2755,14.0,Bengaluru,Silver,6
4162,Tata Punch,2014,8.69,1.04,106706,Petrol,Individual,Manual,2,1997,17.2,Amritsar,Blue,12
4163,Skoda Slavia,2022,18.56,10.75,35681,Petrol,Individual,Automatic,0,1498,15.9,Pune,Red,4
4164,Nissan Magnite,2012,8.58,1.03,104591,Petrol,Dealer,Manual,0,2179,15.7,Hyderabad,Red,14
4165,Volkswagen Virtus,2025,14.77,12.83,7482,Petrol,Dealer,Automatic,0,2393,21.7,Delhi,Blue,1
4166,Hyundai Alcazar,2021,21.16,8.74,58415,Diesel,Dealer,Automatic,0,1597,24.8,Jaipur,White,5
4167,Hyundai Grand i10,2022,7.68,3.65,50481,Petrol,Individual,Manual,1,1597,15.6,Hyderabad,Red,4
4168,Kia Sonet,2020,12.7,4.83,49992,Petrol,Individual,Manual,0,799,20.1,Kolkata,Silver,6
4169,Toyota Glanza,2024,9.52,6.89,8466,Petrol,Dealer,Manual,2,2393,18.2,Hyderabad,Brown,2
4170,Honda Amaze,2014,8.57,1.03,92863,Petrol,Individual,Manual,0,1597,19.9,Mumbai,Blue,12
4171,MG Hector,2022,19.93,7.87,87166,Petrol,Individual,Automatic,1,1956,17.9,Delhi,Red,4
4172,Maruti Alto,2014,3.86,0.55,149371,Petrol,Dealer,Manual,2,2179,17.9,Gurugram,Blue,12
4173,Toyota Glanza,2016,9.08,1.14,31253,Petrol,Individual,Manual,0,2179,17.1,Noida,Brown,10
4174,Toyota Fortuner,2025,43.28,36.37,8524,Diesel,Dealer,Automatic,2,1956,17.5,Delhi,Black,1
4175,Hyundai Grand i10,2017,6.58,0.79,60364,Petrol,Dealer,Manual,1,1498,16.7,Pune,Silver,9
4176,Skoda Rapid,2025,10.5,8.81,5803,Diesel,Dealer,Manual,1,998,16.4,Chennai,Blue,1
4177,Renault Kiger,2016,10.07,1.21,55067,Petrol,Individual,Manual,0,2179,21.1,Gurugram,Black,10
4178,Renault Kwid,2013,4.49,0.55,117174,Petrol,Individual,Manual,1,2393,24.8,Chennai,Brown,13
4179,Maruti Wagon R,2024,5.61,4.49,2500,Petrol,Individual,Manual,1,1597,17.0,Jaipur,Black,2
4180,Maruti Alto,2022,4.05,2.23,37919,Petrol,Dealer,Manual,0,1497,12.2,Gurugram,Brown,4
4181,Toyota Innova Crysta,2018,24.56,2.95,62981,Diesel,Dealer,Manual,0,2755,25.1,Delhi,Red,8
4182,Tata Punch,2012,8.14,0.98,84173,Petrol,Dealer,Manual,1,1597,22.7,Chennai,Black,14
4183,Hyundai Creta,2016,18.44,2.21,86131,Diesel,Individual,Manual,1,799,24.3,Gurugram,Grey,10
4184,Honda Amaze,2024,9.48,7.96,11656,Petrol,Dealer,Manual,0,2755,24.7,Delhi,Silver,2
4185,Maruti Alto,2014,4.07,0.55,97122,Petrol,Dealer,Manual,3,1498,23.2,Hyderabad,Grey,12
4186,Hyundai Grand i10,2018,7.4,0.89,86249,Petrol,Dealer,Manual,1,2179,19.3,Hyderabad,Red,8
4187,Ford EcoSport,2022,8.6,5.2,27571,Diesel,Individual,Manual,0,1956,23.2,Hyderabad,Red,4
4188,Kia Sonet,2016,13.7,1.64,99246,Petrol,Dealer,Manual,1,1197,12.2,Chennai,Black,10
4189,Tata Punch,2013,10.07,1.21,131359,Petrol,Dealer,Manual,1,1956,24.9,Ludhiana,Red,13
4190,Honda City,2012,16.44,1.97,118114,Petrol,Individual,Manual,0,998,13.4,Jaipur,White,14
4191,Tata Altroz,2019,8.91,2.06,65875,Petrol,Dealer,Manual,0,2755,12.6,Gurugram,Brown,7
4192,Honda Amaze,2015,8.69,1.04,128239,Petrol,Dealer,Manual,0,998,21.2,Mohali,Grey,11
4193,Mahindra Bolero,2012,11.08,1.33,138084,Diesel,Dealer,Manual,1,2393,15.9,Mohali,Grey,14
4194,Honda Amaze,2025,8.13,7.1,11817,Petrol,Individual,Manual,0,1497,20.4,Pune,Grey,1
4195,Tata Nexon,2021,12.84,3.78,85823,Petrol,Dealer,Manual,1,1956,14.1,Noida,Black,5
4196,Honda Amaze,2020,8.0,3.85,2500,Petrol,Dealer,Manual,2,1199,17.3,Pune,Red,6
4197,Maruti Swift,2014,8.43,1.01,102442,Petrol,Individual,Manual,0,2755,24.1,Hyderabad,Silver,12
4198,Mahindra Thar,2016,15.47,1.86,119342,Diesel,Individual,Manual,0,1497,18.4,Jaipur,Brown,10
4199,Skoda Slavia,2021,15.43,8.39,22823,Petrol,Individual,Automatic,0,1497,15.6,Kolkata,Brown,5
4200,Toyota Innova Crysta,2017,22.19,4.21,41165,Diesel,Dealer,Manual,0,998,18.4,Ludhiana,Brown,9
4201,Hyundai Creta,2015,17.03,2.04,87938,Diesel,Dealer,Manual,0,2755,12.6,Pune,Black,11
4202,Mahindra Scorpio,2022,19.31,10.88,48052,Diesel,Dealer,Manual,1,1956,25.5,Mumbai,White,4
4203,Toyota Innova Crysta,2017,22.96,2.76,72367,Diesel,Individual,Manual,1,1997,17.8,Ludhiana,Red,9
4204,Honda Elevate,2016,15.57,1.87,88177,Petrol,Individual,Manual,0,998,14.1,Chennai,Silver,10
4205,Honda City,2021,16.52,6.28,61665,Petrol,Individual,Manual,0,1199,12.5,Gurugram,Brown,5
4206,Maruti Brezza,2018,12.11,1.71,71499,Petrol,Individual,Manual,0,1197,22.6,Delhi,Blue,8
4207,Honda Elevate,2024,16.03,13.05,3283,Petrol,Individual,Manual,0,1597,22.6,Noida,Grey,2
4208,Honda City,2024,16.59,8.44,76384,Petrol,Dealer,Manual,3,1498,15.5,Delhi,Black,2
4209,Hyundai Creta,2018,17.31,2.1,75110,Diesel,Dealer,Manual,1,1197,14.7,Delhi,Grey,8
4210,Hyundai Venue,2015,13.31,1.6,104962,Petrol,Individual,Manual,1,1497,22.5,Gurugram,Grey,11
4211,Renault Kwid,2025,5.2,4.58,20195,Petrol,Dealer,Manual,0,1199,21.4,Delhi,Silver,1
4212,Mahindra Scorpio,2024,19.96,12.15,35381,Diesel,Individual,Manual,3,2179,15.2,Mohali,Red,2
4213,Toyota Glanza,2016,8.15,0.98,112267,Petrol,Dealer,Manual,1,1597,19.6,Ludhiana,Silver,10
4214,Mahindra XUV700,2019,25.22,7.51,28715,Diesel,Individual,Automatic,1,1199,20.9,Chennai,White,7
4215,Kia Seltos,2013,19.28,2.31,86712,Diesel,Individual,Manual,1,1199,18.3,Jaipur,White,13
4216,Tata Nexon,2015,12.68,1.52,97923,Petrol,Individual,Manual,0,1497,24.7,Amritsar,White,11
4217,MG Hector,2024,22.19,18.38,2500,Petrol,Individual,Automatic,0,1997,25.2,Mohali,Red,2
4218,Maruti Ertiga,2024,10.94,7.26,43915,Petrol,Dealer,Manual,0,1498,16.0,Chandigarh,Brown,2
4219,Maruti Alto,2024,4.14,3.11,13395,Petrol,Dealer,Manual,0,1997,22.5,Chandigarh,Brown,2
4220,Tata Punch,2013,10.04,1.2,117732,Petrol,Individual,Manual,0,1956,19.5,Delhi,Silver,13
4221,Maruti Wagon R,2025,6.47,5.51,2500,Petrol,Dealer,Manual,0,998,16.6,Chandigarh,Black,1
4222,Honda Elevate,2020,14.79,4.52,54930,Petrol,Dealer,Manual,1,2179,21.4,Noida,Silver,6
4223,Kia Seltos,2014,17.51,2.1,120813,Diesel,Dealer,Manual,3,2179,25.4,Chennai,Silver,12
4224,Hyundai Alcazar,2016,21.04,2.52,90889,Diesel,Individual,Automatic,0,1498,14.5,Kolkata,Black,10
4225,Volkswagen Virtus,2025,15.61,12.44,22512,Petrol,Individual,Automatic,0,1597,21.7,Lucknow,White,1
4226,Honda City,2020,13.52,4.38,56990,Petrol,Individual,Manual,0,1997,17.0,Kolkata,Brown,6
4227,Mahindra XUV700,2017,25.2,3.02,58868,Diesel,Individual,Automatic,0,2179,19.9,Lucknow,Red,9
4228,Mahindra Scorpio,2019,20.38,6.41,55866,Diesel,Individual,Manual,0,1497,23.3,Noida,Grey,7
4229,Maruti Swift,2013,8.31,1.0,100103,Petrol,Dealer,Manual,1,1497,18.2,Delhi,Red,13
4230,Toyota Innova Crysta,2016,25.92,3.11,97029,Diesel,Dealer,Manual,0,1997,14.2,Pune,Blue,10
4231,Maruti Swift,2020,7.86,2.6,47592,Petrol,Dealer,Manual,0,2755,15.5,Lucknow,Brown,6
4232,Renault Kiger,2017,8.45,1.01,72584,Petrol,Dealer,Manual,1,1597,12.2,Amritsar,White,9
4233,Tata Punch,2021,7.95,2.87,36461,Petrol,Dealer,Manual,1,1956,19.3,Chennai,Black,5
4234,Kia Seltos,2020,16.75,5.86,57367,Diesel,Dealer,Manual,0,1956,24.0,Noida,Grey,6
4235,Hyundai Creta,2022,17.53,9.97,39478,Diesel,Individual,Manual,1,1498,24.7,Jaipur,Blue,4
4236,Honda Amaze,2014,8.9,1.07,65215,Petrol,Individual,Manual,0,2179,16.4,Mohali,Blue,12
4237,Ford EcoSport,2015,9.0,1.08,121395,Diesel,Dealer,Manual,2,2179,17.2,Jaipur,White,11
4238,Toyota Glanza,2017,8.91,1.3,46813,Petrol,Dealer,Manual,0,1497,17.6,Chennai,Brown,9
4239,MG Hector,2012,22.96,2.76,95584,Petrol,Individual,Automatic,0,998,20.6,Chandigarh,Brown,14
4240,Maruti Ertiga,2017,12.64,1.52,124086,Petrol,Individual,Manual,0,1498,22.0,Pune,Grey,9
4241,Renault Kwid,2019,5.14,0.97,98675,Petrol,Dealer,Manual,1,799,14.4,Delhi,Red,7
4242,Mahindra Thar,2017,16.64,2.93,43842,Diesel,Dealer,Manual,0,1197,23.5,Lucknow,White,9
4243,Maruti Wagon R,2013,5.99,0.72,101944,Petrol,Individual,Manual,1,998,25.3,Jaipur,White,13
4244,Renault Kwid,2016,4.82,0.58,48487,Petrol,Dealer,Manual,0,1997,13.6,Bengaluru,Blue,10
4245,Jeep Compass,2020,23.97,7.13,69424,Diesel,Dealer,Automatic,1,799,16.1,Chennai,Brown,6
4246,Tata Altroz,2023,9.67,6.82,11770,Petrol,Dealer,Manual,0,1597,14.5,Gurugram,Grey,3
4247,Mahindra XUV700,2016,24.77,2.97,77976,Diesel,Individual,Automatic,1,1498,18.4,Chennai,Brown,10
4248,Ford EcoSport,2017,9.06,1.09,40618,Diesel,Dealer,Manual,3,1498,21.4,Lucknow,Red,9
4249,Honda Amaze,2017,8.39,1.53,43072,Petrol,Individual,Manual,2,998,17.4,Ludhiana,Red,9
4250,Renault Kwid,2014,5.02,0.6,92894,Petrol,Individual,Manual,0,1498,18.7,Delhi,White,12
4251,Tata Safari,2012,22.31,2.68,127347,Diesel,Dealer,Automatic,2,1197,22.7,Chandigarh,Black,14
4252,Renault Kwid,2025,4.56,3.33,29177,Petrol,Dealer,Manual,2,1197,21.9,Bengaluru,Black,1
4253,Maruti Fronx,2022,9.38,4.99,41653,Petrol,Dealer,Manual,0,1197,14.4,Kolkata,Grey,4
4254,Volkswagen Polo,2018,7.11,0.86,77721,Petrol,Dealer,Manual,1,1497,12.1,Lucknow,Blue,8
4255,Renault Kiger,2013,9.79,1.17,90602,Petrol,Dealer,Manual,1,2755,17.5,Ludhiana,Red,13
4256,Tata Harrier,2019,18.17,8.73,14263,Diesel,Individual,Manual,0,998,12.3,Mohali,White,7
4257,Maruti Wagon R,2023,5.54,4.06,2500,Petrol,Dealer,Manual,1,1497,15.9,Hyderabad,Brown,3
4258,Skoda Slavia,2021,16.01,7.54,67865,Petrol,Dealer,Automatic,0,2179,12.1,Mumbai,Blue,5
4259,Mahindra Scorpio,2024,18.98,15.64,2500,Diesel,Dealer,Manual,0,998,23.5,Ludhiana,Grey,2
4260,Kia Seltos,2019,19.22,3.69,43968,Diesel,Dealer,Manual,2,2179,20.8,Mumbai,Grey,7
4261,Toyota Fortuner,2024,42.33,26.68,40219,Diesel,Individual,Automatic,1,1199,13.2,Hyderabad,Silver,2
4262,MG Hector,2023,21.05,14.57,31186,Petrol,Dealer,Automatic,0,2179,16.4,Amritsar,Blue,3
4263,Maruti Swift,2016,7.45,0.89,84754,Petrol,Individual,Manual,2,1197,12.8,Noida,Red,10
4264,Maruti Fronx,2015,10.29,1.23,89171,Petrol,Dealer,Manual,0,1997,16.4,Lucknow,Black,11
4265,Hyundai Venue,2019,11.2,4.62,15406,Petrol,Dealer,Manual,0,1956,18.4,Delhi,Red,7
4266,Mahindra XUV700,2019,24.45,9.25,25758,Diesel,Individual,Automatic,0,2393,19.5,Delhi,Red,7
4267,Volkswagen Polo,2016,8.9,1.07,88294,Petrol,Individual,Manual,1,1997,22.8,Delhi,Red,10
4268,Honda Amaze,2023,9.49,6.82,15505,Petrol,Dealer,Manual,0,2755,20.2,Bengaluru,Grey,3
4269,Hyundai Creta,2012,18.07,2.17,115571,Diesel,Dealer,Manual,2,1197,17.2,Mohali,Grey,14
4270,Mahindra Bolero,2015,9.87,1.18,141244,Diesel,Dealer,Manual,1,2393,16.5,Delhi,Red,11
4271,Maruti Baleno,2021,9.65,4.75,29142,Petrol,Dealer,Manual,1,2755,13.4,Hyderabad,Brown,5
4272,Mahindra Thar,2019,16.17,3.55,64259,Diesel,Dealer,Manual,1,998,23.9,Ludhiana,Black,7
4273,Honda Elevate,2019,15.73,5.18,45532,Petrol,Individual,Manual,0,2393,21.6,Gurugram,White,7
4274,Honda Elevate,2019,17.32,3.86,61906,Petrol,Dealer,Manual,0,2393,18.2,Amritsar,Silver,7
4275,Tata Safari,2022,23.69,16.15,9368,Diesel,Dealer,Automatic,1,1997,14.7,Noida,Brown,4
4276,Honda City,2012,14.88,1.79,118997,Petrol,Dealer,Manual,0,1997,18.2,Hyderabad,Black,14
4277,Mahindra Scorpio,2025,18.54,15.47,33139,Diesel,Dealer,Manual,0,1956,12.4,Mohali,Silver,1
4278,Tata Tiago,2015,7.35,0.88,89462,Petrol,Dealer,Manual,0,1497,19.6,Mumbai,Red,11
4279,Skoda Rapid,2020,11.1,2.53,77159,Diesel,Dealer,Manual,1,1597,21.6,Jaipur,Grey,6
4280,Volkswagen Virtus,2017,16.19,2.57,32086,Petrol,Dealer,Automatic,0,2755,13.8,Kolkata,Silver,9
4281,Skoda Slavia,2018,17.36,2.47,67530,Petrol,Dealer,Automatic,0,1199,23.2,Lucknow,Blue,8
4282,Kia Seltos,2024,18.68,14.49,8583,Diesel,Dealer,Manual,2,1498,14.7,Chandigarh,Silver,2
4283,MG Hector,2018,21.45,2.57,74123,Petrol,Dealer,Automatic,3,998,25.4,Ludhiana,Brown,8
4284,Ford EcoSport,2020,9.11,3.44,57083,Diesel,Dealer,Manual,0,2179,23.2,Gurugram,White,6
4285,Tata Altroz,2024,8.95,7.62,8893,Petrol,Dealer,Manual,0,1997,13.8,Delhi,Brown,2
4286,Tata Harrier,2014,19.4,2.33,109020,Diesel,Dealer,Manual,0,1199,19.6,Mohali,Silver,12
4287,Tata Safari,2021,22.51,10.62,36115,Diesel,Dealer,Automatic,1,1597,16.4,Amritsar,Grey,5
4288,Hyundai Grand i10,2022,6.32,4.06,21583,Petrol,Individual,Manual,0,1498,17.4,Mohali,Brown,4
4289,Toyota Glanza,2014,8.16,0.98,87497,Petrol,Individual,Manual,0,1498,17.4,Hyderabad,Blue,12
4290,Tata Punch,2015,9.45,1.13,105181,Petrol,Dealer,Manual,1,1597,19.9,Gurugram,White,11
4291,Toyota Glanza,2020,8.43,2.87,49866,Petrol,Dealer,Manual,1,998,12.7,Hyderabad,Blue,6
4292,Maruti Dzire,2015,8.11,0.97,109356,Petrol,Dealer,Manual,0,799,17.0,Delhi,Silver,11
4293,Maruti Swift,2014,8.92,1.07,92637,Petrol,Dealer,Manual,0,2755,25.2,Delhi,Brown,12
4294,MG Hector,2020,22.96,8.65,35593,Petrol,Individual,Automatic,1,2393,21.7,Bengaluru,Blue,6
4295,Mahindra Thar,2019,15.5,4.29,80282,Diesel,Dealer,Manual,0,1956,13.0,Mohali,Black,7
4296,Honda Elevate,2018,14.18,2.15,83368,Petrol,Dealer,Manual,0,998,13.2,Chandigarh,Brown,8
4297,Maruti Baleno,2022,9.39,5.1,60738,Petrol,Dealer,Manual,0,799,13.5,Mumbai,Silver,4
4298,Tata Altroz,2019,9.9,1.19,93954,Petrol,Individual,Manual,1,1956,16.7,Noida,White,7
4299,Hyundai i20,2013,9.91,1.19,89285,Petrol,Dealer,Manual,2,2179,17.7,Gurugram,Silver,13
4300,Tata Punch,2017,8.23,0.99,72088,Petrol,Dealer,Manual,0,998,17.0,Chennai,Red,9
4301,Toyota Innova Crysta,2016,22.13,2.66,83067,Diesel,Dealer,Manual,2,799,18.1,Mohali,White,10
4302,Hyundai Verna,2016,16.21,1.94,73710,Petrol,Individual,Manual,1,1199,20.2,Bengaluru,Grey,10
4303,Maruti Wagon R,2013,6.17,0.74,101602,Petrol,Dealer,Manual,1,2179,15.8,Chandigarh,Blue,13
4304,Maruti Wagon R,2015,6.33,0.76,67990,Petrol,Dealer,Manual,0,1956,24.9,Lucknow,White,11
4305,Toyota Glanza,2015,8.99,1.08,84567,Petrol,Dealer,Manual,0,1956,13.1,Delhi,Brown,11
4306,Maruti Fronx,2017,8.93,1.07,67002,Petrol,Individual,Manual,2,1497,24.8,Mumbai,Silver,9
4307,MG Hector,2025,21.02,14.89,50570,Petrol,Individual,Automatic,2,1498,14.1,Hyderabad,Brown,1
4308,Hyundai i20,2017,9.7,1.16,92310,Petrol,Dealer,Manual,1,1997,13.5,Chandigarh,Blue,9
4309,Tata Tiago,2019,6.8,1.39,55465,Petrol,Dealer,Manual,1,1956,13.8,Gurugram,Silver,7
4310,Hyundai Venue,2018,12.4,1.49,78020,Petrol,Individual,Manual,0,799,22.4,Kolkata,Grey,8
4311,Mahindra XUV700,2020,24.14,8.2,49235,Diesel,Dealer,Automatic,2,1199,21.8,Mumbai,Black,6
4312,Toyota Fortuner,2020,39.07,10.53,73038,Diesel,Dealer,Automatic,1,1997,24.1,Pune,Brown,6
4313,Mahindra XUV700,2016,22.16,2.66,114203,Diesel,Individual,Automatic,0,799,18.8,Delhi,Silver,10
4314,Hyundai Venue,2015,12.9,1.55,72815,Petrol,Dealer,Manual,1,2179,22.9,Chennai,Grey,11
4315,Tata Harrier,2017,20.05,2.41,107089,Diesel,Dealer,Manual,0,799,23.0,Pune,White,9
4316,Maruti Brezza,2025,12.69,10.94,18305,Petrol,Individual,Manual,0,2393,17.2,Chennai,White,1
4317,Skoda Rapid,2021,11.19,6.23,47575,Diesel,Dealer,Manual,0,1197,20.8,Mumbai,Grey,5
4318,Toyota Innova Crysta,2014,26.46,3.18,123361,Diesel,Dealer,Manual,1,1997,24.1,Mumbai,Black,12
4319,Maruti Dzire,2016,9.86,1.18,84055,Petrol,Dealer,Manual,1,1997,18.6,Gurugram,Black,10
4320,Maruti Ertiga,2023,10.98,8.26,2500,Petrol,Dealer,Manual,0,1956,22.7,Kolkata,Red,3
4321,Hyundai Alcazar,2020,21.81,8.26,39776,Diesel,Dealer,Automatic,1,1197,13.1,Lucknow,Brown,6
4322,Volkswagen Virtus,2019,15.93,3.29,120622,Petrol,Individual,Automatic,0,1197,25.2,Ludhiana,Red,7
4323,Skoda Rapid,2019,9.42,1.5,104551,Diesel,Dealer,Manual,0,1956,19.9,Mohali,Brown,7
4324,Honda City,2015,13.29,1.6,102743,Petrol,Dealer,Manual,1,1956,19.2,Hyderabad,Black,11
4325,Mahindra Bolero,2023,10.42,5.91,54043,Diesel,Dealer,Manual,1,799,17.3,Jaipur,Red,3
4326,Kia Sonet,2019,11.28,3.82,45789,Petrol,Dealer,Manual,0,1497,20.0,Mumbai,White,7
4327,Ford EcoSport,2015,8.5,1.02,106130,Diesel,Dealer,Manual,1,998,24.3,Bengaluru,Grey,11
4328,Skoda Slavia,2016,15.57,1.87,63904,Petrol,Dealer,Automatic,0,998,18.3,Pune,Brown,10
4329,Tata Altroz,2025,8.72,6.41,43742,Petrol,Individual,Manual,1,1197,12.5,Jaipur,Black,1
4330,Toyota Glanza,2018,8.85,1.06,104388,Petrol,Dealer,Manual,2,2755,24.7,Amritsar,Red,8
4331,Volkswagen Virtus,2019,15.6,2.47,84359,Petrol,Individual,Automatic,1,1498,15.3,Hyderabad,Red,7
4332,Mahindra Thar,2023,17.16,12.66,2500,Diesel,Dealer,Manual,0,1997,12.6,Delhi,Brown,3
4333,Tata Nexon,2023,12.28,7.55,42327,Petrol,Dealer,Manual,0,1197,21.1,Bengaluru,Blue,3
4334,Honda City,2021,16.78,9.11,39705,Petrol,Dealer,Manual,0,2393,14.0,Noida,Red,5
4335,Skoda Slavia,2012,16.28,1.95,119040,Petrol,Dealer,Automatic,0,1597,18.8,Amritsar,Grey,14
4336,Hyundai Creta,2017,18.28,2.19,77015,Diesel,Individual,Manual,1,2179,23.7,Lucknow,Grey,9
4337,Tata Harrier,2015,18.9,2.27,53665,Diesel,Individual,Manual,0,799,18.9,Mohali,Red,11
4338,Tata Punch,2025,8.78,7.37,2500,Petrol,Individual,Manual,2,1956,13.2,Bengaluru,Red,1
4339,Ford EcoSport,2019,9.4,1.13,91161,Diesel,Individual,Manual,2,799,15.4,Mumbai,Blue,7
4340,Hyundai Verna,2018,13.64,1.64,81205,Petrol,Dealer,Manual,3,2755,12.6,Noida,Grey,8
4341,Toyota Fortuner,2025,42.66,31.18,37102,Diesel,Dealer,Automatic,3,1956,18.7,Ludhiana,Blue,1
4342,Ford EcoSport,2021,9.21,3.1,64875,Diesel,Individual,Manual,3,1956,18.7,Pune,Blue,5
4343,Hyundai Grand i10,2013,6.68,0.8,116102,Petrol,Individual,Manual,0,1199,16.7,Jaipur,Blue,13
4344,Mahindra Scorpio,2014,22.09,2.65,69248,Diesel,Individual,Manual,0,1956,19.2,Bengaluru,Brown,12
4345,Tata Harrier,2020,20.67,7.69,52363,Diesel,Individual,Manual,0,1497,25.3,Noida,Black,6
4346,Honda Elevate,2022,16.35,7.29,77805,Petrol,Individual,Manual,0,1597,14.8,Amritsar,Red,4
4347,Maruti Swift,2017,7.81,0.94,59180,Petrol,Dealer,Manual,0,799,22.5,Noida,White,9
4348,Renault Kwid,2023,4.96,3.38,28518,Petrol,Individual,Manual,0,1197,16.8,Gurugram,White,3
4349,Maruti Alto,2016,4.47,0.55,89738,Petrol,Dealer,Manual,1,998,16.1,Ludhiana,Black,10
4350,Maruti Dzire,2020,10.03,3.13,56701,Petrol,Dealer,Manual,1,1497,19.5,Amritsar,Red,6
4351,Skoda Slavia,2016,15.4,1.85,80590,Petrol,Dealer,Automatic,2,1497,19.3,Mumbai,White,10
4352,Maruti Brezza,2022,11.72,8.05,3296,Petrol,Dealer,Manual,0,998,22.9,Lucknow,Red,4
4353,Nissan Magnite,2018,9.97,1.2,79462,Petrol,Dealer,Manual,1,799,14.2,Jaipur,Blue,8
4354,Tata Safari,2019,21.95,8.88,5820,Diesel,Dealer,Automatic,1,1956,14.3,Delhi,White,7
4355,Maruti Fronx,2020,9.67,2.96,55462,Petrol,Individual,Manual,1,1497,12.8,Ludhiana,Red,6
4356,Nissan Magnite,2023,9.77,6.32,19235,Petrol,Dealer,Manual,1,1956,13.4,Noida,Brown,3
4357,Hyundai i20,2013,8.31,1.0,100105,Petrol,Dealer,Manual,1,1597,21.8,Jaipur,Blue,13
4358,Skoda Slavia,2014,17.4,2.09,70000,Petrol,Individual,Automatic,0,1498,17.8,Noida,Black,12
4359,Hyundai Venue,2018,11.08,2.52,43736,Petrol,Dealer,Manual,0,1997,15.7,Mohali,Grey,8
4360,Kia Seltos,2025,15.69,12.46,26513,Diesel,Dealer,Manual,1,799,22.9,Amritsar,Grey,1
4361,Maruti Dzire,2013,9.05,1.09,82179,Petrol,Individual,Manual,1,1498,23.2,Mumbai,Blue,13
4362,MG Hector,2022,19.39,10.4,14641,Petrol,Dealer,Automatic,3,799,12.2,Mohali,Brown,4
4363,Toyota Fortuner,2013,39.04,4.68,81092,Diesel,Individual,Automatic,0,1997,24.7,Jaipur,Silver,13
4364,Tata Nexon,2023,11.55,8.44,29506,Petrol,Dealer,Manual,0,1197,18.4,Hyderabad,Brown,3
4365,Ford EcoSport,2016,9.26,1.11,88555,Diesel,Dealer,Manual,1,799,14.7,Kolkata,Black,10
4366,Maruti Fronx,2023,9.37,7.55,8948,Petrol,Dealer,Manual,0,1597,20.8,Chennai,Blue,3
4367,Hyundai Verna,2022,15.82,9.7,39609,Petrol,Dealer,Manual,0,1956,17.1,Delhi,Red,4
4368,Honda Elevate,2014,16.59,1.99,121501,Petrol,Dealer,Manual,0,2393,19.2,Jaipur,Silver,12
4369,Honda Elevate,2015,15.23,1.83,102030,Petrol,Dealer,Manual,0,1498,17.2,Kolkata,Brown,11
4370,Jeep Compass,2022,23.23,12.15,23631,Diesel,Individual,Automatic,1,1498,22.1,Pune,White,4
4371,Tata Harrier,2019,18.47,3.8,82563,Diesel,Individual,Manual,1,799,13.7,Mohali,Brown,7
4372,Hyundai Grand i10,2020,6.21,3.15,34184,Petrol,Dealer,Manual,0,998,12.9,Chandigarh,Blue,6
4373,Hyundai Grand i10,2016,7.28,0.87,124322,Petrol,Dealer,Manual,0,1197,12.1,Hyderabad,Silver,10
4374,Maruti Dzire,2014,8.22,0.99,111803,Petrol,Dealer,Manual,1,799,13.4,Pune,Red,12
4375,Hyundai Creta,2019,15.3,5.47,49332,Diesel,Dealer,Manual,0,998,21.2,Bengaluru,White,7
4376,Tata Punch,2014,9.41,1.13,84667,Petrol,Dealer,Manual,0,2755,25.0,Mumbai,Black,12
4377,Kia Sonet,2014,13.4,1.61,134972,Petrol,Dealer,Manual,0,2755,21.9,Mohali,Grey,12
4378,Jeep Compass,2021,24.07,7.1,66128,Diesel,Individual,Automatic,3,1197,18.2,Delhi,Black,5
4379,Mahindra Thar,2020,18.59,8.89,36528,Diesel,Individual,Manual,0,799,16.1,Lucknow,Silver,6
4380,Tata Altroz,2012,8.2,0.98,79751,Petrol,Dealer,Manual,1,799,13.8,Noida,Blue,14
4381,Hyundai Alcazar,2015,21.53,2.58,75008,Diesel,Individual,Automatic,0,998,12.3,Mohali,Brown,11
4382,Honda City,2015,16.11,1.93,106324,Petrol,Dealer,Manual,1,1197,13.3,Bengaluru,Black,11
4383,Honda City,2022,13.48,5.05,87296,Petrol,Dealer,Manual,0,1597,16.3,Ludhiana,Black,4
4384,Honda Amaze,2025,9.47,7.72,4600,Petrol,Individual,Manual,2,799,17.4,Amritsar,Blue,1
4385,Maruti Wagon R,2012,5.3,0.64,123655,Petrol,Dealer,Manual,1,1497,12.5,Noida,Red,14
4386,Maruti Brezza,2017,11.03,1.32,72152,Petrol,Individual,Manual,0,2393,16.4,Mumbai,Black,9
4387,Hyundai Grand i10,2017,6.3,0.76,86429,Petrol,Individual,Manual,0,1497,16.4,Chennai,Red,9
4388,Maruti Ertiga,2016,12.59,1.51,53325,Petrol,Dealer,Manual,0,1597,13.4,Chennai,White,10
4389,Nissan Magnite,2013,8.12,0.97,115758,Petrol,Individual,Manual,0,1497,18.9,Noida,Brown,13
4390,Maruti Brezza,2025,13.61,8.78,37717,Petrol,Dealer,Manual,2,2393,25.4,Hyderabad,Red,1
4391,MG Hector,2013,21.1,2.53,95104,Petrol,Dealer,Automatic,1,2755,22.1,Hyderabad,White,13
4392,Toyota Fortuner,2014,37.73,4.53,78864,Diesel,Individual,Automatic,1,2755,25.4,Hyderabad,Black,12
4393,Volkswagen Polo,2024,8.74,6.23,45671,Petrol,Individual,Manual,0,1199,20.2,Jaipur,Silver,2
4394,Mahindra Scorpio,2019,17.72,4.06,43303,Diesel,Individual,Manual,2,1497,15.6,Hyderabad,Red,7
4395,Honda City,2021,15.66,7.25,50531,Petrol,Individual,Manual,1,1597,15.8,Bengaluru,Red,5
4396,Tata Nexon,2012,12.04,1.44,139791,Petrol,Dealer,Manual,1,2755,18.5,Mohali,Black,14
4397,Volkswagen Virtus,2023,15.81,10.92,13515,Petrol,Dealer,Automatic,1,1956,16.3,Lucknow,Silver,3
4398,Tata Tiago,2015,6.5,0.78,89709,Petrol,Dealer,Manual,0,998,19.7,Kolkata,Silver,11
4399,Jeep Compass,2012,26.32,3.16,118423,Diesel,Dealer,Automatic,0,799,23.2,Pune,Black,14
4400,Hyundai Venue,2025,12.42,11.4,2500,Petrol,Individual,Manual,0,1997,15.8,Ludhiana,White,1
4401,Maruti Fronx,2018,10.41,2.43,46943,Petrol,Individual,Manual,0,998,23.8,Noida,Silver,8
4402,Maruti Fronx,2012,10.92,1.31,119104,Petrol,Individual,Manual,1,2755,14.6,Pune,Red,14
4403,Maruti Alto,2024,4.11,3.34,31690,Petrol,Dealer,Manual,0,1199,23.7,Ludhiana,Brown,2
4404,Toyota Innova Crysta,2017,22.42,4.5,38447,Diesel,Dealer,Manual,0,1997,17.5,Chandigarh,Blue,9
4405,Tata Altroz,2020,9.96,3.21,76739,Petrol,Dealer,Manual,0,2393,21.2,Delhi,Red,6
4406,Tata Harrier,2020,21.83,11.52,38052,Diesel,Dealer,Manual,0,1497,20.8,Mumbai,Brown,6
4407,Skoda Slavia,2014,17.87,2.14,67134,Petrol,Individual,Automatic,0,1997,23.7,Chandigarh,Grey,12
4408,Hyundai Creta,2020,16.18,4.71,80027,Diesel,Individual,Manual,0,799,25.0,Ludhiana,Red,6
4409,Volkswagen Polo,2014,8.1,0.97,111277,Petrol,Dealer,Manual,0,2755,18.4,Mohali,White,12
4410,Maruti Swift,2016,8.46,1.01,89223,Petrol,Dealer,Manual,0,1997,18.5,Lucknow,Blue,10
4411,Toyota Fortuner,2022,40.46,23.2,41365,Diesel,Dealer,Automatic,0,1498,21.2,Chandigarh,Blue,4
4412,Toyota Glanza,2021,8.54,5.28,10769,Petrol,Individual,Manual,1,998,20.5,Gurugram,Grey,5
4413,Toyota Innova Crysta,2025,25.14,22.6,2500,Diesel,Dealer,Manual,0,998,18.1,Noida,Black,1
4414,Tata Nexon,2022,10.86,5.24,73636,Petrol,Dealer,Manual,0,2179,13.8,Noida,Grey,4
4415,Mahindra XUV700,2014,27.13,3.26,84504,Diesel,Individual,Automatic,0,998,19.2,Amritsar,Red,12
4416,Kia Seltos,2020,17.58,8.15,36639,Diesel,Dealer,Manual,0,1956,16.7,Gurugram,Red,6
4417,Toyota Glanza,2017,8.37,1.0,133813,Petrol,Dealer,Manual,0,998,21.6,Chennai,Blue,9
4418,Hyundai Grand i10,2017,6.43,0.77,71482,Petrol,Individual,Manual,2,1597,13.0,Noida,Red,9
4419,Hyundai Alcazar,2012,22.02,2.64,145578,Diesel,Individual,Automatic,0,2179,19.1,Jaipur,White,14
4420,Hyundai Verna,2013,13.66,1.64,84939,Petrol,Dealer,Manual,1,1197,14.0,Mumbai,Black,13
4421,Maruti Wagon R,2014,5.9,0.71,83151,Petrol,Dealer,Manual,1,1497,18.7,Noida,Blue,12
4422,Maruti Baleno,2019,8.96,1.59,79472,Petrol,Dealer,Manual,0,1497,22.7,Chennai,Brown,7
4423,Hyundai Creta,2022,16.08,10.78,15103,Diesel,Individual,Manual,0,1497,19.3,Hyderabad,Blue,4
4424,Maruti Alto,2016,4.57,0.55,69585,Petrol,Dealer,Manual,0,1597,14.7,Lucknow,Blue,10
4425,Volkswagen Virtus,2020,17.55,6.24,43557,Petrol,Individual,Automatic,0,1498,16.2,Mumbai,Grey,6
4426,Skoda Rapid,2015,9.26,1.11,72344,Diesel,Dealer,Manual,0,1498,12.2,Jaipur,Blue,11
4427,Hyundai Venue,2018,13.18,1.58,78515,Petrol,Dealer,Manual,0,998,12.3,Kolkata,Silver,8
4428,Honda Amaze,2025,9.98,8.64,8973,Petrol,Individual,Manual,0,799,19.7,Bengaluru,Silver,1
4429,Tata Nexon,2014,11.43,1.37,91828,Petrol,Dealer,Manual,1,1197,13.2,Noida,White,12
4430,Hyundai i20,2015,8.72,1.05,105179,Petrol,Dealer,Manual,0,2393,18.0,Chennai,Grey,11
4431,Volkswagen Virtus,2022,18.16,10.14,47439,Petrol,Dealer,Automatic,0,1956,20.1,Amritsar,Black,4
4432,Volkswagen Virtus,2013,16.18,1.94,105691,Petrol,Dealer,Automatic,1,1597,14.4,Kolkata,Black,13
4433,Volkswagen Polo,2012,8.46,1.02,109672,Petrol,Dealer,Manual,0,1597,23.2,Delhi,White,14
4434,Toyota Glanza,2014,8.92,1.07,65281,Petrol,Dealer,Manual,0,2393,17.5,Chennai,Brown,12
4435,Toyota Glanza,2021,8.57,3.5,66164,Petrol,Individual,Manual,0,1497,13.8,Lucknow,Silver,5
4436,Tata Altroz,2021,8.47,4.73,31203,Petrol,Dealer,Manual,1,1956,18.1,Amritsar,Black,5
4437,Skoda Slavia,2014,16.25,1.95,83287,Petrol,Dealer,Automatic,1,1597,20.4,Chennai,Red,12
4438,Maruti Alto,2015,4.08,0.55,85356,Petrol,Dealer,Manual,0,998,13.9,Pune,Black,11
4439,Toyota Glanza,2018,8.4,1.01,76137,Petrol,Dealer,Manual,1,2179,18.8,Jaipur,Brown,8
4440,Maruti Dzire,2013,8.25,0.99,72922,Petrol,Individual,Manual,1,1597,24.2,Chandigarh,Blue,13
4441,Maruti Ciaz,2022,11.12,5.29,52136,Petrol,Dealer,Manual,2,1498,22.7,Chandigarh,Black,4
4442,Renault Kiger,2014,8.31,1.0,87605,Petrol,Individual,Manual,0,2179,24.1,Mumbai,White,12
4443,Maruti Alto,2022,3.7,2.4,25462,Petrol,Dealer,Manual,0,2755,22.3,Jaipur,Brown,4
4444,Hyundai Verna,2022,15.3,8.7,32519,Petrol,Dealer,Manual,0,2179,13.4,Kolkata,White,4
4445,Maruti Swift,2017,8.36,1.0,75649,Petrol,Dealer,Manual,1,2179,22.1,Amritsar,Silver,9
4446,Maruti Alto,2023,4.19,2.91,26525,Petrol,Dealer,Manual,0,799,20.0,Mumbai,Blue,3
4447,Tata Tiago,2016,6.45,0.77,89197,Petrol,Individual,Manual,0,1497,15.8,Ludhiana,Red,10
4448,Tata Punch,2017,9.66,1.16,110862,Petrol,Dealer,Manual,0,1997,13.7,Chennai,Red,9
4449,Hyundai Verna,2015,15.63,1.88,96380,Petrol,Dealer,Manual,1,1497,13.7,Mohali,Blue,11
4450,Mahindra Thar,2017,17.58,3.84,38484,Diesel,Dealer,Manual,0,2755,24.3,Mohali,Blue,9
4451,Hyundai Alcazar,2013,19.6,2.35,153025,Diesel,Individual,Automatic,1,1199,15.5,Delhi,Blue,13
4452,Volkswagen Polo,2018,7.99,0.96,96484,Petrol,Individual,Manual,2,2755,14.4,Hyderabad,Black,8
4453,Mahindra XUV700,2020,26.16,7.58,56951,Diesel,Dealer,Automatic,2,1497,24.8,Bengaluru,Grey,6
4454,Honda Elevate,2018,16.91,2.03,92113,Petrol,Individual,Manual,3,1956,19.0,Kolkata,Silver,8
4455,Honda Elevate,2018,15.07,1.81,102031,Petrol,Dealer,Manual,1,1997,20.6,Amritsar,Grey,8
4456,Kia Seltos,2015,16.13,1.94,74904,Diesel,Individual,Manual,1,2393,18.7,Lucknow,Grey,11
4457,Honda Amaze,2019,8.48,2.27,29590,Petrol,Dealer,Manual,3,1199,15.4,Pune,White,7
4458,Maruti Brezza,2016,11.88,1.43,77121,Petrol,Individual,Manual,0,1956,22.6,Pune,Silver,10
4459,Mahindra Scorpio,2021,19.29,7.99,31539,Diesel,Dealer,Manual,3,1997,12.0,Amritsar,White,5
4460,Nissan Magnite,2012,8.06,0.97,132633,Petrol,Dealer,Manual,0,799,13.9,Kolkata,Blue,14
4461,Kia Sonet,2021,13.24,6.7,30396,Petrol,Individual,Manual,1,2755,17.6,Ludhiana,Black,5
4462,Mahindra Thar,2019,18.24,2.91,87901,Diesel,Individual,Manual,0,1197,16.3,Kolkata,Red,7
4463,Honda City,2015,13.25,1.59,99676,Petrol,Individual,Manual,2,1956,16.9,Ludhiana,Silver,11
4464,Maruti Wagon R,2021,6.43,3.09,38264,Petrol,Dealer,Manual,0,1497,19.3,Bengaluru,Brown,5
4465,Toyota Fortuner,2020,43.95,13.13,68709,Diesel,Dealer,Automatic,1,1199,20.0,Kolkata,Grey,6
4466,Honda Elevate,2023,16.74,9.18,28791,Petrol,Dealer,Manual,3,1197,14.7,Mohali,Silver,3
4467,Tata Tiago,2015,6.33,0.76,90907,Petrol,Dealer,Manual,0,2179,16.5,Amritsar,Red,11
4468,Mahindra Scorpio,2019,22.26,6.16,75873,Diesel,Dealer,Manual,0,1997,13.7,Chennai,White,7
4469,Tata Nexon,2017,11.75,1.41,67693,Petrol,Dealer,Manual,0,1997,17.8,Hyderabad,Brown,9
4470,Nissan Magnite,2018,9.03,1.41,63375,Petrol,Dealer,Manual,0,998,20.8,Hyderabad,Black,8
4471,Jeep Compass,2024,23.1,16.81,31310,Diesel,Dealer,Automatic,1,2179,12.3,Amritsar,White,2
4472,Maruti Swift,2024,9.0,7.08,20587,Petrol,Dealer,Manual,0,1197,15.3,Chennai,Brown,2
4473,Maruti Alto,2017,4.63,0.56,94772,Petrol,Individual,Manual,1,1498,25.5,Amritsar,White,9
4474,Hyundai i20,2022,8.23,5.24,2500,Petrol,Individual,Manual,2,1498,12.5,Jaipur,Silver,4
4475,Maruti Dzire,2025,9.15,8.32,11720,Petrol,Dealer,Manual,1,2179,16.2,Lucknow,Silver,1
4476,Kia Seltos,2017,16.52,1.98,104236,Diesel,Dealer,Manual,0,998,14.2,Delhi,Silver,9
4477,Maruti Brezza,2018,12.92,2.74,77728,Petrol,Individual,Manual,0,998,15.3,Mumbai,Brown,8
4478,Tata Punch,2015,8.59,1.03,97618,Petrol,Individual,Manual,0,1199,19.1,Delhi,White,11
4479,Mahindra XUV700,2022,25.31,15.25,4100,Diesel,Individual,Automatic,1,1497,24.6,Mohali,Black,4
4480,Kia Seltos,2021,18.27,6.85,70361,Diesel,Individual,Manual,2,1597,20.0,Hyderabad,Black,5
4481,Toyota Innova Crysta,2019,27.56,4.11,70245,Diesel,Individual,Manual,1,1497,22.3,Pune,White,7
4482,Volkswagen Polo,2015,8.5,1.02,80255,Petrol,Individual,Manual,2,1997,19.7,Jaipur,Grey,11
4483,Honda Amaze,2017,8.81,1.06,129085,Petrol,Individual,Manual,2,1497,15.7,Kolkata,Black,9
4484,Maruti Brezza,2025,12.75,9.95,39926,Petrol,Individual,Manual,0,2393,20.1,Amritsar,Red,1
4485,Skoda Rapid,2022,10.67,4.09,55318,Diesel,Individual,Manual,1,998,18.1,Pune,Grey,4
4486,Renault Kwid,2019,4.43,1.39,42263,Petrol,Dealer,Manual,0,1497,17.4,Ludhiana,Silver,7
4487,Skoda Rapid,2021,9.0,3.95,35236,Diesel,Individual,Manual,1,1498,19.5,Hyderabad,Blue,5
4488,Tata Punch,2024,9.73,7.48,18364,Petrol,Dealer,Manual,0,2179,14.3,Mohali,Red,2
4489,Maruti Swift,2013,7.64,0.92,105128,Petrol,Individual,Manual,3,1197,14.5,Lucknow,Black,13
4490,Maruti Ertiga,2015,12.4,1.49,111071,Petrol,Individual,Manual,0,2179,20.0,Ludhiana,Brown,11
4491,Honda Amaze,2017,9.67,1.16,86165,Petrol,Dealer,Manual,0,1497,20.0,Noida,White,9
4492,Hyundai Alcazar,2013,21.82,2.62,168148,Diesel,Individual,Automatic,0,2755,16.4,Chandigarh,Black,13
4493,Hyundai Venue,2022,12.16,6.44,40613,Petrol,Dealer,Manual,1,1197,19.6,Ludhiana,Red,4
4494,Maruti Fronx,2024,9.0,6.23,39109,Petrol,Individual,Manual,0,1498,24.8,Delhi,Grey,2
4495,Renault Kwid,2016,5.44,0.65,108842,Petrol,Individual,Manual,0,1956,19.6,Pune,Grey,10
4496,Tata Nexon,2017,12.71,1.53,56729,Petrol,Individual,Manual,0,2393,24.6,Chennai,Blue,9
4497,Mahindra Scorpio,2021,17.98,8.58,55553,Diesel,Individual,Manual,0,1498,21.1,Gurugram,Silver,5
4498,Jeep Compass,2016,22.59,2.71,94520,Diesel,Dealer,Automatic,2,1597,13.4,Pune,Silver,10
4499,Mahindra Bolero,2021,11.04,4.29,57100,Diesel,Individual,Manual,2,1956,19.8,Ludhiana,Grey,5
4500,Toyota Glanza,2013,8.42,1.01,115159,Petrol,Individual,Manual,2,2755,21.9,Mohali,Red,13
4501,Nissan Magnite,2016,8.67,1.04,60065,Petrol,Dealer,Manual,0,998,18.7,Chandigarh,Red,10
4502,Maruti Baleno,2021,8.02,4.71,19445,Petrol,Dealer,Manual,2,1498,12.9,Chennai,White,5
4503,Tata Altroz,2024,8.62,6.16,48086,Petrol,Dealer,Manual,0,1956,14.7,Kolkata,Blue,2
4504,Honda Amaze,2013,8.07,0.97,107653,Petrol,Dealer,Manual,1,1498,20.5,Hyderabad,Red,13
4505,Tata Harrier,2021,22.3,9.47,61763,Diesel,Dealer,Manual,0,1956,19.9,Pune,Silver,5
4506,Toyota Innova Crysta,2025,25.88,22.16,7284,Diesel,Dealer,Manual,1,1597,18.9,Amritsar,Silver,1
4507,Mahindra XUV700,2024,24.69,20.14,21104,Diesel,Dealer,Automatic,1,2755,16.9,Jaipur,Red,2
4508,Maruti Wagon R,2019,6.38,1.19,52117,Petrol,Individual,Manual,2,1497,16.1,Mohali,Grey,7
4509,Skoda Rapid,2024,8.97,6.84,21256,Diesel,Dealer,Manual,0,998,18.6,Pune,Blue,2
4510,Maruti Brezza,2013,11.62,1.39,109997,Petrol,Individual,Manual,1,1498,22.2,Amritsar,White,13
4511,Maruti Baleno,2014,8.78,1.05,91475,Petrol,Individual,Manual,1,1199,18.5,Pune,Blue,12
4512,Toyota Glanza,2025,9.58,8.31,8031,Petrol,Dealer,Manual,0,2179,16.3,Chandigarh,Silver,1
4513,Ford EcoSport,2018,9.49,1.58,70915,Diesel,Dealer,Manual,0,1997,15.4,Gurugram,Brown,8
4514,Skoda Rapid,2025,8.91,8.55,2500,Diesel,Individual,Manual,0,2393,13.2,Kolkata,Blue,1
4515,MG Hector,2016,18.76,2.25,99835,Petrol,Dealer,Automatic,1,799,15.2,Delhi,Silver,10
4516,Renault Kwid,2023,4.46,2.73,42630,Petrol,Individual,Manual,0,1199,21.7,Gurugram,Grey,3
4517,Skoda Slavia,2014,17.33,2.08,94917,Petrol,Dealer,Automatic,1,1597,21.2,Hyderabad,Brown,12
4518,Hyundai Alcazar,2022,21.57,13.1,42843,Diesel,Individual,Automatic,0,1597,23.4,Lucknow,Black,4
4519,Maruti Ertiga,2014,11.71,1.4,118111,Petrol,Individual,Manual,0,1497,23.5,Mumbai,White,12
4520,Maruti Alto,2020,4.27,1.39,56853,Petrol,Dealer,Manual,1,1497,17.7,Gurugram,Black,6
4521,Hyundai Grand i10,2021,7.52,2.47,65966,Petrol,Individual,Manual,1,2755,15.6,Lucknow,Silver,5
4522,Hyundai Venue,2017,11.98,1.44,83916,Petrol,Dealer,Manual,0,799,21.4,Hyderabad,Brown,9
4523,Hyundai Venue,2012,11.89,1.43,104938,Petrol,Individual,Manual,1,1956,18.7,Chandigarh,Blue,14
4524,Nissan Magnite,2021,9.47,5.07,19007,Petrol,Individual,Manual,1,799,24.0,Jaipur,Silver,5
4525,Tata Punch,2021,8.15,3.34,59022,Petrol,Dealer,Manual,0,1997,22.3,Mohali,Brown,5
4526,Tata Tiago,2015,6.38,0.77,124055,Petrol,Dealer,Manual,3,2393,20.6,Jaipur,Silver,11
4527,Mahindra Bolero,2015,9.16,1.1,100050,Diesel,Dealer,Manual,3,1956,12.3,Ludhiana,Silver,11
4528,MG Hector,2017,21.87,2.62,85203,Petrol,Individual,Automatic,0,2393,19.3,Kolkata,Silver,9
4529,Toyota Innova Crysta,2016,26.88,3.23,114543,Diesel,Dealer,Manual,2,2179,17.8,Hyderabad,Silver,10
4530,Maruti Wagon R,2012,5.92,0.71,152845,Petrol,Dealer,Manual,1,998,18.4,Kolkata,Grey,14
4531,Tata Tiago,2015,6.56,0.79,79478,Petrol,Individual,Manual,0,2393,18.5,Lucknow,Grey,11
4532,Honda Elevate,2024,14.24,9.27,49638,Petrol,Individual,Manual,0,1497,23.8,Mohali,Silver,2
4533,Hyundai Verna,2015,13.92,1.67,100056,Petrol,Dealer,Manual,3,998,22.0,Gurugram,White,11
4534,Skoda Rapid,2019,9.03,2.08,67534,Diesel,Dealer,Manual,0,1956,16.0,Jaipur,Black,7
4535,Toyota Glanza,2013,8.45,1.01,88381,Petrol,Dealer,Manual,0,2179,12.6,Amritsar,Silver,13
4536,Mahindra Thar,2023,16.91,11.21,15122,Diesel,Dealer,Manual,1,2179,20.2,Delhi,Blue,3
4537,Tata Nexon,2021,11.9,4.57,41758,Petrol,Dealer,Manual,2,1956,24.3,Hyderabad,Brown,5
4538,Maruti Alto,2022,3.94,2.13,58886,Petrol,Individual,Manual,1,799,17.0,Kolkata,Black,4
4539,Honda City,2014,13.35,1.6,69599,Petrol,Dealer,Manual,2,1956,17.1,Noida,Grey,12
4540,Tata Safari,2022,22.29,13.15,9420,Diesel,Individual,Automatic,1,799,16.0,Gurugram,Blue,4
4541,Maruti Fronx,2020,10.77,3.03,68873,Petrol,Dealer,Manual,1,1997,16.3,Mohali,Black,6
4542,Volkswagen Virtus,2013,17.62,2.11,98427,Petrol,Dealer,Automatic,1,2755,23.7,Amritsar,Brown,13
4543,Toyota Glanza,2022,8.55,4.24,40758,Petrol,Dealer,Manual,1,1199,23.8,Mumbai,Blue,4
4544,Toyota Glanza,2012,8.04,0.97,107434,Petrol,Dealer,Manual,0,1597,21.3,Kolkata,Silver,14
4545,Tata Harrier,2017,20.49,2.46,88828,Diesel,Dealer,Manual,1,998,14.2,Delhi,Blue,9
4546,Hyundai Grand i10,2016,6.91,0.83,103566,Petrol,Dealer,Manual,1,2179,24.5,Mumbai,Blue,10
4547,Ford EcoSport,2021,10.34,3.92,74388,Diesel,Dealer,Manual,1,1199,16.4,Hyderabad,Red,5
4548,Honda Elevate,2016,17.18,2.06,38300,Petrol,Individual,Manual,0,1497,22.4,Bengaluru,White,10
4549,Maruti Alto,2024,3.91,3.27,2500,Petrol,Individual,Manual,0,1498,21.4,Delhi,Grey,2
4550,Maruti Brezza,2022,12.16,5.57,57429,Petrol,Individual,Manual,1,1997,23.5,Mumbai,White,4
4551,Skoda Slavia,2022,15.63,8.37,39799,Petrol,Dealer,Automatic,0,799,24.2,Mumbai,Black,4
4552,Honda Amaze,2019,8.95,3.22,25904,Petrol,Individual,Manual,0,2393,13.6,Noida,Black,7
4553,Renault Kwid,2024,4.44,3.63,18564,Petrol,Individual,Manual,0,799,25.0,Hyderabad,White,2
4554,Toyota Fortuner,2015,45.63,5.48,74616,Diesel,Dealer,Automatic,0,1197,23.4,Chennai,Blue,11
4555,MG Hector,2020,21.45,6.85,71457,Petrol,Individual,Automatic,1,1498,19.9,Hyderabad,White,6
4556,Renault Kiger,2020,9.67,2.04,84932,Petrol,Dealer,Manual,1,1956,20.5,Lucknow,Red,6
4557,Toyota Innova Crysta,2023,23.04,17.86,3359,Diesel,Dealer,Manual,1,1199,12.3,Delhi,Silver,3
4558,Mahindra Thar,2014,17.51,2.1,103919,Diesel,Individual,Manual,0,1497,21.7,Lucknow,Grey,12
4559,Tata Tiago,2014,6.65,0.8,72227,Petrol,Individual,Manual,1,2755,23.9,Chennai,Blue,12
4560,Toyota Glanza,2015,8.68,1.04,106740,Petrol,Dealer,Manual,0,1597,22.2,Mumbai,Grey,11
4561,Jeep Compass,2020,26.96,10.59,39104,Diesel,Dealer,Automatic,0,2755,13.2,Ludhiana,Blue,6
4562,Hyundai Verna,2016,15.75,1.89,59568,Petrol,Dealer,Manual,2,1997,23.6,Jaipur,Blue,10
4563,Hyundai Alcazar,2012,23.01,2.76,148581,Diesel,Dealer,Automatic,0,1497,22.1,Delhi,Brown,14
4564,Hyundai Creta,2014,16.91,2.03,82389,Diesel,Dealer,Manual,1,1997,14.0,Chennai,Black,12
4565,Hyundai Verna,2023,15.82,11.52,31776,Petrol,Individual,Manual,0,1956,15.0,Hyderabad,White,3
4566,Mahindra XUV700,2016,27.3,3.28,52928,Diesel,Individual,Automatic,1,1197,15.7,Pune,Red,10
4567,Hyundai i20,2023,9.58,7.21,17596,Petrol,Individual,Manual,0,2755,21.2,Pune,White,3
4568,Mahindra Scorpio,2022,19.44,10.17,55555,Diesel,Dealer,Manual,0,1597,20.0,Ludhiana,Brown,4
4569,Maruti Swift,2023,7.31,5.05,6866,Petrol,Dealer,Manual,3,799,16.4,Pune,White,3
4570,Toyota Glanza,2023,9.13,4.91,54438,Petrol,Dealer,Manual,1,2179,14.7,Noida,Blue,3
4571,Toyota Glanza,2019,8.8,1.82,76920,Petrol,Dealer,Manual,1,1497,14.5,Delhi,Grey,7
4572,Kia Sonet,2020,11.73,4.96,39876,Petrol,Individual,Manual,1,1597,19.2,Jaipur,Blue,6
4573,Mahindra Scorpio,2019,20.56,6.37,49650,Diesel,Individual,Manual,0,1498,24.6,Hyderabad,Grey,7
4574,Hyundai i20,2018,9.22,2.68,35723,Petrol,Dealer,Manual,2,1197,12.4,Ludhiana,Silver,8
4575,Maruti Wagon R,2018,6.0,1.41,46475,Petrol,Dealer,Manual,1,2393,15.1,Ludhiana,White,8
4576,Tata Safari,2019,22.37,6.49,54511,Diesel,Dealer,Automatic,0,1597,18.8,Ludhiana,White,7
4577,Tata Nexon,2016,10.77,1.29,110072,Petrol,Dealer,Manual,0,1597,13.9,Pune,White,10
4578,Honda Elevate,2013,17.29,2.07,99282,Petrol,Individual,Manual,2,2179,23.4,Amritsar,Blue,13
4579,Skoda Slavia,2015,16.63,2.0,85137,Petrol,Dealer,Automatic,0,998,22.9,Chennai,Red,11
4580,Hyundai Venue,2019,10.63,2.39,74471,Petrol,Dealer,Manual,0,1997,18.0,Lucknow,Black,7
4581,Toyota Fortuner,2015,38.02,4.56,120591,Diesel,Dealer,Automatic,0,2755,12.0,Chandigarh,Grey,11
4582,Skoda Slavia,2017,16.37,1.96,64327,Petrol,Dealer,Automatic,0,998,18.5,Noida,White,9
4583,Ford EcoSport,2015,9.68,1.16,79181,Diesel,Dealer,Manual,0,1997,23.0,Bengaluru,Black,11
4584,Toyota Glanza,2017,9.72,1.17,87268,Petrol,Dealer,Manual,0,1498,25.2,Bengaluru,Black,9
4585,Jeep Compass,2022,28.41,17.35,2500,Diesel,Individual,Automatic,3,1498,12.1,Chennai,Brown,4
4586,Skoda Rapid,2016,10.51,1.26,68545,Diesel,Individual,Manual,2,1956,16.7,Jaipur,Blue,10
4587,Tata Nexon,2019,11.45,3.25,61062,Petrol,Dealer,Manual,0,1498,23.0,Lucknow,Red,7
4588,Toyota Innova Crysta,2015,25.59,3.07,71206,Diesel,Individual,Manual,1,1497,12.1,Lucknow,Silver,11
4589,Maruti Brezza,2016,11.32,1.36,69200,Petrol,Individual,Manual,0,799,24.8,Pune,Red,10
4590,Tata Harrier,2014,18.68,2.24,106561,Diesel,Individual,Manual,0,1497,25.0,Delhi,White,12
4591,MG Hector,2015,23.3,2.8,157020,Petrol,Individual,Automatic,0,1199,19.0,Chennai,White,11
4592,Honda City,2015,16.11,1.93,81415,Petrol,Dealer,Manual,1,1497,13.8,Chennai,White,11
4593,Maruti Swift,2025,8.66,8.07,9947,Petrol,Dealer,Manual,0,1497,12.3,Mohali,Grey,1
4594,Mahindra Thar,2015,14.99,1.8,95944,Diesel,Dealer,Manual,0,1956,12.7,Amritsar,Silver,11
4595,Toyota Fortuner,2013,39.0,4.68,144587,Diesel,Individual,Automatic,0,2755,12.8,Gurugram,Silver,13
4596,Tata Safari,2024,25.67,18.62,35810,Diesel,Dealer,Automatic,0,1497,22.9,Chandigarh,White,2
4597,Tata Punch,2019,9.42,1.88,80860,Petrol,Individual,Manual,1,2393,24.8,Jaipur,Brown,7
4598,Skoda Rapid,2020,10.28,3.45,54990,Diesel,Individual,Manual,1,998,14.7,Chandigarh,Silver,6
4599,Maruti Dzire,2025,9.82,9.49,7263,Petrol,Dealer,Manual,0,2755,19.4,Ludhiana,Blue,1
4600,Tata Nexon,2012,12.93,1.55,139135,Petrol,Individual,Manual,0,1997,13.9,Noida,Grey,14
4601,Toyota Fortuner,2019,40.54,6.41,74448,Diesel,Individual,Automatic,1,1498,23.8,Mohali,Grey,7
4602,Maruti Swift,2013,7.6,0.91,139272,Petrol,Individual,Manual,0,1199,14.5,Pune,Black,13
4603,Maruti Ertiga,2012,11.5,1.38,134883,Petrol,Individual,Manual,0,1956,19.8,Jaipur,Black,14
4604,Skoda Rapid,2017,10.11,1.21,75371,Diesel,Individual,Manual,2,1956,19.1,Lucknow,Black,9
4605,Hyundai Verna,2025,13.98,13.27,2500,Petrol,Individual,Manual,0,1597,13.9,Chennai,White,1
4606,Mahindra Thar,2017,15.8,1.9,90044,Diesel,Dealer,Manual,0,1197,20.6,Mohali,White,9
4607,Tata Tiago,2017,7.1,0.85,88303,Petrol,Dealer,Manual,3,1997,14.8,Kolkata,White,9
4608,Mahindra Scorpio,2013,21.97,2.64,70855,Diesel,Dealer,Manual,2,1597,15.3,Jaipur,Brown,13
4609,Mahindra Bolero,2023,10.88,5.73,76689,Diesel,Dealer,Manual,1,2755,12.9,Jaipur,Blue,3
4610,Skoda Slavia,2019,16.98,4.31,72253,Petrol,Dealer,Automatic,0,1597,20.5,Chennai,White,7
4611,Maruti Swift,2015,8.31,1.0,87976,Petrol,Individual,Manual,0,1498,15.1,Kolkata,Blue,11
4612,Skoda Slavia,2025,14.6,11.86,32448,Petrol,Dealer,Automatic,0,1199,19.7,Chandigarh,Silver,1
4613,MG Hector,2025,24.11,19.58,20426,Petrol,Individual,Automatic,0,1497,24.1,Ludhiana,White,1
4614,Kia Seltos,2020,17.61,9.26,13565,Diesel,Individual,Manual,0,1956,14.5,Chandigarh,Black,6
4615,Maruti Ertiga,2020,11.43,3.56,69704,Petrol,Individual,Manual,0,1597,16.5,Mohali,Silver,6
4616,Maruti Baleno,2017,8.11,1.0,70648,Petrol,Dealer,Manual,0,1597,12.8,Lucknow,Black,9
4617,Maruti Brezza,2020,13.45,5.25,43836,Petrol,Dealer,Manual,0,1199,20.8,Mohali,Brown,6
4618,Renault Kwid,2024,5.48,4.58,2500,Petrol,Individual,Manual,0,1197,21.8,Amritsar,Silver,2
4619,Hyundai Alcazar,2025,23.58,22.74,2500,Diesel,Dealer,Automatic,0,2393,23.0,Gurugram,Red,1
4620,Skoda Rapid,2020,8.86,3.68,38718,Diesel,Dealer,Manual,0,1197,23.8,Hyderabad,Brown,6
4621,Tata Nexon,2019,12.36,3.76,46849,Petrol,Individual,Manual,0,1597,12.3,Mohali,Black,7
4622,Skoda Rapid,2020,11.19,2.97,57058,Diesel,Dealer,Manual,1,1997,23.9,Jaipur,Brown,6
4623,Tata Punch,2022,8.52,5.41,12481,Petrol,Dealer,Manual,1,1497,19.3,Mohali,Brown,4
4624,Skoda Slavia,2021,17.34,7.3,74960,Petrol,Dealer,Automatic,0,1597,20.4,Mohali,Brown,5
4625,Volkswagen Polo,2012,7.08,0.85,140990,Petrol,Dealer,Manual,0,2179,16.4,Hyderabad,Red,14
4626,Skoda Slavia,2024,16.66,11.75,38245,Petrol,Dealer,Automatic,0,799,19.5,Chennai,Blue,2
4627,Toyota Fortuner,2014,39.27,4.71,136618,Diesel,Dealer,Automatic,2,799,15.4,Delhi,Brown,12
4628,Ford EcoSport,2019,9.42,1.61,79310,Diesel,Individual,Manual,1,1956,12.6,Lucknow,Silver,7
4629,Toyota Innova Crysta,2016,26.33,3.16,138474,Diesel,Individual,Manual,3,1199,19.7,Chennai,Grey,10
4630,Maruti Ciaz,2013,12.77,1.53,126136,Petrol,Dealer,Manual,0,1199,12.8,Delhi,Black,13
4631,Volkswagen Polo,2012,7.98,0.96,136508,Petrol,Dealer,Manual,0,799,19.3,Chennai,Black,14
4632,Tata Harrier,2024,22.01,17.83,25044,Diesel,Dealer,Manual,0,2393,20.6,Kolkata,Brown,2
4633,Renault Kwid,2015,5.54,0.67,128995,Petrol,Individual,Manual,1,799,17.4,Mohali,Blue,11
4634,Jeep Compass,2018,23.8,7.77,17571,Diesel,Individual,Automatic,1,1197,15.0,Chennai,Red,8
4635,Hyundai Creta,2023,18.02,12.57,18617,Diesel,Individual,Manual,1,2755,14.1,Ludhiana,Blue,3
4636,Mahindra XUV700,2014,27.65,3.32,114793,Diesel,Individual,Automatic,1,998,20.6,Pune,Silver,12
4637,Nissan Magnite,2023,8.31,5.12,53457,Petrol,Dealer,Manual,0,1498,24.1,Hyderabad,Blue,3
4638,Hyundai Venue,2015,11.02,1.32,71957,Petrol,Individual,Manual,0,2393,19.6,Gurugram,Red,11
4639,Maruti Wagon R,2025,5.51,5.25,2500,Petrol,Individual,Manual,0,1497,20.6,Ludhiana,Blue,1
4640,Toyota Glanza,2022,9.27,5.66,23940,Petrol,Dealer,Manual,0,1498,13.1,Ludhiana,Silver,4
4641,Jeep Compass,2016,25.6,3.07,97006,Diesel,Individual,Automatic,0,799,15.3,Mumbai,Blue,10
4642,Ford EcoSport,2015,8.48,1.02,111951,Diesel,Individual,Manual,0,1597,25.3,Delhi,Brown,11
4643,Maruti Wagon R,2014,6.39,0.77,104032,Petrol,Dealer,Manual,0,2393,23.3,Ludhiana,Red,12
4644,Tata Altroz,2016,9.84,1.18,91941,Petrol,Individual,Manual,1,1197,14.3,Mumbai,Red,10
4645,Maruti Baleno,2022,8.49,5.49,22117,Petrol,Dealer,Manual,0,1956,16.9,Chennai,Red,4
4646,Honda Amaze,2018,9.65,1.34,62216,Petrol,Dealer,Manual,1,998,19.4,Ludhiana,Red,8
4647,Maruti Brezza,2015,11.53,1.38,53500,Petrol,Dealer,Manual,0,1597,12.1,Kolkata,Red,11
4648,Tata Punch,2022,9.44,4.66,64778,Petrol,Individual,Manual,0,2179,18.0,Amritsar,Brown,4
4649,Hyundai Alcazar,2020,20.95,6.46,73845,Diesel,Dealer,Automatic,1,1498,18.9,Chandigarh,White,6
4650,Tata Punch,2015,9.42,1.13,114878,Petrol,Individual,Manual,1,1199,22.1,Jaipur,Silver,11
4651,Hyundai Creta,2018,16.13,3.88,57392,Diesel,Dealer,Manual,0,1199,14.4,Lucknow,Red,8
4652,Nissan Magnite,2022,9.19,6.2,2500,Petrol,Dealer,Manual,2,1197,17.7,Ludhiana,White,4
4653,Kia Sonet,2023,13.07,10.08,2500,Petrol,Dealer,Manual,0,2179,20.9,Mumbai,Grey,3
4654,Mahindra Thar,2013,18.42,2.21,119420,Diesel,Dealer,Manual,0,1498,24.9,Kolkata,Red,13
4655,Toyota Fortuner,2025,41.51,38.93,2500,Diesel,Individual,Automatic,0,998,12.6,Bengaluru,Silver,1
4656,Maruti Wagon R,2024,5.38,3.89,35293,Petrol,Individual,Manual,0,1497,14.2,Delhi,Silver,2
4657,Skoda Rapid,2013,10.45,1.25,110220,Diesel,Dealer,Manual,1,1199,15.6,Chandigarh,Blue,13
4658,Maruti Ciaz,2022,10.2,4.86,63050,Petrol,Individual,Manual,0,2393,24.9,Chennai,Black,4
4659,Tata Altroz,2023,8.33,5.75,7485,Petrol,Individual,Manual,1,2393,24.3,Mohali,White,3
4660,Volkswagen Polo,2015,7.18,0.86,117851,Petrol,Dealer,Manual,1,2755,23.3,Hyderabad,Red,11
4661,Maruti Swift,2016,7.95,0.95,98112,Petrol,Individual,Manual,2,1498,13.1,Gurugram,Black,10
4662,Tata Punch,2020,8.05,3.66,52236,Petrol,Individual,Manual,0,2755,15.3,Mohali,Black,6
4663,Jeep Compass,2024,25.59,21.23,17818,Diesel,Dealer,Automatic,0,1997,22.3,Kolkata,Blue,2
4664,Tata Harrier,2015,19.65,2.36,99115,Diesel,Dealer,Manual,0,1997,23.5,Gurugram,White,11
4665,Hyundai Alcazar,2016,18.75,2.25,100811,Diesel,Individual,Automatic,0,1497,20.6,Bengaluru,Red,10
4666,Toyota Innova Crysta,2013,25.24,3.03,91066,Diesel,Individual,Manual,1,1197,13.9,Noida,White,13
4667,Maruti Dzire,2013,9.95,1.19,118965,Petrol,Individual,Manual,1,2179,12.1,Chennai,Black,13
4668,Maruti Dzire,2019,9.47,1.89,92592,Petrol,Dealer,Manual,1,2393,14.6,Gurugram,Red,7
4669,Maruti Dzire,2013,8.11,0.97,136145,Petrol,Dealer,Manual,1,2179,13.6,Bengaluru,Blue,13
4670,Tata Tiago,2015,7.56,0.91,103278,Petrol,Dealer,Manual,2,1199,16.1,Chandigarh,Blue,11
4671,Volkswagen Polo,2013,8.4,1.01,95025,Petrol,Dealer,Manual,2,1197,16.7,Lucknow,Grey,13
4672,Mahindra Thar,2013,15.48,1.86,109588,Diesel,Dealer,Manual,1,1197,13.3,Mumbai,White,13
4673,Maruti Ciaz,2021,11.58,4.66,59734,Petrol,Dealer,Manual,1,998,20.3,Lucknow,Black,5
4674,Tata Punch,2022,9.74,5.36,34861,Petrol,Individual,Manual,1,2755,25.1,Ludhiana,Silver,4
4675,MG Hector,2015,20.04,2.4,77739,Petrol,Individual,Automatic,0,799,24.5,Kolkata,Grey,11
4676,Tata Safari,2014,22.55,2.71,105596,Diesel,Dealer,Automatic,1,1956,25.5,Ludhiana,Silver,12
4677,Hyundai Venue,2013,10.74,1.29,121892,Petrol,Dealer,Manual,0,2179,22.6,Ludhiana,Black,13
4678,Maruti Fronx,2012,10.57,1.27,159822,Petrol,Dealer,Manual,0,2393,25.2,Amritsar,Silver,14
4679,Toyota Fortuner,2014,37.8,4.54,70948,Diesel,Individual,Automatic,0,1956,22.1,Gurugram,White,12
4680,Maruti Ciaz,2017,11.65,2.03,57429,Petrol,Individual,Manual,0,2393,24.3,Gurugram,Blue,9
4681,Tata Safari,2021,25.67,15.16,18732,Diesel,Dealer,Automatic,0,1498,13.0,Ludhiana,Silver,5
4682,Tata Harrier,2015,20.57,2.47,135883,Diesel,Individual,Manual,0,1199,14.2,Noida,Grey,11
4683,Tata Altroz,2017,9.49,1.14,95733,Petrol,Dealer,Manual,1,1956,24.9,Chennai,Black,9
4684,Renault Kiger,2013,8.35,1.0,85025,Petrol,Individual,Manual,0,2393,17.8,Bengaluru,Black,13
4685,Toyota Glanza,2015,9.53,1.14,70567,Petrol,Individual,Manual,0,1197,24.2,Gurugram,White,11
4686,Maruti Baleno,2012,8.02,0.96,91481,Petrol,Dealer,Manual,1,799,25.3,Mohali,Grey,14
4687,Kia Sonet,2012,12.85,1.54,102672,Petrol,Dealer,Manual,2,1497,21.0,Chennai,Silver,14
4688,Skoda Rapid,2023,8.95,6.19,30117,Diesel,Dealer,Manual,0,799,17.0,Lucknow,Grey,3
4689,Maruti Alto,2016,4.02,0.55,88482,Petrol,Individual,Manual,0,1997,20.8,Mohali,Silver,10
4690,Toyota Glanza,2018,9.95,1.62,54089,Petrol,Individual,Manual,1,2755,14.2,Hyderabad,Blue,8
4691,Renault Kwid,2017,4.56,0.56,57434,Petrol,Individual,Manual,1,1997,12.2,Chennai,Red,9
4692,Renault Kwid,2025,5.59,4.66,24106,Petrol,Dealer,Manual,0,1597,23.6,Kolkata,Blue,1
4693,Tata Safari,2022,24.08,13.11,61887,Diesel,Dealer,Automatic,0,1956,18.0,Chandigarh,Red,4
4694,Mahindra Bolero,2013,9.49,1.14,92288,Diesel,Individual,Manual,0,2755,17.9,Bengaluru,Brown,13
4695,Volkswagen Virtus,2013,16.73,2.01,91107,Petrol,Dealer,Automatic,0,1498,12.4,Delhi,Grey,13
4696,Maruti Brezza,2015,13.32,1.6,80115,Petrol,Individual,Manual,0,799,15.8,Lucknow,Blue,11
4697,Skoda Rapid,2015,9.39,1.13,53159,Diesel,Individual,Manual,0,2393,25.3,Lucknow,Brown,11
4698,Tata Altroz,2023,8.1,4.32,71285,Petrol,Dealer,Manual,0,2179,21.9,Delhi,Silver,3
4699,Tata Harrier,2021,21.36,8.99,66183,Diesel,Dealer,Manual,0,1597,13.6,Mumbai,Blue,5
4700,Mahindra Thar,2018,15.83,1.9,67846,Diesel,Dealer,Manual,1,1597,16.7,Jaipur,Blue,8
4701,Maruti Ertiga,2025,11.49,9.67,15284,Petrol,Dealer,Manual,1,1197,15.7,Jaipur,White,1
4702,Honda Elevate,2016,17.84,2.14,114161,Petrol,Dealer,Manual,3,1956,17.8,Lucknow,White,10
4703,Renault Kwid,2019,5.2,1.54,38087,Petrol,Dealer,Manual,0,1197,19.6,Hyderabad,Silver,7
4704,Maruti Brezza,2025,12.53,11.56,2500,Petrol,Dealer,Manual,1,998,16.4,Bengaluru,Grey,1
4705,Hyundai Venue,2020,12.94,5.4,40948,Petrol,Individual,Manual,0,1956,24.9,Ludhiana,Grey,6
4706,Mahindra XUV700,2018,23.2,6.36,39880,Diesel,Dealer,Automatic,0,1597,21.3,Jaipur,Silver,8
4707,Mahindra Scorpio,2017,19.03,2.28,75116,Diesel,Dealer,Manual,1,2179,12.1,Noida,Grey,9
4708,Volkswagen Polo,2014,7.58,0.91,104792,Petrol,Dealer,Manual,0,998,15.6,Chandigarh,White,12
4709,Toyota Fortuner,2012,39.11,4.69,111897,Diesel,Individual,Automatic,0,1197,20.6,Mumbai,Silver,14
4710,Mahindra Scorpio,2019,18.35,5.17,59133,Diesel,Dealer,Manual,0,1197,20.6,Amritsar,White,7
4711,Honda Amaze,2023,8.38,5.62,36031,Petrol,Individual,Manual,0,1956,20.2,Ludhiana,White,3
4712,Kia Seltos,2015,15.99,1.92,114665,Diesel,Dealer,Manual,0,1497,18.3,Mohali,White,11
4713,Toyota Innova Crysta,2019,24.46,11.39,16389,Diesel,Individual,Manual,0,998,15.9,Pune,Blue,7
4714,Toyota Innova Crysta,2025,26.15,22.9,11461,Diesel,Dealer,Manual,0,2179,19.3,Ludhiana,Brown,1
4715,Renault Kwid,2021,5.06,3.04,11231,Petrol,Individual,Manual,0,1997,15.2,Noida,Blue,5
4716,Maruti Ertiga,2013,11.83,1.42,94564,Petrol,Individual,Manual,1,2179,18.0,Mumbai,Black,13
4717,Toyota Fortuner,2019,39.3,12.99,49236,Diesel,Dealer,Automatic,0,1597,16.4,Ludhiana,Black,7
4718,Kia Seltos,2017,18.82,2.26,68640,Diesel,Dealer,Manual,1,1498,13.8,Delhi,Silver,9
4719,Tata Nexon,2019,13.32,4.92,20716,Petrol,Individual,Manual,1,1199,21.9,Ludhiana,Red,7
4720,Maruti Alto,2018,4.05,0.55,74284,Petrol,Individual,Manual,2,2179,17.4,Hyderabad,Silver,8
4721,Maruti Swift,2018,8.23,1.76,68198,Petrol,Dealer,Manual,1,1997,20.3,Pune,Silver,8
4722,Renault Kiger,2017,9.14,1.1,79963,Petrol,Individual,Manual,0,2179,12.7,Chennai,Red,9
4723,Volkswagen Virtus,2017,18.72,2.25,82885,Petrol,Dealer,Automatic,0,1497,18.1,Bengaluru,Red,9
4724,Renault Kiger,2025,8.16,7.6,2500,Petrol,Individual,Manual,0,2179,18.8,Bengaluru,Silver,1
4725,Toyota Innova Crysta,2014,25.01,3.0,76942,Diesel,Dealer,Manual,1,1497,13.9,Noida,White,12
4726,Toyota Innova Crysta,2023,27.22,17.26,27862,Diesel,Dealer,Manual,0,1597,17.4,Ludhiana,Silver,3
4727,Maruti Ertiga,2014,10.33,1.24,86408,Petrol,Individual,Manual,2,1199,15.9,Pune,Grey,12
4728,Tata Tiago,2021,6.79,1.73,81761,Petrol,Individual,Manual,0,998,19.9,Amritsar,Grey,5
4729,Skoda Rapid,2024,9.47,6.39,40771,Diesel,Dealer,Manual,1,1197,18.0,Delhi,Black,2
4730,Hyundai Venue,2020,11.27,4.86,22730,Petrol,Dealer,Manual,2,1956,19.6,Lucknow,Brown,6
4731,Renault Kiger,2022,9.47,5.14,51907,Petrol,Dealer,Manual,0,1498,17.8,Bengaluru,White,4
4732,Kia Sonet,2021,13.82,4.18,86586,Petrol,Dealer,Manual,1,998,15.7,Amritsar,Grey,5
4733,Kia Seltos,2012,19.22,2.31,98672,Diesel,Dealer,Manual,1,1199,12.5,Noida,Brown,14
4734,Volkswagen Polo,2019,7.55,2.94,17034,Petrol,Dealer,Manual,0,1956,12.6,Kolkata,Brown,7
4735,Tata Nexon,2016,12.64,1.52,115151,Petrol,Dealer,Manual,1,1498,23.7,Amritsar,Black,10
4736,Tata Punch,2014,9.84,1.18,117729,Petrol,Dealer,Manual,0,998,14.1,Bengaluru,Red,12
4737,Tata Safari,2018,22.61,3.87,64387,Diesel,Dealer,Automatic,0,1497,18.0,Kolkata,Grey,8
4738,Hyundai i20,2016,9.05,1.09,99832,Petrol,Dealer,Manual,0,1197,23.6,Chandigarh,Grey,10
4739,Volkswagen Polo,2014,7.4,0.89,107737,Petrol,Dealer,Manual,1,2179,21.0,Jaipur,Silver,12
4740,Maruti Ciaz,2018,10.85,2.57,59438,Petrol,Dealer,Manual,0,2393,16.7,Kolkata,White,8
4741,Volkswagen Polo,2012,7.3,0.88,124655,Petrol,Dealer,Manual,1,1199,20.7,Lucknow,Silver,14
4742,Maruti Ertiga,2016,12.73,1.53,95380,Petrol,Dealer,Manual,1,1997,23.6,Kolkata,Brown,10
4743,Jeep Compass,2025,25.71,23.92,2500,Diesel,Dealer,Automatic,0,2179,23.5,Pune,Blue,1
4744,Maruti Ciaz,2012,12.43,1.49,111896,Petrol,Dealer,Manual,0,2755,24.6,Gurugram,Black,14
4745,Maruti Brezza,2015,11.58,1.39,86962,Petrol,Individual,Manual,1,1997,21.4,Ludhiana,Blue,11
4746,Maruti Alto,2014,4.17,0.55,107079,Petrol,Individual,Manual,1,799,14.0,Delhi,Blue,12
4747,Volkswagen Polo,2016,7.59,0.91,73994,Petrol,Dealer,Manual,1,2393,22.4,Noida,Blue,10
4748,MG Hector,2015,19.2,2.3,129070,Petrol,Dealer,Automatic,1,1997,12.9,Mohali,White,11
4749,Honda Elevate,2013,15.75,1.89,106211,Petrol,Individual,Manual,0,1497,15.8,Ludhiana,Black,13
4750,Maruti Swift,2015,9.05,1.09,63997,Petrol,Individual,Manual,0,1197,14.8,Hyderabad,Black,11
4751,Maruti Baleno,2014,9.65,1.16,108583,Petrol,Individual,Manual,1,799,12.6,Gurugram,Red,12
4752,Hyundai i20,2016,8.83,1.06,95059,Petrol,Dealer,Manual,1,1497,14.3,Noida,Brown,10
4753,Tata Safari,2012,25.96,3.12,157232,Diesel,Dealer,Automatic,0,1197,19.0,Chandigarh,Red,14
4754,Volkswagen Virtus,2025,17.87,13.54,34393,Petrol,Dealer,Automatic,1,998,13.1,Jaipur,Brown,1
4755,Tata Nexon,2025,13.36,12.08,8471,Petrol,Dealer,Manual,0,1197,19.3,Mumbai,White,1
4756,MG Hector,2024,19.42,13.06,52048,Petrol,Dealer,Automatic,0,1197,23.2,Mumbai,Brown,2
4757,Tata Altroz,2015,9.7,1.16,77180,Petrol,Dealer,Manual,0,1597,25.2,Ludhiana,Blue,11
4758,Skoda Rapid,2012,10.07,1.21,136607,Diesel,Dealer,Manual,1,1197,22.7,Jaipur,Brown,14
4759,Maruti Swift,2022,8.54,5.06,38603,Petrol,Dealer,Manual,0,2179,22.2,Mohali,White,4
4760,Maruti Baleno,2025,9.05,8.28,2500,Petrol,Dealer,Manual,0,1997,13.1,Pune,Red,1
4761,Maruti Fronx,2017,8.93,1.23,58352,Petrol,Individual,Manual,1,2393,20.7,Amritsar,Silver,9
4762,Hyundai Grand i10,2014,7.45,0.89,104079,Petrol,Individual,Manual,0,799,24.0,Lucknow,Black,12
4763,Kia Sonet,2023,12.59,7.5,56775,Petrol,Dealer,Manual,0,998,20.3,Gurugram,Grey,3
4764,Honda City,2023,14.02,8.03,41775,Petrol,Dealer,Manual,1,1997,14.2,Ludhiana,Blue,3
4765,Toyota Fortuner,2012,41.63,5.0,97830,Diesel,Dealer,Automatic,1,1997,16.0,Bengaluru,Red,14
4766,Maruti Ertiga,2018,12.11,1.9,78276,Petrol,Dealer,Manual,0,1597,19.6,Gurugram,White,8
4767,Kia Seltos,2015,16.26,1.95,102611,Diesel,Individual,Manual,0,1997,18.0,Mumbai,Brown,11
4768,Maruti Ertiga,2025,11.55,9.86,17427,Petrol,Dealer,Manual,0,2179,13.8,Mohali,Blue,1
4769,Tata Punch,2013,9.59,1.15,97532,Petrol,Individual,Manual,1,799,23.9,Amritsar,Black,13
4770,Maruti Wagon R,2025,6.05,4.64,37392,Petrol,Dealer,Manual,1,1498,16.7,Lucknow,Black,1
4771,Mahindra XUV700,2025,23.84,17.31,46616,Diesel,Dealer,Automatic,0,2179,18.4,Ludhiana,Red,1
4772,Kia Sonet,2012,13.28,1.59,128773,Petrol,Individual,Manual,1,799,25.4,Lucknow,Silver,14
4773,Maruti Dzire,2017,10.08,1.21,76143,Petrol,Individual,Manual,0,2393,13.0,Kolkata,Grey,9
4774,Honda City,2019,15.82,3.93,73411,Petrol,Dealer,Manual,0,2393,21.2,Chandigarh,Brown,7
4775,Maruti Swift,2019,7.98,2.48,51410,Petrol,Dealer,Manual,1,1956,14.3,Hyderabad,Black,7
4776,Tata Altroz,2023,9.13,5.49,56910,Petrol,Dealer,Manual,1,2755,12.2,Pune,Brown,3
4777,Maruti Fronx,2023,9.8,6.1,29115,Petrol,Individual,Manual,1,2393,24.0,Lucknow,Silver,3
4778,Hyundai Creta,2016,19.01,2.28,79295,Diesel,Dealer,Manual,0,2179,15.5,Pune,Black,10
4779,Kia Seltos,2017,18.7,2.24,117212,Diesel,Dealer,Manual,0,2755,14.9,Chennai,Brown,9
4780,Maruti Wagon R,2025,6.43,4.92,2500,Petrol,Dealer,Manual,3,799,17.0,Mohali,Brown,1
4781,Honda Amaze,2013,8.09,0.97,107914,Petrol,Individual,Manual,0,1497,17.2,Mumbai,Brown,13
4782,Mahindra Bolero,2014,10.62,1.27,117763,Diesel,Individual,Manual,0,998,18.7,Ludhiana,Silver,12
4783,MG Hector,2012,19.33,2.32,150663,Petrol,Individual,Automatic,1,1498,18.2,Amritsar,White,14
4784,Honda City,2018,15.94,1.91,92327,Petrol,Individual,Manual,0,1597,24.5,Chandigarh,Brown,8
4785,Tata Safari,2021,21.49,10.46,2500,Diesel,Individual,Automatic,1,1197,13.2,Delhi,White,5
4786,Toyota Fortuner,2020,40.98,15.94,27527,Diesel,Individual,Automatic,2,1199,18.5,Bengaluru,Blue,6
4787,Skoda Slavia,2022,16.91,8.3,46939,Petrol,Individual,Automatic,0,1197,21.5,Chennai,White,4
4788,Honda Amaze,2014,7.93,0.95,92192,Petrol,Individual,Manual,2,998,16.4,Chennai,Brown,12
4789,Honda Amaze,2015,8.79,1.05,125782,Petrol,Individual,Manual,0,1498,25.2,Gurugram,Brown,11
4790,Honda Amaze,2020,8.98,2.68,105143,Petrol,Individual,Manual,0,1199,16.9,Jaipur,Grey,6
4791,Maruti Alto,2020,4.23,1.14,69411,Petrol,Dealer,Manual,0,1197,14.2,Jaipur,Grey,6
4792,Hyundai Creta,2023,16.05,12.6,5928,Diesel,Dealer,Manual,0,2393,21.7,Hyderabad,Red,3
4793,Honda Amaze,2025,8.82,7.64,7890,Petrol,Dealer,Manual,0,2179,19.5,Hyderabad,White,1
4794,Ford EcoSport,2022,8.38,4.28,63356,Diesel,Individual,Manual,0,1498,17.7,Mohali,Red,4
4795,Maruti Alto,2021,4.07,2.24,22715,Petrol,Individual,Manual,0,1997,23.6,Lucknow,Silver,5
4796,Mahindra XUV700,2013,23.71,2.85,69122,Diesel,Dealer,Automatic,2,1199,13.6,Pune,Silver,13
4797,MG Hector,2014,23.22,2.79,160164,Petrol,Dealer,Automatic,0,998,18.4,Mohali,Red,12
4798,Tata Safari,2017,22.26,2.67,86266,Diesel,Dealer,Automatic,1,1199,12.1,Gurugram,Silver,9
4799,Maruti Swift,2014,8.12,0.97,105779,Petrol,Dealer,Manual,0,1997,16.0,Amritsar,Grey,12
4800,Hyundai Verna,2013,13.56,1.63,141303,Petrol,Dealer,Manual,1,799,22.5,Chennai,Blue,13
4801,Mahindra Scorpio,2025,22.0,15.06,46135,Diesel,Dealer,Manual,1,1497,22.0,Lucknow,Red,1
4802,Kia Sonet,2014,11.54,1.39,87681,Petrol,Dealer,Manual,1,1199,21.3,Bengaluru,Silver,12
4803,Toyota Glanza,2014,9.22,1.11,106133,Petrol,Dealer,Manual,1,1597,12.9,Jaipur,Black,12
4804,MG Hector,2023,22.57,14.06,55469,Petrol,Individual,Automatic,0,1199,21.9,Bengaluru,Silver,3
4805,Nissan Magnite,2012,8.03,0.96,151031,Petrol,Dealer,Manual,0,1956,16.8,Noida,Grey,14
4806,Maruti Brezza,2015,11.64,1.4,65305,Petrol,Individual,Manual,0,2393,18.0,Gurugram,White,11
4807,Toyota Fortuner,2015,46.18,5.54,44614,Diesel,Individual,Automatic,0,998,25.1,Mohali,Silver,11
4808,Tata Altroz,2013,8.71,1.05,62857,Petrol,Dealer,Manual,0,1497,12.8,Noida,Brown,13
4809,Jeep Compass,2018,28.83,3.48,88305,Diesel,Individual,Automatic,1,1997,15.7,Hyderabad,White,8
4810,Tata Altroz,2014,9.54,1.14,120544,Petrol,Dealer,Manual,1,1597,18.4,Mumbai,Black,12
4811,Maruti Ciaz,2020,10.38,3.58,69880,Petrol,Dealer,Manual,0,1197,23.7,Lucknow,Brown,6
4812,Tata Harrier,2013,22.1,2.65,68927,Diesel,Dealer,Manual,1,1497,23.7,Jaipur,Blue,13
4813,Hyundai Grand i10,2019,7.82,2.93,43737,Petrol,Individual,Manual,0,2393,19.4,Ludhiana,Grey,7
4814,Volkswagen Polo,2013,7.08,0.85,106290,Petrol,Dealer,Manual,1,1497,13.1,Pune,White,13
4815,Renault Kwid,2018,4.69,0.56,92222,Petrol,Dealer,Manual,1,1997,24.3,Noida,Blue,8
4816,Maruti Ertiga,2023,10.65,5.46,39673,Petrol,Dealer,Manual,2,799,24.0,Gurugram,Silver,3
4817,Toyota Glanza,2021,7.97,3.69,37310,Petrol,Dealer,Manual,2,1597,23.0,Jaipur,White,5
4818,Hyundai Verna,2017,14.85,1.78,74044,Petrol,Individual,Manual,1,799,19.4,Mumbai,Grey,9
4819,MG Hector,2017,22.14,4.38,42121,Petrol,Individual,Automatic,0,2755,20.4,Delhi,Silver,9
4820,Volkswagen Polo,2012,8.01,0.96,119161,Petrol,Dealer,Manual,0,2393,13.7,Jaipur,Red,14
4821,Maruti Alto,2013,4.2,0.55,103181,Petrol,Dealer,Manual,1,1597,24.6,Pune,Silver,13
4822,Maruti Ertiga,2020,10.47,2.58,95031,Petrol,Dealer,Manual,1,799,16.0,Jaipur,Grey,6
4823,Kia Sonet,2025,13.53,10.61,27158,Petrol,Dealer,Manual,0,1199,25.0,Ludhiana,Silver,1
4824,Renault Kiger,2023,10.0,7.5,26095,Petrol,Individual,Manual,0,1199,15.0,Pune,Black,3
4825,MG Hector,2020,21.48,7.59,42100,Petrol,Dealer,Automatic,0,1597,15.0,Jaipur,Brown,6
4826,Maruti Ertiga,2017,12.36,1.48,74186,Petrol,Individual,Manual,0,998,14.0,Mumbai,Grey,9
4827,Mahindra Bolero,2019,10.7,2.76,78738,Diesel,Dealer,Manual,0,998,21.3,Chandigarh,White,7
4828,Hyundai Alcazar,2022,19.25,11.29,35190,Diesel,Dealer,Automatic,0,1597,23.0,Kolkata,Red,4
4829,Tata Harrier,2023,20.93,13.17,23006,Diesel,Dealer,Manual,2,799,19.5,Chandigarh,Black,3
4830,Kia Sonet,2025,12.71,11.2,7242,Petrol,Dealer,Manual,2,2755,17.3,Ludhiana,Black,1
4831,Maruti Alto,2024,4.07,2.91,30278,Petrol,Dealer,Manual,1,1997,16.8,Delhi,Blue,2
4832,Toyota Innova Crysta,2015,24.35,2.92,43871,Diesel,Dealer,Manual,1,1497,15.6,Noida,White,11
4833,Skoda Rapid,2020,11.07,4.13,55504,Diesel,Dealer,Manual,0,1197,14.7,Pune,Black,6
4834,Mahindra Bolero,2013,8.91,1.07,78319,Diesel,Individual,Manual,0,1956,24.3,Kolkata,Blue,13
4835,Maruti Swift,2015,8.36,1.0,80160,Petrol,Dealer,Manual,0,1597,12.3,Mumbai,Grey,11
4836,Hyundai Creta,2024,18.16,15.45,2500,Diesel,Individual,Manual,0,1997,22.2,Ludhiana,Black,2
4837,Toyota Innova Crysta,2014,23.7,2.84,81006,Diesel,Dealer,Manual,0,1199,20.7,Noida,Silver,12
4838,Volkswagen Polo,2018,7.22,1.03,63356,Petrol,Dealer,Manual,1,1498,12.3,Kolkata,Brown,8
4839,Mahindra Scorpio,2014,19.3,2.32,136938,Diesel,Dealer,Manual,1,2179,13.2,Chandigarh,Silver,12
4840,Ford EcoSport,2019,9.72,1.74,74284,Diesel,Individual,Manual,0,998,12.2,Bengaluru,Blue,7
4841,Hyundai i20,2016,8.7,1.04,78166,Petrol,Individual,Manual,1,1997,13.5,Mohali,White,10
4842,Hyundai Grand i10,2022,7.0,4.51,22280,Petrol,Dealer,Manual,0,1497,13.1,Mohali,Red,4
4843,Hyundai i20,2012,8.38,1.01,80839,Petrol,Dealer,Manual,0,998,14.2,Amritsar,Blue,14
4844,Hyundai Creta,2023,18.8,12.41,2500,Diesel,Individual,Manual,3,1956,14.5,Noida,White,3
4845,Tata Harrier,2015,21.91,2.63,77491,Diesel,Dealer,Manual,1,1498,24.7,Mohali,Blue,11
4846,Tata Safari,2013,24.19,2.9,121550,Diesel,Dealer,Automatic,0,2393,16.6,Mumbai,Blue,13
4847,Hyundai i20,2012,8.43,1.01,138692,Petrol,Individual,Manual,0,2179,23.0,Lucknow,White,14
4848,Honda Elevate,2012,16.42,1.97,123943,Petrol,Individual,Manual,2,2393,19.6,Gurugram,Blue,14
4849,Honda City,2020,15.25,5.6,58979,Petrol,Individual,Manual,0,2179,20.4,Amritsar,Blue,6
4850,Honda Amaze,2013,9.13,1.1,98682,Petrol,Individual,Manual,1,1497,12.5,Mohali,Red,13
4851,Jeep Compass,2013,24.86,2.98,86564,Diesel,Dealer,Automatic,1,2393,21.1,Chennai,Brown,13
4852,Hyundai i20,2025,8.44,7.54,2500,Petrol,Dealer,Manual,0,1199,25.3,Ludhiana,Brown,1
4853,Kia Seltos,2022,18.71,11.67,22896,Diesel,Individual,Manual,0,998,17.3,Hyderabad,White,4
4854,Skoda Slavia,2025,15.97,11.96,2500,Petrol,Dealer,Automatic,2,799,14.9,Bengaluru,Silver,1
4855,Kia Seltos,2025,15.85,15.03,2500,Diesel,Dealer,Manual,0,1956,23.5,Mumbai,Brown,1
4856,Renault Kiger,2014,8.02,0.96,79450,Petrol,Individual,Manual,1,1197,15.8,Amritsar,Blue,12
4857,Honda Elevate,2015,15.39,1.85,62147,Petrol,Individual,Manual,1,1497,21.4,Pune,Red,11
4858,Tata Nexon,2020,10.96,4.71,29708,Petrol,Dealer,Manual,1,1498,15.3,Bengaluru,Blue,6
4859,Maruti Alto,2021,4.32,1.63,75029,Petrol,Individual,Manual,0,1997,18.4,Bengaluru,Black,5
4860,Maruti Ciaz,2012,12.12,1.45,106355,Petrol,Dealer,Manual,1,799,12.9,Jaipur,Red,14
4861,Hyundai Verna,2023,13.83,9.68,19984,Petrol,Dealer,Manual,0,2755,23.4,Gurugram,Red,3
4862,Maruti Fronx,2021,9.77,5.33,16813,Petrol,Individual,Manual,0,998,15.0,Chandigarh,Blue,5
4863,Tata Altroz,2024,8.67,7.24,21492,Petrol,Dealer,Manual,0,1199,13.3,Chandigarh,Grey,2
4864,Ford EcoSport,2019,9.95,2.82,52437,Diesel,Dealer,Manual,0,799,20.3,Pune,White,7
4865,Maruti Swift,2022,8.05,5.73,2500,Petrol,Dealer,Manual,0,1498,23.8,Hyderabad,Blue,4
4866,Kia Sonet,2015,12.75,1.53,64659,Petrol,Dealer,Manual,1,998,22.7,Lucknow,Blue,11
4867,Tata Safari,2025,27.16,20.12,42593,Diesel,Individual,Automatic,1,2393,18.2,Chandigarh,Black,1
4868,Ford EcoSport,2016,9.25,1.11,49139,Diesel,Dealer,Manual,1,1197,22.0,Ludhiana,Silver,10
4869,Hyundai Grand i10,2013,6.86,0.82,119873,Petrol,Dealer,Manual,0,1597,22.5,Mohali,Grey,13
4870,Honda Elevate,2014,14.53,1.74,90631,Petrol,Dealer,Manual,0,2393,17.4,Mohali,Black,12
4871,Toyota Fortuner,2021,45.18,11.83,88042,Diesel,Individual,Automatic,1,799,19.0,Hyderabad,White,5
4872,Tata Safari,2020,28.1,7.49,61859,Diesel,Individual,Automatic,2,1197,18.5,Jaipur,Blue,6
4873,Honda City,2018,16.18,2.14,90819,Petrol,Dealer,Manual,0,1597,17.9,Bengaluru,Black,8
4874,Toyota Glanza,2024,8.18,6.25,24993,Petrol,Dealer,Manual,0,998,14.3,Hyderabad,Grey,2
4875,Tata Harrier,2018,21.42,2.57,89354,Diesel,Dealer,Manual,2,998,20.9,Gurugram,White,8
4876,Kia Sonet,2019,12.94,3.98,47001,Petrol,Dealer,Manual,1,2755,21.9,Chennai,Grey,7
4877,Toyota Innova Crysta,2025,26.52,20.54,18479,Diesel,Dealer,Manual,1,1597,19.7,Chennai,Black,1
4878,Tata Nexon,2023,10.74,5.95,33836,Petrol,Individual,Manual,1,1498,22.1,Jaipur,White,3
4879,Maruti Brezza,2012,12.84,1.54,120904,Petrol,Dealer,Manual,0,2755,13.0,Ludhiana,White,14
4880,Maruti Alto,2024,4.4,3.78,2500,Petrol,Individual,Manual,0,1199,12.7,Mohali,Blue,2
4881,Maruti Baleno,2018,9.85,2.9,41222,Petrol,Dealer,Manual,0,799,13.3,Pune,Grey,8
4882,Hyundai Alcazar,2015,24.44,2.93,75594,Diesel,Dealer,Automatic,0,1956,13.8,Delhi,Red,11
4883,Maruti Dzire,2013,8.92,1.07,102926,Petrol,Individual,Manual,1,1197,15.1,Bengaluru,Black,13
4884,Skoda Slavia,2018,17.63,2.16,85548,Petrol,Dealer,Automatic,0,2393,21.4,Chandigarh,Black,8
4885,Kia Seltos,2024,15.52,13.38,2500,Diesel,Individual,Manual,0,2393,15.6,Pune,Brown,2
4886,Hyundai Verna,2024,13.68,9.21,26978,Petrol,Individual,Manual,1,1498,19.1,Ludhiana,Red,2
4887,Tata Tiago,2013,6.2,0.74,133580,Petrol,Individual,Manual,0,1498,22.7,Mohali,Blue,13
4888,Hyundai Creta,2012,16.64,2.0,141208,Diesel,Dealer,Manual,0,2755,21.3,Kolkata,Blue,14
4889,Tata Nexon,2025,12.68,10.01,47915,Petrol,Dealer,Manual,0,1597,25.4,Chennai,Red,1
4890,Tata Altroz,2021,8.31,4.83,18451,Petrol,Individual,Manual,0,799,15.0,Hyderabad,Black,5
4891,Skoda Slavia,2024,18.26,14.53,21288,Petrol,Individual,Automatic,0,799,20.7,Ludhiana,Grey,2
4892,Maruti Alto,2015,4.08,0.55,88941,Petrol,Individual,Manual,2,2179,21.9,Noida,Grey,11
4893,Maruti Brezza,2019,11.9,3.05,51360,Petrol,Individual,Manual,1,1956,20.7,Gurugram,Silver,7
4894,Renault Kwid,2015,4.58,0.55,80522,Petrol,Individual,Manual,0,1498,22.1,Gurugram,White,11
4895,Nissan Magnite,2025,8.95,8.49,2500,Petrol,Individual,Manual,0,998,17.8,Jaipur,Silver,1
4896,Maruti Alto,2013,4.02,0.55,79468,Petrol,Dealer,Manual,0,1997,18.7,Pune,Silver,13
4897,Maruti Fronx,2014,9.76,1.17,90907,Petrol,Dealer,Manual,0,998,21.0,Amritsar,Silver,12
4898,Kia Seltos,2023,19.38,14.84,9214,Diesel,Individual,Manual,0,2755,19.7,Bengaluru,Brown,3
4899,Toyota Innova Crysta,2025,25.22,21.85,5086,Diesel,Individual,Manual,1,2179,24.4,Jaipur,Grey,1
4900,Ford EcoSport,2025,8.63,6.33,43778,Diesel,Individual,Manual,2,1597,16.2,Chandigarh,Grey,1
4901,Hyundai Venue,2016,12.9,1.55,83789,Petrol,Individual,Manual,3,2755,20.1,Noida,Black,10
4902,Maruti Wagon R,2015,5.32,0.64,76943,Petrol,Individual,Manual,0,1997,16.7,Bengaluru,Brown,11
4903,Mahindra Bolero,2014,10.98,1.32,114729,Diesel,Dealer,Manual,0,1956,25.0,Jaipur,Black,12
4904,Maruti Swift,2024,8.82,6.51,33720,Petrol,Individual,Manual,1,1597,13.6,Lucknow,Silver,2
4905,Mahindra Thar,2023,16.66,12.31,27834,Diesel,Individual,Manual,0,998,16.4,Chandigarh,Red,3
4906,Hyundai Alcazar,2014,21.01,2.52,107080,Diesel,Individual,Automatic,0,799,15.2,Jaipur,Silver,12
4907,Ford EcoSport,2017,10.41,1.25,82761,Diesel,Individual,Manual,0,998,23.1,Delhi,Silver,9
4908,Hyundai Grand i10,2020,6.83,2.52,40269,Petrol,Dealer,Manual,1,1197,21.2,Noida,White,6
4909,Kia Sonet,2018,11.12,1.33,69616,Petrol,Individual,Manual,0,1997,18.7,Jaipur,Red,8
4910,Tata Tiago,2013,6.77,0.81,120924,Petrol,Dealer,Manual,0,1498,20.7,Kolkata,Blue,13
4911,Maruti Alto,2016,4.52,0.55,102920,Petrol,Individual,Manual,0,1997,23.0,Ludhiana,Red,10
4912,Ford EcoSport,2025,8.98,6.42,38388,Diesel,Individual,Manual,1,1597,21.4,Bengaluru,Brown,1
4913,Hyundai Verna,2014,14.02,1.68,87776,Petrol,Individual,Manual,0,1956,19.2,Noida,Blue,12
4914,Maruti Wagon R,2016,6.42,0.77,70124,Petrol,Dealer,Manual,2,799,22.7,Jaipur,Black,10
4915,Volkswagen Virtus,2012,17.64,2.12,133821,Petrol,Individual,Automatic,0,998,13.8,Bengaluru,Blue,14
4916,Mahindra Thar,2023,18.59,9.76,68954,Diesel,Individual,Manual,0,1956,17.7,Bengaluru,White,3
4917,Maruti Brezza,2018,12.75,1.53,84953,Petrol,Dealer,Manual,2,2179,18.9,Kolkata,Grey,8
4918,Hyundai Venue,2017,11.1,1.33,100400,Petrol,Individual,Manual,2,1197,16.4,Gurugram,Blue,9
4919,Nissan Magnite,2014,8.5,1.02,98012,Petrol,Dealer,Manual,0,1199,14.5,Hyderabad,Red,12
4920,Maruti Dzire,2022,8.78,6.48,2500,Petrol,Dealer,Manual,0,1197,17.9,Jaipur,Black,4
4921,Volkswagen Polo,2013,7.55,0.91,87255,Petrol,Individual,Manual,0,1597,12.9,Mohali,Grey,13
4922,Hyundai Grand i10,2021,6.57,2.36,71140,Petrol,Dealer,Manual,0,1197,13.7,Amritsar,Grey,5
4923,Volkswagen Polo,2017,7.65,0.92,58280,Petrol,Dealer,Manual,3,1997,12.3,Chennai,White,9
4924,Nissan Magnite,2022,10.02,5.62,27251,Petrol,Dealer,Manual,1,1497,16.5,Delhi,Brown,4
4925,Toyota Innova Crysta,2020,26.55,9.28,68706,Diesel,Dealer,Manual,0,1498,20.5,Hyderabad,Brown,6
4926,Tata Harrier,2021,17.81,10.57,2500,Diesel,Dealer,Manual,0,1199,14.4,Mohali,Black,5
4927,Honda Elevate,2021,16.93,7.07,60920,Petrol,Dealer,Manual,0,1997,14.4,Kolkata,Red,5
4928,Skoda Slavia,2022,18.33,10.65,30483,Petrol,Individual,Automatic,0,1197,23.6,Chandigarh,White,4
4929,Honda Amaze,2015,9.52,1.14,105883,Petrol,Individual,Manual,1,1956,12.5,Chandigarh,Red,11
4930,Hyundai Verna,2025,16.16,11.66,33005,Petrol,Dealer,Manual,2,2179,17.3,Mohali,Brown,1
4931,Toyota Fortuner,2017,45.83,5.5,96273,Diesel,Dealer,Automatic,0,2755,20.5,Gurugram,Silver,9
4932,Honda City,2012,14.22,1.71,114789,Petrol,Dealer,Manual,0,1997,17.4,Gurugram,Blue,14
4933,Nissan Magnite,2025,8.66,7.86,2983,Petrol,Dealer,Manual,0,2393,15.8,Lucknow,Brown,1
4934,Tata Safari,2024,22.36,16.8,28006,Diesel,Individual,Automatic,1,1498,24.4,Bengaluru,Blue,2
4935,Skoda Slavia,2024,18.19,13.29,3881,Petrol,Dealer,Automatic,1,2755,23.3,Hyderabad,Brown,2
4936,Mahindra Scorpio,2013,18.4,2.21,114373,Diesel,Individual,Manual,0,1199,24.6,Mumbai,White,13
4937,Hyundai Creta,2018,15.89,3.54,52066,Diesel,Dealer,Manual,0,799,23.9,Hyderabad,Grey,8
4938,Jeep Compass,2021,27.51,12.76,54567,Diesel,Individual,Automatic,0,2755,16.9,Jaipur,Brown,5
4939,Maruti Baleno,2016,8.23,0.99,55768,Petrol,Dealer,Manual,0,998,16.0,Bengaluru,Grey,10
4940,Skoda Slavia,2018,16.12,1.93,89477,Petrol,Dealer,Automatic,2,2393,13.5,Mohali,Grey,8
4941,Toyota Fortuner,2019,37.26,12.93,56221,Diesel,Dealer,Automatic,0,2755,17.3,Mumbai,Black,7
4942,Maruti Brezza,2020,13.15,5.56,40139,Petrol,Dealer,Manual,0,1997,20.4,Pune,Grey,6
4943,Tata Tiago,2022,6.77,3.89,31359,Petrol,Dealer,Manual,1,998,17.4,Hyderabad,Silver,4
4944,Maruti Fronx,2020,10.98,3.51,49269,Petrol,Dealer,Manual,1,799,20.7,Mumbai,Blue,6
4945,Skoda Slavia,2016,16.17,1.94,85031,Petrol,Dealer,Automatic,2,1498,20.1,Pune,Red,10
4946,Honda Elevate,2025,16.17,14.19,6921,Petrol,Dealer,Manual,0,799,20.9,Mohali,White,1
4947,Maruti Fronx,2018,9.79,1.59,59670,Petrol,Dealer,Manual,1,1597,15.3,Jaipur,Brown,8
4948,Tata Harrier,2025,21.62,18.27,2500,Diesel,Dealer,Manual,0,2179,16.0,Lucknow,Silver,1
4949,Honda Elevate,2017,14.7,1.76,55526,Petrol,Individual,Manual,0,998,20.7,Chandigarh,White,9
4950,Volkswagen Polo,2019,7.74,1.92,50730,Petrol,Dealer,Manual,1,998,14.3,Mumbai,Black,7
4951,Maruti Swift,2012,8.83,1.06,120108,Petrol,Individual,Manual,0,2755,12.7,Kolkata,Blue,14
4952,Maruti Swift,2020,8.2,2.79,54823,Petrol,Dealer,Manual,1,2755,18.1,Gurugram,Grey,6
4953,Toyota Fortuner,2015,38.79,4.65,108953,Diesel,Dealer,Automatic,0,1597,22.5,Chandigarh,Grey,11
4954,Mahindra Bolero,2016,10.61,1.27,83845,Diesel,Dealer,Manual,2,799,12.5,Bengaluru,Brown,10
4955,Tata Harrier,2018,19.6,3.39,75403,Diesel,Dealer,Manual,0,998,17.7,Hyderabad,Grey,8
4956,Honda Elevate,2020,14.58,3.42,50477,Petrol,Individual,Manual,3,1956,18.8,Hyderabad,Grey,6
4957,Skoda Slavia,2022,16.25,6.89,43569,Petrol,Dealer,Automatic,1,1956,17.2,Delhi,Blue,4
4958,Toyota Fortuner,2015,36.77,4.41,69062,Diesel,Dealer,Automatic,1,1997,20.4,Ludhiana,Grey,11
4959,Maruti Brezza,2015,13.11,1.57,106621,Petrol,Dealer,Manual,0,2755,17.2,Noida,Grey,11
4960,Skoda Rapid,2021,9.59,4.11,58897,Diesel,Dealer,Manual,0,2755,16.7,Kolkata,Silver,5
4961,Tata Harrier,2022,22.18,14.69,30557,Diesel,Individual,Manual,0,1597,15.6,Jaipur,White,4
4962,Hyundai Creta,2023,17.83,8.56,66925,Diesel,Individual,Manual,2,998,13.4,Mohali,Blue,3
4963,Renault Kiger,2024,8.18,6.28,14071,Petrol,Dealer,Manual,0,1498,24.3,Chennai,Red,2
4964,Hyundai Verna,2020,13.41,7.75,19669,Petrol,Dealer,Manual,0,2179,20.1,Mumbai,White,6
4965,Tata Nexon,2023,11.78,7.67,22342,Petrol,Dealer,Manual,1,799,21.7,Mumbai,White,3
4966,Maruti Baleno,2018,8.35,1.81,74899,Petrol,Individual,Manual,0,2393,24.2,Mohali,Brown,8
4967,Volkswagen Virtus,2021,18.01,9.01,27549,Petrol,Dealer,Automatic,1,1199,12.9,Jaipur,White,5
4968,Tata Altroz,2013,8.48,1.02,131929,Petrol,Dealer,Manual,3,2755,21.4,Noida,Brown,13
4969,Honda Elevate,2012,16.66,2.0,94277,Petrol,Dealer,Manual,0,1956,20.3,Mumbai,Black,14
4970,Maruti Swift,2017,7.33,0.88,80650,Petrol,Dealer,Manual,0,1597,12.9,Ludhiana,Silver,9
4971,Mahindra Scorpio,2016,19.86,2.38,103251,Diesel,Individual,Manual,0,1597,23.6,Kolkata,Grey,10
4972,Tata Nexon,2021,11.52,4.7,37729,Petrol,Dealer,Manual,2,1997,12.7,Bengaluru,Blue,5
4973,Toyota Innova Crysta,2012,25.02,3.0,110503,Diesel,Dealer,Manual,0,1199,18.2,Jaipur,Silver,14
4974,Kia Sonet,2016,12.67,1.52,112822,Petrol,Dealer,Manual,0,1997,25.4,Jaipur,Brown,10
4975,Volkswagen Virtus,2012,17.58,2.11,132667,Petrol,Individual,Automatic,1,2755,19.4,Pune,Grey,14
4976,Toyota Innova Crysta,2024,25.0,20.36,42166,Diesel,Dealer,Manual,0,1199,15.1,Gurugram,Silver,2
4977,Tata Safari,2016,22.7,2.72,91112,Diesel,Dealer,Automatic,0,1956,22.1,Pune,Brown,10
4978,Mahindra Thar,2015,16.1,1.93,74511,Diesel,Dealer,Manual,1,2179,19.9,Chennai,Grey,11
4979,Kia Seltos,2025,18.77,17.46,2500,Diesel,Dealer,Manual,0,1497,16.0,Noida,Blue,1
4980,Tata Punch,2025,9.18,7.17,50387,Petrol,Dealer,Manual,0,1997,23.5,Noida,Silver,1
4981,Skoda Slavia,2018,15.21,2.33,76440,Petrol,Individual,Automatic,0,2179,13.7,Ludhiana,Red,8
4982,Ford EcoSport,2017,9.99,1.2,71156,Diesel,Dealer,Manual,0,1497,16.6,Chennai,Grey,9
4983,Hyundai Venue,2016,11.01,1.32,59998,Petrol,Dealer,Manual,0,1956,15.5,Mumbai,Silver,10
4984,Hyundai Alcazar,2018,22.73,2.73,105580,Diesel,Dealer,Automatic,0,2179,15.5,Ludhiana,Black,8
4985,Hyundai Grand i10,2021,7.15,2.73,53085,Petrol,Individual,Manual,2,2179,18.5,Amritsar,Grey,5
4986,Maruti Baleno,2014,8.73,1.05,87295,Petrol,Dealer,Manual,0,1597,23.4,Delhi,Brown,12
4987,Maruti Baleno,2013,9.06,1.09,132706,Petrol,Dealer,Manual,0,1497,22.8,Lucknow,Silver,13
4988,Honda City,2014,16.46,1.97,118032,Petrol,Individual,Manual,1,1199,24.1,Gurugram,Red,12
4989,Maruti Wagon R,2020,5.46,1.89,40475,Petrol,Dealer,Manual,1,2393,15.8,Chandigarh,Red,6
4990,Mahindra Scorpio,2014,21.46,2.57,73669,Diesel,Dealer,Manual,0,1197,14.5,Noida,Blue,12
4991,Maruti Alto,2012,4.06,0.55,133452,Petrol,Dealer,Manual,0,1199,25.2,Hyderabad,Black,14
4992,Maruti Fronx,2021,9.1,4.04,44712,Petrol,Dealer,Manual,1,2393,14.7,Chandigarh,Brown,5
4993,Honda Amaze,2023,8.97,5.47,56633,Petrol,Individual,Manual,0,998,15.1,Gurugram,Grey,3
4994,Maruti Ertiga,2019,12.67,3.48,67376,Petrol,Individual,Manual,0,1597,16.8,Delhi,Blue,7
4995,Ford EcoSport,2020,8.53,2.33,81875,Diesel,Dealer,Manual,0,2393,20.5,Bengaluru,Brown,6
4996,Hyundai Alcazar,2017,22.42,3.76,59796,Diesel,Individual,Automatic,1,1199,18.0,Chandigarh,Silver,9
4997,Hyundai i20,2015,9.59,1.15,106254,Petrol,Dealer,Manual,0,799,21.5,Hyderabad,Silver,11
4998,Hyundai Creta,2021,18.37,5.94,84152,Diesel,Individual,Manual,0,1497,13.7,Jaipur,Black,5
4999,Maruti Ertiga,2021,11.68,6.64,34623,Petrol,Dealer,Manual,0,1498,15.9,Pune,White,5
5000,Skoda Rapid,2018,9.25,1.38,89161,Diesel,Dealer,Manual,0,998,15.7,Gurugram,White,8
5001,Honda Amaze,2017,8.9,1.07,69997,Petrol,Dealer,Manual,1,998,19.7,Bengaluru,Silver,9
5002,Renault Kiger,2016,9.71,1.17,108476,Petrol,Dealer,Manual,1,1497,22.1,Bengaluru,Grey,10
5003,Skoda Slavia,2023,17.05,12.86,2500,Petrol,Individual,Automatic,0,1199,19.0,Chandigarh,White,3
5004,Tata Nexon,2024,11.61,8.17,32162,Petrol,Dealer,Manual,2,1498,12.5,Chennai,Blue,2
5005,Tata Safari,2025,23.36,20.81,2500,Diesel,Individual,Automatic,1,998,12.0,Gurugram,Blue,1
5006,Skoda Rapid,2015,10.9,1.31,84969,Diesel,Dealer,Manual,0,1197,22.6,Delhi,Brown,11
5007,Mahindra Scorpio,2021,20.73,12.94,2500,Diesel,Dealer,Manual,0,2179,24.1,Amritsar,Blue,5
5008,Tata Safari,2013,23.05,2.77,98396,Diesel,Dealer,Automatic,1,1597,15.2,Lucknow,Red,13
5009,Maruti Ertiga,2018,12.52,2.65,57285,Petrol,Individual,Manual,1,2393,19.8,Mohali,Grey,8
5010,Toyota Glanza,2016,8.71,1.05,56836,Petrol,Dealer,Manual,1,1597,18.7,Hyderabad,Black,10
5011,Maruti Brezza,2014,13.14,1.58,91019,Petrol,Individual,Manual,0,1498,15.5,Chandigarh,Black,12
5012,Mahindra XUV700,2013,25.02,3.0,95699,Diesel,Dealer,Automatic,1,1497,24.5,Ludhiana,Grey,13
5013,Maruti Dzire,2017,9.92,1.19,93807,Petrol,Individual,Manual,0,1197,15.8,Mumbai,Grey,9
5014,Tata Punch,2012,9.47,1.14,96213,Petrol,Dealer,Manual,2,1199,13.5,Jaipur,Grey,14
5015,Maruti Dzire,2023,9.85,6.27,2500,Petrol,Dealer,Manual,2,1597,17.9,Bengaluru,Black,3
5016,Maruti Fronx,2013,10.29,1.24,122459,Petrol,Dealer,Manual,0,1498,20.5,Amritsar,White,13
5017,Hyundai i20,2013,8.66,1.04,118929,Petrol,Dealer,Manual,2,2393,14.0,Kolkata,Silver,13
5018,Kia Seltos,2025,16.53,12.88,43779,Diesel,Dealer,Manual,0,1497,24.0,Delhi,White,1
5019,Tata Punch,2012,9.28,1.11,113662,Petrol,Individual,Manual,1,799,20.6,Ludhiana,Red,14
5020,Toyota Innova Crysta,2022,24.46,13.91,15166,Diesel,Individual,Manual,1,2393,22.4,Pune,Brown,4
5021,Tata Punch,2013,8.65,1.04,65866,Petrol,Dealer,Manual,1,799,15.3,Pune,White,13
5022,Tata Tiago,2021,6.71,3.96,24355,Petrol,Individual,Manual,0,1197,24.1,Noida,Red,5
5023,Mahindra XUV700,2018,26.06,3.13,97210,Diesel,Individual,Automatic,0,2179,14.9,Pune,Brown,8
5024,Kia Seltos,2023,18.01,12.79,2500,Diesel,Dealer,Manual,2,2179,21.4,Chandigarh,Blue,3
5025,Renault Kiger,2024,9.13,6.89,28361,Petrol,Individual,Manual,0,1199,21.7,Gurugram,Black,2
5026,Nissan Magnite,2021,8.87,2.85,59335,Petrol,Dealer,Manual,2,1956,21.0,Chandigarh,Silver,5
5027,Volkswagen Polo,2020,7.54,2.87,52701,Petrol,Dealer,Manual,0,2393,25.0,Chennai,Grey,6
5028,Hyundai Grand i10,2024,6.24,4.7,24653,Petrol,Dealer,Manual,0,1199,20.6,Pune,White,2
5029,Honda City,2016,15.46,1.86,86746,Petrol,Dealer,Manual,0,998,15.8,Bengaluru,Black,10
5030,Toyota Glanza,2016,8.9,1.07,62101,Petrol,Dealer,Manual,1,2755,22.2,Chandigarh,Silver,10
5031,Ford EcoSport,2020,9.06,3.3,42144,Diesel,Dealer,Manual,3,1497,19.2,Mohali,Silver,6
5032,Tata Safari,2017,25.87,4.18,32024,Diesel,Dealer,Automatic,2,2755,19.1,Hyderabad,White,9
5033,Maruti Swift,2014,7.61,0.91,109824,Petrol,Individual,Manual,0,1597,21.2,Noida,Blue,12
5034,Tata Punch,2018,9.26,1.51,67302,Petrol,Dealer,Manual,0,1197,17.1,Mohali,White,8
5035,Hyundai i20,2025,8.99,8.72,2500,Petrol,Individual,Manual,0,2179,12.6,Chandigarh,Silver,1
5036,Maruti Brezza,2025,12.89,10.62,2500,Petrol,Individual,Manual,1,799,16.6,Bengaluru,Brown,1
5037,MG Hector,2021,22.03,8.78,55568,Petrol,Dealer,Automatic,1,1197,20.4,Noida,Grey,5
5038,Volkswagen Virtus,2020,18.3,5.64,56638,Petrol,Dealer,Automatic,1,1197,18.9,Mumbai,Red,6
5039,Skoda Rapid,2024,10.19,7.42,48516,Diesel,Dealer,Manual,0,1997,13.0,Hyderabad,Red,2
5040,Maruti Brezza,2025,11.55,9.64,25638,Petrol,Dealer,Manual,0,1997,17.4,Jaipur,Grey,1
5041,Volkswagen Virtus,2013,17.68,2.12,104727,Petrol,Dealer,Automatic,1,1497,16.5,Jaipur,Black,13
5042,Kia Seltos,2018,19.57,3.33,71143,Diesel,Individual,Manual,0,1498,12.3,Chandigarh,White,8
5043,MG Hector,2022,22.5,13.04,31875,Petrol,Individual,Automatic,0,1199,17.6,Noida,Black,4
5044,Toyota Glanza,2022,10.0,4.11,63429,Petrol,Individual,Manual,1,1197,18.4,Pune,White,4
5045,Honda Elevate,2025,17.87,14.45,23014,Petrol,Dealer,Manual,1,2755,16.6,Kolkata,Black,1
5046,Skoda Slavia,2013,18.15,2.18,76773,Petrol,Dealer,Automatic,0,2393,22.5,Jaipur,Grey,13
5047,Honda Amaze,2014,8.07,0.97,109027,Petrol,Dealer,Manual,0,1997,18.8,Ludhiana,Silver,12
5048,Tata Altroz,2018,8.95,1.07,71174,Petrol,Individual,Manual,1,2755,21.6,Jaipur,Blue,8
5049,Tata Tiago,2015,7.36,0.88,93159,Petrol,Dealer,Manual,0,1956,24.0,Ludhiana,Silver,11
5050,Honda Elevate,2025,17.86,14.6,2500,Petrol,Individual,Manual,2,1199,22.5,Jaipur,Blue,1
5051,Honda Amaze,2017,9.84,1.38,39752,Petrol,Dealer,Manual,1,998,17.1,Chennai,Brown,9
5052,Toyota Innova Crysta,2017,27.57,3.31,103410,Diesel,Individual,Manual,0,998,20.0,Hyderabad,White,9
5053,Nissan Magnite,2021,8.59,4.63,41847,Petrol,Individual,Manual,0,1597,22.2,Mohali,Brown,5
5054,MG Hector,2017,19.83,2.38,106652,Petrol,Individual,Automatic,0,1956,22.2,Delhi,Red,9
5055,Jeep Compass,2020,23.4,5.24,83423,Diesel,Dealer,Automatic,1,1197,14.9,Hyderabad,Brown,6
5056,Maruti Ertiga,2021,10.8,5.2,33958,Petrol,Individual,Manual,0,2179,14.4,Ludhiana,Red,5
5057,Maruti Brezza,2017,13.0,1.56,73531,Petrol,Individual,Manual,0,998,20.8,Lucknow,Black,9
5058,Mahindra Bolero,2025,9.97,8.19,18211,Diesel,Dealer,Manual,1,1199,16.0,Chandigarh,White,1
5059,Kia Seltos,2012,17.14,2.06,136210,Diesel,Individual,Manual,1,1956,22.9,Amritsar,Black,14
5060,Skoda Rapid,2025,8.98,7.04,39859,Diesel,Individual,Manual,0,1956,25.4,Jaipur,Black,1
5061,Toyota Innova Crysta,2019,23.81,7.8,24999,Diesel,Individual,Manual,1,1497,15.8,Amritsar,Black,7
5062,Skoda Rapid,2023,9.4,6.39,15002,Diesel,Dealer,Manual,0,998,23.6,Lucknow,Grey,3
5063,Honda Amaze,2014,9.54,1.14,98683,Petrol,Dealer,Manual,0,1956,25.0,Ludhiana,Red,12
5064,Mahindra Bolero,2017,10.64,1.28,70028,Diesel,Dealer,Manual,0,1498,21.0,Noida,Silver,9
5065,Volkswagen Polo,2014,8.9,1.07,83445,Petrol,Dealer,Manual,0,2755,16.6,Ludhiana,Grey,12
5066,Mahindra Bolero,2025,9.89,8.37,27745,Diesel,Dealer,Manual,0,1497,21.2,Jaipur,Grey,1
5067,Honda Amaze,2025,9.92,7.7,20808,Petrol,Individual,Manual,1,799,17.4,Bengaluru,Blue,1
5068,Maruti Swift,2017,7.84,0.94,101315,Petrol,Dealer,Manual,0,1997,18.8,Ludhiana,Brown,9
5069,Renault Kiger,2022,9.06,4.99,39971,Petrol,Individual,Manual,2,1497,19.3,Pune,Grey,4
5070,Maruti Ertiga,2017,11.62,1.39,82322,Petrol,Individual,Manual,0,2179,18.8,Mumbai,White,9
5071,Hyundai Creta,2014,18.18,2.18,131746,Diesel,Dealer,Manual,0,1597,12.4,Noida,Blue,12
5072,Maruti Brezza,2025,13.07,9.14,42278,Petrol,Individual,Manual,3,799,17.6,Jaipur,Silver,1
5073,Maruti Swift,2019,9.12,1.4,82820,Petrol,Individual,Manual,1,2179,24.6,Chennai,Red,7
5074,Tata Safari,2014,24.39,2.93,71615,Diesel,Individual,Automatic,0,1597,15.9,Noida,Blue,12
5075,Volkswagen Polo,2024,7.9,4.82,55733,Petrol,Dealer,Manual,1,1497,14.2,Kolkata,Blue,2
5076,Mahindra XUV700,2016,23.26,2.79,75078,Diesel,Dealer,Automatic,0,1997,18.5,Ludhiana,White,10
5077,Hyundai Grand i10,2015,7.11,0.85,93131,Petrol,Individual,Manual,0,1597,16.2,Mumbai,Black,11
5078,Ford EcoSport,2012,10.1,1.21,94728,Diesel,Dealer,Manual,0,2393,14.6,Chandigarh,Red,14
5079,Tata Tiago,2023,6.32,4.96,5274,Petrol,Individual,Manual,0,1956,14.4,Chandigarh,White,3
5080,Honda City,2025,16.57,11.78,31684,Petrol,Dealer,Manual,0,1597,16.8,Mohali,Brown,1
5081,Skoda Rapid,2017,9.38,3.21,2500,Diesel,Dealer,Manual,0,2393,20.7,Chandigarh,Grey,9
5082,Tata Tiago,2017,7.15,0.86,94713,Petrol,Dealer,Manual,0,1956,15.3,Amritsar,Grey,9
5083,Nissan Magnite,2013,10.01,1.2,114952,Petrol,Individual,Manual,0,1956,18.2,Lucknow,Silver,13
5084,Maruti Baleno,2016,9.89,1.19,72782,Petrol,Dealer,Manual,1,1199,14.6,Kolkata,Brown,10
5085,Kia Sonet,2012,13.34,1.6,104740,Petrol,Dealer,Manual,0,1197,20.5,Chennai,Brown,14
5086,Toyota Innova Crysta,2021,24.0,11.12,44472,Diesel,Individual,Manual,0,1956,19.0,Delhi,Red,5
5087,Maruti Swift,2025,7.8,6.46,29152,Petrol,Individual,Manual,0,2393,14.2,Delhi,Red,1
5088,Maruti Ertiga,2020,12.03,4.33,49383,Petrol,Dealer,Manual,2,2755,16.7,Amritsar,Red,6
5089,Volkswagen Polo,2017,8.18,0.98,75829,Petrol,Dealer,Manual,0,1197,14.9,Delhi,Silver,9
5090,Tata Harrier,2021,19.5,10.97,2500,Diesel,Dealer,Manual,1,1597,15.3,Kolkata,Black,5
5091,Tata Tiago,2025,7.37,5.59,39270,Petrol,Dealer,Manual,1,799,15.1,Chennai,Grey,1
5092,MG Hector,2012,22.79,2.73,127592,Petrol,Dealer,Automatic,0,1997,17.9,Amritsar,Blue,14
5093,Maruti Ertiga,2015,11.07,1.33,53281,Petrol,Dealer,Manual,3,2393,17.4,Pune,Blue,11
5094,Volkswagen Virtus,2021,15.36,6.37,84184,Petrol,Individual,Automatic,0,1197,18.1,Jaipur,White,5
5095,Mahindra Bolero,2014,9.4,1.13,113697,Diesel,Dealer,Manual,1,799,22.2,Delhi,Black,12
5096,Nissan Magnite,2013,9.51,1.14,151342,Petrol,Individual,Manual,1,1956,14.6,Pune,Blue,13
5097,Honda City,2015,14.6,1.75,71746,Petrol,Dealer,Manual,1,1199,20.3,Amritsar,Brown,11
5098,Skoda Rapid,2022,10.33,5.52,45109,Diesel,Individual,Manual,0,2179,16.7,Delhi,Brown,4
5099,Skoda Rapid,2019,10.0,3.2,40913,Diesel,Dealer,Manual,1,1199,20.0,Jaipur,Black,7
5100,Tata Safari,2019,23.3,4.73,69005,Diesel,Dealer,Automatic,2,2179,24.0,Mumbai,Silver,7
5101,Ford EcoSport,2012,10.5,1.26,113167,Diesel,Dealer,Manual,0,2755,18.9,Pune,White,14
5102,Renault Kwid,2023,4.92,3.06,31818,Petrol,Individual,Manual,1,1199,15.1,Chennai,Grey,3
5103,Maruti Ertiga,2012,12.85,1.54,89738,Petrol,Dealer,Manual,1,1997,25.2,Delhi,Blue,14
5104,Volkswagen Polo,2025,8.9,8.2,2500,Petrol,Individual,Manual,0,1498,15.7,Mumbai,Silver,1
5105,Renault Kwid,2024,5.47,4.59,17687,Petrol,Individual,Manual,0,1956,23.7,Gurugram,Blue,2
5106,Mahindra Scorpio,2018,18.7,2.91,80160,Diesel,Individual,Manual,0,1597,15.7,Jaipur,White,8
5107,Maruti Baleno,2014,8.14,0.98,142913,Petrol,Dealer,Manual,0,998,24.9,Gurugram,Brown,12
5108,Toyota Fortuner,2017,37.93,10.48,17686,Diesel,Dealer,Automatic,0,2755,20.8,Bengaluru,Grey,9
5109,Mahindra XUV700,2025,28.39,25.98,2500,Diesel,Individual,Automatic,0,1199,23.4,Chennai,Brown,1
5110,Mahindra Thar,2024,15.25,10.81,28001,Diesel,Dealer,Manual,1,799,12.9,Mohali,Red,2
5111,Maruti Fronx,2021,10.25,4.25,63874,Petrol,Dealer,Manual,1,1197,15.1,Chennai,White,5
5112,Mahindra Scorpio,2020,22.07,6.63,56151,Diesel,Dealer,Manual,0,2179,19.4,Delhi,Brown,6
5113,Hyundai i20,2023,8.84,4.18,63014,Petrol,Individual,Manual,0,1956,21.5,Noida,Silver,3
5114,Tata Safari,2020,24.41,7.16,56254,Diesel,Individual,Automatic,1,2179,20.8,Chandigarh,Grey,6
5115,Toyota Innova Crysta,2016,25.64,3.08,48185,Diesel,Dealer,Manual,1,1197,13.6,Bengaluru,Brown,10
5116,Mahindra Bolero,2018,10.15,1.49,74213,Diesel,Individual,Manual,0,799,17.9,Chennai,Black,8
5117,Mahindra Bolero,2020,10.5,3.21,69251,Diesel,Dealer,Manual,0,1497,13.7,Jaipur,Grey,6
5118,Mahindra XUV700,2021,23.56,9.02,69221,Diesel,Dealer,Automatic,2,1197,12.8,Delhi,Red,5
5119,Toyota Fortuner,2020,41.56,21.49,17445,Diesel,Dealer,Automatic,0,1497,13.0,Delhi,Silver,6
5120,Renault Kiger,2014,8.93,1.07,99618,Petrol,Individual,Manual,0,799,14.3,Jaipur,Blue,12
5121,Hyundai Alcazar,2014,21.04,2.52,111308,Diesel,Individual,Automatic,1,799,19.6,Hyderabad,Blue,12
5122,Skoda Slavia,2015,15.63,1.88,102770,Petrol,Dealer,Automatic,0,998,25.4,Pune,White,11
5123,Hyundai Grand i10,2017,7.22,0.87,113011,Petrol,Individual,Manual,1,1997,13.0,Hyderabad,Black,9
5124,Nissan Magnite,2018,8.09,1.66,68084,Petrol,Individual,Manual,0,1497,13.8,Chandigarh,Black,8
5125,Mahindra Scorpio,2016,19.9,2.39,111647,Diesel,Dealer,Manual,0,1498,17.8,Hyderabad,Red,10
5126,Skoda Slavia,2021,16.56,6.96,53582,Petrol,Individual,Automatic,1,2393,21.2,Kolkata,Red,5
5127,Hyundai Creta,2022,17.9,8.04,55010,Diesel,Individual,Manual,1,2755,16.2,Jaipur,Black,4
5128,Skoda Rapid,2022,9.66,4.83,53858,Diesel,Dealer,Manual,0,2393,14.0,Amritsar,White,4
5129,Volkswagen Polo,2013,8.16,0.98,111261,Petrol,Dealer,Manual,0,1597,14.1,Chennai,Red,13
5130,Nissan Magnite,2025,8.96,5.26,70774,Petrol,Individual,Manual,2,1956,24.5,Lucknow,Grey,1
5131,Toyota Innova Crysta,2019,23.46,8.71,34389,Diesel,Individual,Manual,0,1197,12.6,Hyderabad,Brown,7
5132,Toyota Fortuner,2013,39.47,4.74,78837,Diesel,Dealer,Automatic,0,1197,16.4,Hyderabad,Brown,13
5133,Toyota Glanza,2019,9.71,3.06,77912,Petrol,Individual,Manual,0,2755,17.6,Delhi,Black,7
5134,Toyota Fortuner,2016,45.74,5.49,63583,Diesel,Dealer,Automatic,1,1956,20.1,Lucknow,Grey,10
5135,Ford EcoSport,2024,9.72,8.54,2500,Diesel,Individual,Manual,0,799,13.3,Noida,Red,2
5136,Mahindra Thar,2023,16.83,11.16,23949,Diesel,Individual,Manual,1,1197,13.9,Ludhiana,Silver,3
5137,Maruti Fronx,2018,10.25,1.23,63857,Petrol,Dealer,Manual,1,1597,22.1,Jaipur,Blue,8
5138,Mahindra Scorpio,2016,19.52,2.34,87697,Diesel,Dealer,Manual,0,799,17.7,Noida,Blue,10
5139,MG Hector,2020,20.45,10.49,20099,Petrol,Dealer,Automatic,0,2179,18.2,Mohali,White,6
5140,Hyundai Venue,2024,11.05,8.1,2500,Petrol,Dealer,Manual,2,1197,24.0,Noida,White,2
5141,Honda Amaze,2024,8.92,7.54,2500,Petrol,Dealer,Manual,1,1197,16.1,Chennai,Black,2
5142,Honda Amaze,2015,9.29,1.12,74039,Petrol,Dealer,Manual,1,1497,20.2,Hyderabad,White,11
5143,Toyota Glanza,2025,8.02,6.9,17967,Petrol,Individual,Manual,0,1997,14.8,Kolkata,White,1
5144,Mahindra XUV700,2021,27.17,10.11,53407,Diesel,Individual,Automatic,3,1197,12.1,Kolkata,Red,5
5145,Hyundai i20,2013,8.19,0.98,110542,Petrol,Individual,Manual,0,1498,13.5,Delhi,Blue,13
5146,Hyundai Grand i10,2012,6.78,0.81,121540,Petrol,Dealer,Manual,3,1597,14.3,Kolkata,Red,14
5147,Renault Kiger,2013,10.01,1.2,128316,Petrol,Dealer,Manual,0,2179,24.5,Ludhiana,Black,13
5148,Nissan Magnite,2015,9.16,1.1,119098,Petrol,Dealer,Manual,0,1498,20.2,Lucknow,Grey,11
5149,Honda Amaze,2015,9.44,1.13,79797,Petrol,Individual,Manual,0,1197,19.9,Pune,Brown,11
5150,Tata Safari,2015,24.61,2.95,105732,Diesel,Dealer,Automatic,1,1498,15.9,Hyderabad,Brown,11
5151,Honda City,2021,14.04,5.26,89491,Petrol,Individual,Manual,0,1956,17.5,Mumbai,Red,5
5152,Tata Nexon,2021,11.3,3.16,66787,Petrol,Individual,Manual,3,2755,19.1,Bengaluru,Brown,5
5153,Mahindra Bolero,2024,11.13,8.63,27794,Diesel,Dealer,Manual,0,2755,21.9,Mumbai,White,2
5154,Skoda Rapid,2022,10.98,5.86,42515,Diesel,Dealer,Manual,1,1597,24.7,Kolkata,Red,4
5155,Kia Sonet,2014,11.1,1.33,105104,Petrol,Dealer,Manual,0,2755,19.5,Noida,Silver,12
5156,Maruti Baleno,2017,9.06,1.09,87546,Petrol,Individual,Manual,0,2393,24.2,Noida,Blue,9
5157,Volkswagen Virtus,2015,19.26,2.31,65594,Petrol,Individual,Automatic,0,1997,21.4,Noida,White,11
5158,Tata Punch,2018,8.07,1.57,60552,Petrol,Dealer,Manual,0,2755,22.0,Chennai,Silver,8
5159,Maruti Dzire,2024,9.42,7.3,11300,Petrol,Dealer,Manual,2,1199,19.9,Amritsar,Silver,2
5160,Mahindra Scorpio,2014,21.69,2.6,111633,Diesel,Dealer,Manual,0,1597,24.5,Lucknow,Brown,12
5161,Tata Tiago,2022,7.82,3.36,57694,Petrol,Dealer,Manual,3,2755,21.7,Kolkata,Brown,4
5162,Tata Punch,2020,8.11,2.77,37559,Petrol,Individual,Manual,1,1197,22.8,Ludhiana,Grey,6
5163,Maruti Dzire,2023,9.18,4.93,23177,Petrol,Dealer,Manual,3,1497,16.4,Bengaluru,Black,3
5164,Hyundai Creta,2015,18.04,2.17,83717,Diesel,Dealer,Manual,1,998,23.1,Hyderabad,Grey,11
5165,Maruti Baleno,2015,9.52,1.14,117527,Petrol,Dealer,Manual,1,1497,20.6,Delhi,Brown,11
5166,Honda Amaze,2020,8.07,3.97,30399,Petrol,Dealer,Manual,0,1199,21.5,Kolkata,Silver,6
5167,Toyota Glanza,2023,9.01,4.07,74986,Petrol,Dealer,Manual,1,1197,23.9,Noida,White,3
5168,Tata Harrier,2020,20.1,7.66,69049,Diesel,Dealer,Manual,0,1997,21.8,Bengaluru,Red,6
5169,Honda City,2017,14.26,1.71,108197,Petrol,Individual,Manual,1,1597,12.3,Kolkata,Grey,9
5170,MG Hector,2023,24.3,16.74,39524,Petrol,Dealer,Automatic,0,1956,23.7,Ludhiana,Red,3
5171,Mahindra XUV700,2014,26.85,3.22,80591,Diesel,Dealer,Automatic,0,1498,14.1,Delhi,Grey,12
5172,Kia Seltos,2016,19.17,2.3,66923,Diesel,Dealer,Manual,0,998,23.0,Delhi,Black,10
5173,Mahindra Scorpio,2019,22.09,5.26,68044,Diesel,Individual,Manual,2,1197,17.7,Lucknow,Brown,7
5174,Hyundai Verna,2018,15.25,2.11,67931,Petrol,Individual,Manual,0,2755,23.9,Bengaluru,Blue,8
5175,Mahindra XUV700,2020,27.91,9.99,63591,Diesel,Individual,Automatic,0,1597,19.1,Lucknow,Blue,6
5176,Skoda Rapid,2023,9.01,6.84,15155,Diesel,Dealer,Manual,0,1497,22.7,Chennai,Red,3
5177,Tata Safari,2012,23.06,2.77,143095,Diesel,Individual,Automatic,0,998,15.3,Mohali,Black,14
5178,Maruti Ciaz,2013,10.52,1.26,105704,Petrol,Dealer,Manual,0,1498,19.5,Lucknow,White,13
5179,Tata Nexon,2019,13.23,2.8,71993,Petrol,Individual,Manual,0,998,20.8,Pune,Black,7
5180,Maruti Baleno,2016,8.89,1.07,88646,Petrol,Individual,Manual,0,1956,18.0,Delhi,Red,10
5181,Mahindra Bolero,2023,10.95,7.96,9536,Diesel,Individual,Manual,0,2393,24.0,Hyderabad,Silver,3
5182,Tata Nexon,2016,12.41,1.49,83966,Petrol,Dealer,Manual,0,1498,24.5,Amritsar,Blue,10
5183,Hyundai Venue,2023,12.61,8.66,13514,Petrol,Individual,Manual,0,2755,22.1,Pune,Black,3
5184,Maruti Ciaz,2025,11.92,9.84,2500,Petrol,Individual,Manual,2,1597,17.8,Noida,Silver,1
5185,Honda Elevate,2014,17.18,2.06,104717,Petrol,Dealer,Manual,1,1956,14.4,Chandigarh,Brown,12
5186,Mahindra Scorpio,2018,19.51,3.37,50269,Diesel,Dealer,Manual,1,1498,16.1,Bengaluru,Red,8
5187,Mahindra Bolero,2012,10.05,1.21,124822,Diesel,Individual,Manual,0,2755,22.1,Hyderabad,White,14
5188,Mahindra XUV700,2024,24.67,21.89,2500,Diesel,Individual,Automatic,0,2179,16.0,Hyderabad,Red,2
5189,Volkswagen Polo,2022,7.14,3.9,42135,Petrol,Individual,Manual,0,2755,15.7,Chennai,Blue,4
5190,Maruti Brezza,2018,11.86,2.07,41225,Petrol,Individual,Manual,1,1997,25.4,Mumbai,Black,8
5191,Mahindra Thar,2014,17.82,2.14,113004,Diesel,Individual,Manual,0,1497,17.9,Noida,White,12
5192,Jeep Compass,2023,27.69,19.91,2500,Diesel,Individual,Automatic,1,1498,18.1,Gurugram,White,3
5193,Honda City,2012,13.47,1.62,115429,Petrol,Dealer,Manual,0,799,15.5,Chandigarh,Blue,14
5194,Skoda Rapid,2015,10.23,1.23,68163,Diesel,Individual,Manual,1,1199,18.9,Mohali,Grey,11
5195,Tata Tiago,2020,7.79,1.33,88567,Petrol,Individual,Manual,2,799,19.3,Bengaluru,Brown,6
5196,Tata Harrier,2025,19.15,14.22,50132,Diesel,Dealer,Manual,1,1199,12.9,Lucknow,Black,1
5197,Maruti Ertiga,2023,10.24,5.38,74167,Petrol,Individual,Manual,0,1997,20.2,Hyderabad,Grey,3
5198,Tata Tiago,2014,7.57,0.91,129553,Petrol,Individual,Manual,1,1997,16.8,Pune,White,12
5199,Tata Punch,2013,9.04,1.09,122247,Petrol,Individual,Manual,0,1956,20.1,Mohali,White,13
5200,Mahindra XUV700,2015,26.91,3.23,96004,Diesel,Dealer,Automatic,0,1498,18.8,Lucknow,Blue,11
5201,Kia Sonet,2016,12.61,2.87,29242,Petrol,Individual,Manual,0,1597,13.7,Chandigarh,Blue,10
5202,Tata Tiago,2023,6.87,3.96,48194,Petrol,Individual,Manual,1,1997,19.5,Kolkata,Red,3
5203,Skoda Rapid,2014,9.51,1.14,76811,Diesel,Individual,Manual,2,2393,14.8,Hyderabad,Brown,12
5204,Skoda Rapid,2013,9.65,1.16,108892,Diesel,Individual,Manual,0,2755,14.0,Mumbai,Brown,13
5205,Toyota Innova Crysta,2016,22.56,2.71,100213,Diesel,Individual,Manual,0,1498,24.8,Delhi,White,10
5206,Hyundai Alcazar,2024,22.2,17.62,8165,Diesel,Individual,Automatic,2,998,15.2,Pune,Grey,2
5207,Renault Kiger,2021,8.25,3.86,49268,Petrol,Individual,Manual,0,1997,19.4,Delhi,White,5
5208,Nissan Magnite,2025,8.23,7.29,13349,Petrol,Dealer,Manual,0,1498,12.3,Amritsar,Silver,1
5209,Maruti Baleno,2014,9.83,1.18,105750,Petrol,Dealer,Manual,0,1597,12.3,Noida,White,12
5210,Maruti Wagon R,2022,6.0,3.1,39056,Petrol,Dealer,Manual,1,1497,18.3,Pune,Brown,4
5211,Hyundai Alcazar,2024,21.88,18.0,2500,Diesel,Dealer,Automatic,0,2179,25.3,Pune,Red,2
5212,Maruti Ciaz,2012,12.58,1.51,74024,Petrol,Dealer,Manual,2,2179,21.6,Chandigarh,Red,14
5213,Maruti Swift,2012,7.63,0.92,119998,Petrol,Dealer,Manual,0,799,24.2,Mumbai,Black,14
5214,Jeep Compass,2019,22.55,2.71,75686,Diesel,Dealer,Automatic,3,1956,17.2,Lucknow,Brown,7
5215,Toyota Glanza,2024,9.27,6.24,52501,Petrol,Dealer,Manual,1,1956,24.1,Hyderabad,White,2
5216,Kia Sonet,2019,11.02,2.38,75193,Petrol,Individual,Manual,0,1997,12.3,Delhi,Blue,7
5217,Hyundai Grand i10,2012,7.09,0.85,124145,Petrol,Dealer,Manual,1,1197,24.5,Ludhiana,White,14
5218,Hyundai Grand i10,2014,6.47,0.78,91438,Petrol,Dealer,Manual,0,1597,21.1,Gurugram,White,12
5219,MG Hector,2020,21.43,6.54,59141,Petrol,Dealer,Automatic,1,1498,13.5,Delhi,Grey,6
5220,Honda Amaze,2012,7.94,0.95,104389,Petrol,Dealer,Manual,0,2393,21.8,Gurugram,Grey,14
5221,Maruti Swift,2025,8.99,6.5,45607,Petrol,Dealer,Manual,0,2755,14.0,Delhi,Grey,1
5222,Toyota Glanza,2022,9.07,6.03,10947,Petrol,Individual,Manual,1,998,24.4,Noida,Blue,4
5223,Jeep Compass,2019,24.66,10.13,34125,Diesel,Individual,Automatic,0,998,22.7,Chandigarh,Brown,7
5224,Hyundai Creta,2021,15.15,7.12,52172,Diesel,Individual,Manual,0,1497,13.0,Hyderabad,Grey,5
5225,Mahindra Thar,2016,16.77,2.01,91850,Diesel,Dealer,Manual,0,998,25.3,Mumbai,Grey,10
5226,Mahindra Thar,2015,16.06,1.93,118331,Diesel,Individual,Manual,1,2393,20.6,Hyderabad,White,11
5227,Honda City,2021,16.21,5.73,55226,Petrol,Dealer,Manual,1,2179,20.9,Gurugram,Brown,5
5228,Renault Kiger,2023,9.08,6.4,2500,Petrol,Individual,Manual,2,2755,13.6,Chandigarh,Brown,3
5229,Hyundai Grand i10,2018,6.88,1.21,56483,Petrol,Individual,Manual,0,1956,16.6,Bengaluru,Blue,8
5230,Skoda Slavia,2022,18.62,8.96,38360,Petrol,Dealer,Automatic,1,2179,23.1,Delhi,Red,4
5231,Tata Nexon,2024,10.58,6.53,64665,Petrol,Dealer,Manual,0,1197,17.1,Amritsar,Silver,2
5232,Kia Sonet,2016,12.68,1.52,45971,Petrol,Dealer,Manual,1,1597,12.1,Amritsar,Blue,10
5233,Maruti Ciaz,2013,10.76,1.29,132467,Petrol,Dealer,Manual,0,1199,16.2,Delhi,White,13
5234,Toyota Glanza,2021,9.55,4.69,32700,Petrol,Individual,Manual,0,1956,16.8,Mohali,White,5
5235,Honda Elevate,2016,17.3,2.08,99722,Petrol,Dealer,Manual,1,1197,15.8,Amritsar,Black,10
5236,Mahindra Bolero,2012,10.42,1.25,100563,Diesel,Dealer,Manual,1,799,20.8,Chandigarh,Black,14
5237,Mahindra XUV700,2020,23.3,10.07,31462,Diesel,Dealer,Automatic,2,799,23.4,Chennai,Silver,6
5238,Hyundai Verna,2020,14.23,4.05,70945,Petrol,Individual,Manual,0,1956,25.5,Chennai,White,6
5239,Hyundai Creta,2020,18.44,8.35,31272,Diesel,Dealer,Manual,1,1498,19.2,Jaipur,Brown,6
5240,Maruti Swift,2023,8.93,5.7,49188,Petrol,Dealer,Manual,0,998,20.6,Ludhiana,Blue,3
5241,Nissan Magnite,2023,8.51,4.22,54980,Petrol,Dealer,Manual,2,2755,25.1,Mumbai,Brown,3
5242,Volkswagen Polo,2013,7.39,0.89,110460,Petrol,Dealer,Manual,1,1997,21.7,Ludhiana,Silver,13
5243,Maruti Ertiga,2023,11.99,8.05,31971,Petrol,Individual,Manual,0,1997,21.0,Chandigarh,White,3
5244,Skoda Slavia,2018,15.88,2.7,66905,Petrol,Dealer,Automatic,1,1197,22.1,Pune,Brown,8
5245,Hyundai Venue,2020,12.5,6.96,12632,Petrol,Dealer,Manual,0,998,24.7,Chandigarh,White,6
5246,Maruti Fronx,2012,10.87,1.3,160206,Petrol,Dealer,Manual,2,2755,24.1,Delhi,White,14
5247,Skoda Rapid,2016,8.96,1.08,75963,Diesel,Individual,Manual,0,2179,23.1,Ludhiana,Blue,10
5248,Maruti Ciaz,2024,10.18,8.48,17527,Petrol,Dealer,Manual,0,1997,16.8,Amritsar,Silver,2
5249,Skoda Slavia,2024,17.77,14.04,28668,Petrol,Individual,Automatic,0,1498,16.2,Gurugram,Silver,2
5250,Skoda Slavia,2018,19.3,3.01,57654,Petrol,Dealer,Automatic,2,1197,14.8,Chennai,Red,8
5251,Mahindra Bolero,2019,9.37,2.96,43473,Diesel,Individual,Manual,0,1199,15.3,Noida,Brown,7
5252,Nissan Magnite,2025,7.99,7.33,2500,Petrol,Dealer,Manual,2,2393,23.9,Lucknow,White,1
5253,Maruti Baleno,2018,8.25,0.99,101918,Petrol,Dealer,Manual,2,1497,22.0,Chennai,Blue,8
5254,Renault Kiger,2024,9.96,7.29,40218,Petrol,Dealer,Manual,0,2179,16.1,Hyderabad,Black,2
5255,Tata Tiago,2014,7.07,0.85,133488,Petrol,Dealer,Manual,1,1199,21.0,Amritsar,Red,12
5256,Hyundai Grand i10,2018,6.42,0.77,79140,Petrol,Dealer,Manual,2,998,24.8,Chandigarh,Red,8
5257,Maruti Brezza,2018,12.78,1.67,73456,Petrol,Individual,Manual,0,1197,24.6,Jaipur,Black,8
5258,Tata Tiago,2014,7.09,0.85,119647,Petrol,Dealer,Manual,0,1197,18.5,Bengaluru,Brown,12
5259,Tata Tiago,2023,7.58,5.06,24881,Petrol,Individual,Manual,0,1498,18.7,Ludhiana,Brown,3
5260,Maruti Dzire,2013,9.1,1.09,87032,Petrol,Individual,Manual,1,1956,22.8,Bengaluru,White,13
5261,Hyundai Grand i10,2014,6.75,0.81,86198,Petrol,Dealer,Manual,1,1997,25.5,Amritsar,White,12
5262,Volkswagen Polo,2025,8.05,6.94,12542,Petrol,Dealer,Manual,0,799,18.1,Pune,Brown,1
5263,Renault Kwid,2017,4.91,0.59,83683,Petrol,Individual,Manual,0,2393,12.3,Bengaluru,Black,9
5264,Kia Seltos,2024,17.51,12.63,14108,Diesel,Dealer,Manual,0,2393,16.7,Bengaluru,Silver,2
5265,Maruti Baleno,2024,9.86,7.72,13365,Petrol,Dealer,Manual,0,1997,14.5,Ludhiana,White,2
5266,Mahindra Scorpio,2024,20.08,15.29,13265,Diesel,Individual,Manual,2,1597,18.9,Chandigarh,Red,2
5267,Maruti Wagon R,2020,6.27,1.34,87608,Petrol,Individual,Manual,1,2755,18.2,Chennai,White,6
5268,Honda City,2016,15.55,1.87,85685,Petrol,Individual,Manual,0,998,19.0,Mumbai,Grey,10
5269,Mahindra Scorpio,2016,19.46,2.34,92163,Diesel,Dealer,Manual,0,1197,19.7,Ludhiana,Blue,10
5270,Maruti Swift,2022,8.15,4.27,47350,Petrol,Individual,Manual,1,2179,23.4,Chennai,Blue,4
5271,Renault Kiger,2022,8.83,4.48,44602,Petrol,Individual,Manual,2,1199,24.9,Pune,Blue,4
5272,Mahindra Bolero,2018,8.86,1.33,97443,Diesel,Individual,Manual,0,1497,20.4,Hyderabad,Red,8
5273,Skoda Slavia,2022,17.48,11.18,2500,Petrol,Dealer,Automatic,1,1956,18.2,Lucknow,Blue,4
5274,Mahindra Scorpio,2021,18.39,11.47,30329,Diesel,Dealer,Manual,0,2179,13.7,Pune,Grey,5
5275,Nissan Magnite,2014,8.16,0.98,112025,Petrol,Dealer,Manual,0,1498,14.4,Amritsar,White,12
5276,Maruti Swift,2013,8.04,0.96,109379,Petrol,Dealer,Manual,0,1498,25.0,Amritsar,Grey,13
5277,Tata Tiago,2015,7.33,0.88,96082,Petrol,Individual,Manual,0,998,19.9,Chandigarh,White,11
5278,Jeep Compass,2020,24.73,10.93,10390,Diesel,Dealer,Automatic,2,1997,13.2,Mohali,Blue,6
5279,Maruti Ciaz,2012,12.73,1.53,100754,Petrol,Dealer,Manual,0,2755,22.1,Bengaluru,Grey,14
5280,Toyota Fortuner,2025,41.32,39.57,2500,Diesel,Dealer,Automatic,0,1956,22.4,Kolkata,White,1
5281,Maruti Wagon R,2018,5.48,1.13,57388,Petrol,Dealer,Manual,0,1497,13.8,Lucknow,Grey,8
5282,Mahindra Thar,2023,16.33,10.99,22950,Diesel,Individual,Manual,0,2179,13.3,Mohali,Black,3
5283,Volkswagen Virtus,2020,16.79,4.79,73917,Petrol,Individual,Automatic,0,1197,18.4,Mumbai,Silver,6
5284,Mahindra Bolero,2014,10.57,1.27,122184,Diesel,Individual,Manual,0,1199,25.1,Kolkata,Blue,12
5285,Mahindra Bolero,2023,11.09,7.34,43593,Diesel,Individual,Manual,0,998,17.6,Gurugram,White,3
5286,Hyundai Grand i10,2021,6.17,2.76,35821,Petrol,Individual,Manual,2,2179,16.1,Lucknow,White,5
5287,Honda Elevate,2013,14.22,1.71,93159,Petrol,Dealer,Manual,1,1199,23.6,Mohali,Black,13
5288,Jeep Compass,2018,25.26,7.62,34772,Diesel,Dealer,Automatic,0,1197,16.7,Mumbai,Grey,8
5289,Mahindra Bolero,2023,9.12,5.14,26451,Diesel,Dealer,Manual,3,1199,23.3,Mohali,White,3
5290,Honda Amaze,2012,9.49,1.14,98491,Petrol,Individual,Manual,0,2393,13.9,Noida,Red,14
5291,Toyota Glanza,2014,9.87,1.18,112165,Petrol,Individual,Manual,2,1498,18.7,Kolkata,Grey,12
5292,Honda City,2014,15.75,1.89,93099,Petrol,Dealer,Manual,0,799,17.4,Chennai,Grey,12
5293,Honda Amaze,2017,9.23,1.17,60198,Petrol,Individual,Manual,1,998,18.2,Pune,Red,9
5294,Tata Harrier,2016,21.34,2.56,117455,Diesel,Individual,Manual,0,1197,20.6,Chandigarh,Red,10
5295,Tata Safari,2012,27.02,3.24,126729,Diesel,Dealer,Automatic,0,1199,24.1,Delhi,Red,14
5296,Tata Nexon,2023,12.33,5.21,72349,Petrol,Dealer,Manual,1,1497,17.2,Ludhiana,Red,3
5297,Toyota Innova Crysta,2025,23.25,19.25,2500,Diesel,Individual,Manual,2,2755,16.9,Hyderabad,Grey,1
5298,Maruti Alto,2024,4.58,2.79,57264,Petrol,Individual,Manual,0,998,17.5,Delhi,Silver,2
5299,Maruti Brezza,2018,11.81,1.42,73047,Petrol,Dealer,Manual,0,1197,12.8,Amritsar,Blue,8
5300,Maruti Brezza,2020,11.23,2.73,89170,Petrol,Individual,Manual,1,2179,16.8,Mumbai,Silver,6
5301,Maruti Swift,2022,7.76,3.66,53298,Petrol,Dealer,Manual,1,1997,23.7,Mohali,White,4
5302,Mahindra Thar,2022,16.45,9.44,42327,Diesel,Dealer,Manual,0,1597,24.4,Ludhiana,Grey,4
5303,Hyundai Creta,2021,16.68,7.47,45314,Diesel,Dealer,Manual,1,2755,19.8,Lucknow,Grey,5
5304,Honda Elevate,2025,15.95,14.42,2500,Petrol,Individual,Manual,2,1997,14.9,Chennai,Silver,1
5305,Mahindra Scorpio,2016,21.12,2.53,85232,Diesel,Dealer,Manual,1,1199,19.5,Amritsar,Blue,10
5306,Kia Seltos,2018,16.4,3.41,71217,Diesel,Individual,Manual,0,1199,21.2,Gurugram,Red,8
5307,Maruti Ciaz,2015,11.52,1.38,74037,Petrol,Individual,Manual,1,2393,17.6,Noida,Blue,11
5308,Maruti Fronx,2015,9.84,1.18,93407,Petrol,Individual,Manual,0,1997,19.0,Hyderabad,Silver,11
5309,Hyundai Verna,2025,13.35,10.78,29128,Petrol,Individual,Manual,2,1997,24.0,Amritsar,Black,1
5310,Skoda Slavia,2015,17.22,2.07,95174,Petrol,Individual,Automatic,0,799,19.6,Noida,Brown,11
5311,Maruti Brezza,2019,13.56,4.83,46828,Petrol,Individual,Manual,0,1597,16.6,Delhi,Grey,7
5312,Hyundai Verna,2024,15.69,12.76,2500,Petrol,Dealer,Manual,1,998,16.3,Mohali,White,2
5313,Nissan Magnite,2013,8.9,1.07,99989,Petrol,Individual,Manual,0,1956,21.4,Gurugram,Grey,13
5314,Jeep Compass,2015,28.01,3.36,42190,Diesel,Dealer,Automatic,3,1199,23.5,Hyderabad,Silver,11
5315,Hyundai Alcazar,2025,22.95,21.31,2500,Diesel,Dealer,Automatic,0,1956,25.5,Gurugram,Silver,1
5316,Hyundai Grand i10,2015,6.61,0.79,73510,Petrol,Dealer,Manual,0,1497,12.1,Chennai,Red,11
5317,Honda Elevate,2022,17.17,7.99,54361,Petrol,Individual,Manual,1,1956,14.7,Delhi,Brown,4
5318,Mahindra XUV700,2019,23.12,5.88,57745,Diesel,Dealer,Automatic,1,1199,23.3,Bengaluru,White,7
5319,Tata Altroz,2014,8.52,1.02,44007,Petrol,Individual,Manual,0,2179,17.5,Hyderabad,White,12
5320,Mahindra Bolero,2018,9.07,1.69,56420,Diesel,Dealer,Manual,1,2393,18.3,Delhi,Red,8
5321,Kia Seltos,2018,18.59,3.88,61209,Diesel,Dealer,Manual,0,1199,17.5,Hyderabad,Silver,8
5322,Maruti Brezza,2019,13.01,3.08,40596,Petrol,Dealer,Manual,1,1956,15.2,Delhi,Grey,7
5323,Toyota Fortuner,2016,38.37,4.6,66104,Diesel,Individual,Automatic,2,2393,16.0,Chandigarh,Brown,10
5324,Hyundai Alcazar,2018,21.17,2.54,80192,Diesel,Individual,Automatic,0,1997,24.5,Chandigarh,Blue,8
5325,Maruti Wagon R,2020,5.87,2.72,40987,Petrol,Dealer,Manual,0,799,17.8,Bengaluru,Grey,6
5326,Maruti Wagon R,2022,5.34,2.42,63074,Petrol,Dealer,Manual,0,799,23.4,Delhi,Grey,4
5327,Tata Altroz,2025,9.97,8.32,25103,Petrol,Individual,Manual,0,2393,18.8,Pune,White,1
5328,Kia Sonet,2020,12.37,3.82,65584,Petrol,Individual,Manual,1,799,14.6,Chandigarh,Grey,6
5329,Honda City,2021,15.94,8.76,2500,Petrol,Individual,Manual,1,2755,25.5,Jaipur,White,5
5330,Tata Altroz,2023,9.95,6.39,48626,Petrol,Individual,Manual,0,998,16.4,Hyderabad,White,3
5331,Volkswagen Virtus,2022,15.62,8.39,39559,Petrol,Dealer,Automatic,0,1997,16.5,Bengaluru,Black,4
5332,Kia Sonet,2016,11.32,1.36,94054,Petrol,Individual,Manual,1,799,19.1,Jaipur,White,10
5333,Maruti Dzire,2024,9.75,7.46,17505,Petrol,Dealer,Manual,0,998,14.3,Jaipur,Brown,2
5334,Maruti Ciaz,2025,11.37,10.01,2500,Petrol,Individual,Manual,1,2393,24.3,Pune,Black,1
5335,Tata Altroz,2024,9.13,4.9,61161,Petrol,Dealer,Manual,3,2755,14.7,Pune,Blue,2
5336,Kia Seltos,2021,15.47,5.51,64856,Diesel,Individual,Manual,1,2179,23.1,Chandigarh,Blue,5
5337,Tata Harrier,2013,22.32,2.68,102026,Diesel,Individual,Manual,2,2179,21.6,Kolkata,Black,13
5338,Tata Altroz,2017,8.27,0.99,99455,Petrol,Individual,Manual,1,799,21.5,Hyderabad,Brown,9
5339,Maruti Ciaz,2019,12.08,2.68,111384,Petrol,Individual,Manual,1,2179,13.6,Chandigarh,Black,7
5340,Hyundai Venue,2021,10.74,4.64,57597,Petrol,Individual,Manual,0,1498,22.6,Bengaluru,Brown,5
5341,Mahindra XUV700,2015,23.35,2.8,113647,Diesel,Individual,Automatic,2,1997,18.0,Noida,Black,11
5342,Hyundai Venue,2015,12.89,1.55,80672,Petrol,Dealer,Manual,0,1199,24.8,Delhi,Blue,11
5343,Nissan Magnite,2024,9.42,7.27,2500,Petrol,Individual,Manual,0,799,17.4,Bengaluru,Blue,2
5344,Tata Altroz,2014,8.74,1.05,129645,Petrol,Individual,Manual,0,1197,12.5,Lucknow,Silver,12
5345,Honda Amaze,2016,9.57,1.15,106114,Petrol,Individual,Manual,0,998,17.3,Delhi,Blue,10
5346,Maruti Dzire,2023,9.6,5.55,29390,Petrol,Dealer,Manual,1,2755,19.3,Delhi,Blue,3
5347,Honda Elevate,2014,14.6,1.75,125598,Petrol,Dealer,Manual,1,2393,23.0,Amritsar,Blue,12
5348,Maruti Baleno,2023,8.6,5.01,35078,Petrol,Dealer,Manual,1,1497,16.4,Ludhiana,Brown,3
5349,Honda Amaze,2013,9.93,1.19,120050,Petrol,Individual,Manual,0,998,21.9,Gurugram,Red,13
5350,Hyundai i20,2020,9.69,5.3,12800,Petrol,Individual,Manual,0,1997,19.1,Gurugram,Brown,6
5351,Tata Harrier,2013,18.78,2.25,110730,Diesel,Dealer,Manual,0,1498,19.3,Ludhiana,Red,13
5352,Honda Elevate,2022,16.35,6.96,75133,Petrol,Dealer,Manual,0,1956,14.0,Mumbai,Silver,4
5353,Mahindra Thar,2025,17.16,14.23,22908,Diesel,Individual,Manual,1,2179,16.3,Chandigarh,White,1
5354,Maruti Ertiga,2020,11.34,3.92,54841,Petrol,Dealer,Manual,0,1997,22.8,Mohali,Silver,6
5355,Skoda Slavia,2016,18.32,2.2,110745,Petrol,Dealer,Automatic,0,1497,17.5,Ludhiana,Blue,10
5356,Mahindra Thar,2015,17.43,2.09,73456,Diesel,Individual,Manual,0,1497,17.3,Pune,Grey,11
5357,Tata Harrier,2012,22.39,2.69,61601,Diesel,Individual,Manual,0,1997,19.9,Gurugram,Brown,14
5358,Kia Sonet,2016,13.98,1.68,66188,Petrol,Dealer,Manual,2,1597,22.9,Mumbai,Blue,10
5359,MG Hector,2015,18.21,2.18,89023,Petrol,Dealer,Automatic,2,1197,12.9,Delhi,Silver,11
5360,Nissan Magnite,2021,9.21,5.1,30009,Petrol,Individual,Manual,0,1497,21.9,Lucknow,White,5
5361,Honda Amaze,2014,9.67,1.16,81725,Petrol,Dealer,Manual,0,1199,19.8,Jaipur,Grey,12
5362,Toyota Glanza,2023,8.35,5.43,23931,Petrol,Individual,Manual,0,1956,12.9,Chandigarh,Red,3
5363,Mahindra XUV700,2023,23.26,16.72,5193,Diesel,Individual,Automatic,1,1197,16.7,Gurugram,Brown,3
5364,Mahindra Bolero,2016,9.21,1.11,77915,Diesel,Individual,Manual,1,1956,23.5,Bengaluru,Grey,10
5365,Hyundai Alcazar,2021,20.97,9.81,44069,Diesel,Dealer,Automatic,0,1197,20.0,Kolkata,White,5
5366,Tata Safari,2015,23.24,2.79,104980,Diesel,Dealer,Automatic,1,1997,15.6,Bengaluru,Black,11
5367,Maruti Baleno,2025,8.71,7.96,5213,Petrol,Dealer,Manual,1,1197,13.4,Chennai,Black,1
5368,Kia Sonet,2018,13.53,1.63,81798,Petrol,Dealer,Manual,0,2179,18.1,Pune,Red,8
5369,Mahindra XUV700,2014,23.25,2.79,102866,Diesel,Individual,Automatic,1,998,19.1,Bengaluru,Silver,12
5370,Honda Elevate,2023,15.74,8.21,21991,Petrol,Individual,Manual,2,2179,17.7,Mumbai,Blue,3
5371,Renault Kwid,2020,5.01,1.76,62867,Petrol,Dealer,Manual,0,998,22.5,Lucknow,Black,6
5372,MG Hector,2017,21.99,2.64,77770,Petrol,Dealer,Automatic,0,1597,18.3,Chandigarh,Black,9
5373,Hyundai Grand i10,2025,6.79,5.03,35582,Petrol,Dealer,Manual,1,1497,17.4,Kolkata,Grey,1
5374,Maruti Ertiga,2022,11.65,6.56,39349,Petrol,Dealer,Manual,1,998,12.3,Bengaluru,Brown,4
5375,Honda Amaze,2013,8.61,1.03,40099,Petrol,Individual,Manual,0,1197,13.4,Chennai,Blue,13
5376,Tata Punch,2015,9.31,1.12,100502,Petrol,Dealer,Manual,0,1498,24.5,Hyderabad,White,11
5377,Hyundai Verna,2020,15.33,6.12,35865,Petrol,Individual,Manual,0,1597,18.3,Noida,Brown,6
5378,Maruti Swift,2024,8.42,6.61,27079,Petrol,Dealer,Manual,0,1497,22.6,Chandigarh,White,2
5379,Tata Nexon,2013,11.74,1.41,87890,Petrol,Dealer,Manual,1,1997,13.0,Delhi,Blue,13
5380,Honda Amaze,2018,9.77,1.28,80655,Petrol,Dealer,Manual,0,1997,15.9,Hyderabad,Grey,8
5381,Kia Seltos,2024,17.89,11.36,53981,Diesel,Dealer,Manual,0,1497,17.9,Chennai,Black,2
5382,Tata Safari,2020,21.7,8.85,43357,Diesel,Dealer,Automatic,0,2755,23.9,Hyderabad,Red,6
5383,Honda City,2022,13.55,8.17,17054,Petrol,Dealer,Manual,0,1199,17.3,Gurugram,White,4
5384,Maruti Brezza,2024,13.75,8.86,41256,Petrol,Dealer,Manual,1,1956,23.2,Mumbai,Blue,2
5385,Skoda Rapid,2022,10.31,4.66,62025,Diesel,Individual,Manual,0,1497,20.5,Mohali,Grey,4
5386,Toyota Fortuner,2025,42.7,31.12,35772,Diesel,Individual,Automatic,2,1497,14.5,Chennai,Blue,1
5387,Maruti Swift,2013,7.6,0.91,103443,Petrol,Dealer,Manual,0,1199,14.2,Chandigarh,White,13
5388,Maruti Dzire,2022,8.17,2.79,70070,Petrol,Dealer,Manual,1,799,23.3,Hyderabad,Brown,4
5389,Jeep Compass,2012,27.08,3.25,134894,Diesel,Dealer,Automatic,0,1597,13.8,Mumbai,Brown,14
5390,Maruti Swift,2013,9.08,1.09,107172,Petrol,Individual,Manual,1,1197,22.6,Jaipur,Black,13
5391,Hyundai Grand i10,2018,6.56,1.08,54193,Petrol,Individual,Manual,1,1956,15.3,Kolkata,Black,8
5392,Hyundai Alcazar,2024,21.25,13.14,47154,Diesel,Individual,Automatic,0,998,25.1,Kolkata,Brown,2
5393,Skoda Slavia,2012,15.85,1.9,67286,Petrol,Dealer,Automatic,1,998,18.6,Bengaluru,Brown,14
5394,Volkswagen Polo,2019,8.32,1.28,67152,Petrol,Dealer,Manual,3,1197,16.1,Amritsar,Silver,7
5395,Kia Sonet,2016,12.23,1.47,100396,Petrol,Dealer,Manual,0,2755,12.3,Delhi,Red,10
5396,Hyundai Venue,2023,12.15,7.5,22680,Petrol,Dealer,Manual,1,2179,24.2,Jaipur,Grey,3
5397,Maruti Ertiga,2017,10.15,1.22,61188,Petrol,Dealer,Manual,0,2393,20.6,Lucknow,White,9
5398,Toyota Glanza,2012,8.62,1.03,108895,Petrol,Individual,Manual,1,1997,17.6,Chennai,Brown,14
5399,Hyundai Creta,2018,17.83,2.14,91190,Diesel,Dealer,Manual,1,998,17.0,Chennai,Grey,8
5400,Hyundai Verna,2020,15.85,4.58,51219,Petrol,Individual,Manual,1,2179,14.3,Noida,Black,6
5401,Tata Safari,2012,21.13,2.54,161611,Diesel,Individual,Automatic,1,1197,19.8,Hyderabad,Red,14
5402,Maruti Brezza,2020,11.31,3.4,70753,Petrol,Dealer,Manual,1,1956,20.5,Amritsar,Black,6
5403,Tata Tiago,2018,6.27,1.46,37535,Petrol,Dealer,Manual,1,2755,22.6,Chennai,Silver,8
5404,Honda Elevate,2021,14.24,5.87,60272,Petrol,Individual,Manual,0,1997,22.9,Noida,Grey,5
5405,Jeep Compass,2014,23.42,2.81,80055,Diesel,Individual,Automatic,0,2755,12.2,Jaipur,Silver,12
5406,Mahindra Thar,2016,17.89,2.15,68692,Diesel,Dealer,Manual,0,1997,18.2,Hyderabad,Silver,10
5407,Honda City,2020,15.76,5.68,68291,Petrol,Dealer,Manual,0,799,16.9,Hyderabad,Black,6
5408,Honda Amaze,2016,9.51,1.33,55682,Petrol,Individual,Manual,0,1597,17.2,Mohali,Red,10
5409,Tata Safari,2022,22.31,12.36,43595,Diesel,Individual,Automatic,0,1497,25.5,Mumbai,White,4
5410,Toyota Glanza,2018,9.42,1.13,119761,Petrol,Individual,Manual,0,1997,17.6,Hyderabad,Blue,8
5411,Maruti Fronx,2013,8.92,1.07,89529,Petrol,Individual,Manual,0,1199,15.6,Kolkata,Blue,13
5412,Honda Elevate,2021,16.16,7.31,34964,Petrol,Dealer,Manual,2,1197,25.3,Noida,Black,5
5413,Mahindra XUV700,2024,23.25,16.64,27991,Diesel,Dealer,Automatic,1,2755,16.2,Pune,Black,2
5414,Tata Tiago,2015,7.79,0.94,63519,Petrol,Dealer,Manual,0,1497,12.9,Gurugram,Red,11
5415,Toyota Innova Crysta,2013,25.69,3.08,132996,Diesel,Individual,Manual,1,1498,20.1,Chandigarh,White,13
5416,Kia Sonet,2014,13.0,1.56,78271,Petrol,Dealer,Manual,0,1199,19.4,Ludhiana,Silver,12
5417,Ford EcoSport,2025,9.86,8.49,20566,Diesel,Dealer,Manual,0,2179,19.3,Gurugram,White,1
5418,Skoda Rapid,2017,9.02,1.52,46649,Diesel,Dealer,Manual,0,1956,22.3,Amritsar,Brown,9
5419,Renault Kiger,2015,8.56,1.03,66636,Petrol,Individual,Manual,1,1497,19.2,Mumbai,Brown,11
5420,Hyundai Grand i10,2022,6.89,3.83,28284,Petrol,Individual,Manual,0,1997,23.0,Jaipur,Red,4
5421,Tata Nexon,2023,10.87,5.12,42107,Petrol,Dealer,Manual,2,1997,19.0,Pune,Grey,3
5422,Tata Harrier,2024,21.12,17.07,31778,Diesel,Dealer,Manual,1,1199,21.4,Lucknow,Black,2
5423,Hyundai i20,2023,9.76,5.54,50476,Petrol,Individual,Manual,1,1597,13.3,Bengaluru,Red,3
5424,Hyundai Venue,2014,12.3,1.48,77737,Petrol,Dealer,Manual,1,1199,20.0,Bengaluru,White,12
5425,Mahindra Scorpio,2022,21.45,8.83,68361,Diesel,Dealer,Manual,1,1197,15.2,Delhi,Red,4
5426,MG Hector,2019,20.57,4.8,69483,Petrol,Dealer,Automatic,0,1597,17.7,Amritsar,Grey,7
5427,Honda City,2021,14.24,6.07,49453,Petrol,Dealer,Manual,1,799,19.1,Noida,Red,5
5428,Hyundai Venue,2014,13.09,1.57,78452,Petrol,Individual,Manual,0,2755,18.2,Lucknow,White,12
5429,Tata Altroz,2018,8.6,1.03,75947,Petrol,Individual,Manual,0,1197,23.3,Lucknow,White,8
5430,Renault Kwid,2012,5.02,0.6,124038,Petrol,Individual,Manual,1,799,12.7,Ludhiana,White,14
5431,Kia Seltos,2022,19.15,10.8,40067,Diesel,Individual,Manual,1,1956,12.3,Gurugram,Red,4
5432,Tata Harrier,2023,17.7,13.26,6323,Diesel,Dealer,Manual,0,1597,22.5,Chandigarh,Silver,3
5433,Skoda Rapid,2023,10.57,6.71,41618,Diesel,Individual,Manual,0,1956,13.7,Gurugram,Silver,3
5434,Maruti Ciaz,2021,12.26,3.37,84407,Petrol,Individual,Manual,1,2393,15.4,Ludhiana,Grey,5
5435,Maruti Ertiga,2015,11.19,1.34,67424,Petrol,Dealer,Manual,1,1956,13.2,Mumbai,White,11
5436,Honda Amaze,2013,8.77,1.05,104426,Petrol,Dealer,Manual,1,1199,15.8,Amritsar,Blue,13
5437,Hyundai Verna,2021,16.04,8.51,28621,Petrol,Dealer,Manual,1,1498,12.2,Jaipur,Black,5
5438,Maruti Ciaz,2012,11.32,1.36,117103,Petrol,Individual,Manual,2,1498,16.1,Hyderabad,Brown,14
5439,Skoda Slavia,2025,18.63,15.44,2500,Petrol,Individual,Automatic,2,1597,21.5,Hyderabad,Silver,1
5440,Volkswagen Virtus,2024,16.42,12.52,16932,Petrol,Dealer,Automatic,0,1956,13.7,Mohali,Blue,2
5441,Maruti Baleno,2019,9.24,3.08,50271,Petrol,Individual,Manual,0,1199,19.9,Mohali,Brown,7
5442,Jeep Compass,2017,28.18,5.04,47709,Diesel,Individual,Automatic,0,1597,17.4,Chennai,Black,9
5443,Toyota Innova Crysta,2018,23.15,7.72,31025,Diesel,Individual,Manual,0,1597,18.0,Noida,Blue,8
5444,Maruti Swift,2014,8.13,0.98,92053,Petrol,Dealer,Manual,2,998,14.4,Pune,Black,12
5445,Hyundai i20,2014,7.98,0.96,86348,Petrol,Dealer,Manual,1,1199,12.5,Noida,Black,12
5446,Maruti Ciaz,2021,10.39,3.19,69149,Petrol,Dealer,Manual,2,799,18.9,Jaipur,Blue,5
5447,Tata Altroz,2019,8.07,1.32,80883,Petrol,Individual,Manual,0,1497,13.8,Hyderabad,Brown,7
5448,Kia Sonet,2015,12.66,1.52,107843,Petrol,Individual,Manual,1,799,21.8,Delhi,White,11
5449,Maruti Brezza,2021,13.92,6.99,18648,Petrol,Dealer,Manual,1,1497,17.5,Ludhiana,Grey,5
5450,Hyundai Grand i10,2016,7.61,0.91,115946,Petrol,Dealer,Manual,1,2755,20.7,Chennai,Brown,10
5451,Mahindra Bolero,2013,10.25,1.23,109471,Diesel,Dealer,Manual,1,998,24.2,Lucknow,Grey,13
5452,Honda Elevate,2017,15.33,1.84,61185,Petrol,Dealer,Manual,0,998,17.8,Amritsar,Grey,9
5453,Volkswagen Polo,2019,8.38,1.72,96840,Petrol,Dealer,Manual,0,2179,17.7,Noida,White,7
5454,Tata Tiago,2012,6.9,0.83,172817,Petrol,Dealer,Manual,0,1956,19.3,Ludhiana,Silver,14
5455,Maruti Ciaz,2021,10.53,4.03,62331,Petrol,Dealer,Manual,1,1997,20.4,Bengaluru,White,5
5456,Tata Nexon,2018,12.8,3.29,52942,Petrol,Dealer,Manual,0,1199,15.1,Jaipur,Grey,8
5457,Maruti Wagon R,2023,6.66,4.74,23326,Petrol,Individual,Manual,1,1597,19.3,Lucknow,White,3
5458,Mahindra Scorpio,2012,22.04,2.64,126450,Diesel,Dealer,Manual,1,1956,16.5,Lucknow,Grey,14
5459,Hyundai Verna,2023,13.46,8.29,60827,Petrol,Dealer,Manual,0,1597,16.3,Amritsar,Blue,3
5460,Skoda Slavia,2015,15.47,1.86,109644,Petrol,Dealer,Automatic,0,1956,14.4,Mohali,White,11
5461,Maruti Fronx,2024,9.0,7.2,15806,Petrol,Individual,Manual,1,1497,12.7,Mohali,Brown,2
5462,Renault Kwid,2018,4.9,1.33,34338,Petrol,Dealer,Manual,0,1199,12.1,Noida,Blue,8
5463,Tata Safari,2012,25.71,3.09,131412,Diesel,Dealer,Automatic,1,799,17.0,Amritsar,White,14
5464,Mahindra Bolero,2017,9.07,1.09,89364,Diesel,Individual,Manual,0,1997,24.2,Noida,White,9
5465,Maruti Ciaz,2019,10.5,2.11,85140,Petrol,Individual,Manual,0,1497,12.6,Chandigarh,Red,7
5466,Volkswagen Polo,2013,7.59,0.91,143743,Petrol,Dealer,Manual,0,998,21.4,Kolkata,Brown,13
5467,Maruti Brezza,2019,11.62,4.11,49095,Petrol,Dealer,Manual,0,2393,16.9,Noida,Silver,7
5468,Tata Nexon,2022,10.6,5.95,30248,Petrol,Individual,Manual,0,799,25.2,Bengaluru,Blue,4
5469,Toyota Fortuner,2021,35.61,13.89,68224,Diesel,Individual,Automatic,0,2755,17.8,Lucknow,Red,5
5470,Tata Safari,2025,23.19,16.29,40090,Diesel,Dealer,Automatic,1,1497,23.7,Lucknow,Red,1
5471,Hyundai Alcazar,2022,19.57,12.27,24317,Diesel,Individual,Automatic,0,1956,20.6,Bengaluru,White,4
5472,MG Hector,2013,21.65,2.6,90209,Petrol,Dealer,Automatic,0,1497,17.7,Chandigarh,White,13
5473,MG Hector,2018,22.34,4.27,62357,Petrol,Dealer,Automatic,0,1199,16.3,Pune,Red,8
5474,Volkswagen Virtus,2020,15.47,4.27,78925,Petrol,Dealer,Automatic,1,2755,16.2,Kolkata,Silver,6
5475,Tata Tiago,2017,6.61,0.79,70895,Petrol,Individual,Manual,0,1199,25.0,Amritsar,Red,9
5476,Maruti Baleno,2021,8.43,3.58,12158,Petrol,Dealer,Manual,2,998,14.4,Gurugram,Grey,5
5477,Mahindra Scorpio,2023,18.45,10.48,53667,Diesel,Individual,Manual,0,1497,12.9,Pune,Silver,3
5478,Tata Harrier,2017,19.15,2.3,81116,Diesel,Dealer,Manual,1,1497,23.9,Hyderabad,Blue,9
5479,Mahindra Bolero,2015,10.73,1.29,89791,Diesel,Individual,Manual,0,2179,14.6,Pune,Blue,11
5480,Maruti Fronx,2018,10.15,2.51,53741,Petrol,Individual,Manual,0,1997,18.0,Amritsar,Black,8
5481,Skoda Slavia,2018,15.59,4.06,48142,Petrol,Dealer,Automatic,0,998,21.2,Gurugram,Brown,8
5482,Tata Altroz,2020,8.05,1.79,86881,Petrol,Individual,Manual,1,1997,13.0,Chennai,Grey,6
5483,Tata Altroz,2017,9.27,1.11,59440,Petrol,Individual,Manual,0,1498,21.1,Noida,Silver,9
5484,Hyundai Creta,2022,15.31,6.97,72124,Diesel,Individual,Manual,0,1597,15.4,Jaipur,White,4
5485,Toyota Fortuner,2021,43.72,14.62,55505,Diesel,Individual,Automatic,1,2755,13.9,Mohali,Silver,5
5486,Hyundai Alcazar,2022,21.55,8.83,48979,Diesel,Dealer,Automatic,3,799,15.2,Amritsar,Brown,4
5487,Kia Sonet,2013,12.79,1.54,109352,Petrol,Individual,Manual,1,998,18.4,Chennai,Red,13
5488,Kia Seltos,2013,15.7,1.88,75340,Diesel,Dealer,Manual,0,1956,19.6,Lucknow,Blue,13
5489,Maruti Fronx,2019,9.33,3.04,43060,Petrol,Individual,Manual,1,2179,15.5,Ludhiana,Blue,7
5490,Maruti Baleno,2016,9.52,1.14,72763,Petrol,Dealer,Manual,0,2755,20.7,Mumbai,Grey,10
5491,Maruti Brezza,2020,12.72,3.36,51917,Petrol,Dealer,Manual,2,2179,22.6,Delhi,Red,6
5492,Hyundai Verna,2025,16.6,11.92,56974,Petrol,Individual,Manual,0,2179,17.5,Jaipur,Grey,1
5493,Toyota Innova Crysta,2016,22.97,2.76,85709,Diesel,Individual,Manual,0,1597,22.9,Amritsar,Grey,10
5494,Maruti Fronx,2022,10.24,5.99,30529,Petrol,Dealer,Manual,0,1197,12.5,Pune,Red,4
5495,Maruti Ciaz,2020,11.4,3.16,74549,Petrol,Dealer,Manual,0,2755,15.5,Chandigarh,Blue,6
5496,Tata Altroz,2012,8.58,1.03,123825,Petrol,Individual,Manual,0,2179,12.6,Bengaluru,Blue,14
5497,Maruti Brezza,2014,12.44,1.49,98758,Petrol,Individual,Manual,0,1199,19.3,Mumbai,Silver,12
5498,Hyundai Venue,2019,13.17,4.7,43896,Petrol,Dealer,Manual,0,1597,22.1,Chennai,Black,7
5499,Hyundai Alcazar,2016,18.81,2.26,106369,Diesel,Dealer,Automatic,0,1199,13.1,Amritsar,Black,10
5500,Maruti Wagon R,2013,6.01,0.72,112679,Petrol,Dealer,Manual,0,2393,15.2,Pune,Silver,13
5501,Maruti Wagon R,2012,5.59,0.67,117925,Petrol,Individual,Manual,1,2393,12.2,Hyderabad,Blue,14
5502,Honda Amaze,2019,9.36,3.25,25676,Petrol,Individual,Manual,0,2393,22.2,Delhi,White,7
5503,Toyota Glanza,2012,9.25,1.11,133852,Petrol,Dealer,Manual,2,2179,23.9,Bengaluru,Blue,14
5504,Maruti Dzire,2013,9.4,1.13,119741,Petrol,Dealer,Manual,2,1997,16.6,Gurugram,Brown,13
5505,Kia Sonet,2017,13.82,1.66,133918,Petrol,Dealer,Manual,0,1498,18.3,Delhi,Blue,9
5506,Toyota Glanza,2022,9.2,5.63,33704,Petrol,Individual,Manual,0,1199,12.8,Bengaluru,Red,4
5507,Hyundai Creta,2020,15.43,5.45,61836,Diesel,Individual,Manual,0,2393,24.3,Jaipur,Grey,6
5508,Maruti Baleno,2013,9.73,1.17,105206,Petrol,Dealer,Manual,1,1197,13.8,Delhi,Red,13
5509,Maruti Wagon R,2024,5.54,4.6,12092,Petrol,Dealer,Manual,0,1497,19.3,Mumbai,Grey,2
5510,Maruti Ertiga,2018,10.77,1.53,108260,Petrol,Individual,Manual,0,2755,25.2,Amritsar,Black,8
5511,Volkswagen Virtus,2016,16.44,1.97,98908,Petrol,Individual,Automatic,1,799,21.8,Ludhiana,Blue,10
5512,Mahindra Bolero,2012,10.56,1.27,115428,Diesel,Individual,Manual,1,2393,23.5,Gurugram,Silver,14
5513,Hyundai Grand i10,2022,6.6,3.66,44286,Petrol,Individual,Manual,0,1497,18.0,Lucknow,Brown,4
5514,Mahindra XUV700,2023,24.59,17.68,2500,Diesel,Individual,Automatic,0,998,19.3,Ludhiana,Brown,3
5515,Hyundai i20,2020,9.58,2.06,88815,Petrol,Individual,Manual,2,1197,14.6,Pune,Red,6
5516,Volkswagen Virtus,2021,15.42,7.85,25007,Petrol,Individual,Automatic,0,1597,22.8,Bengaluru,Silver,5
5517,Renault Kwid,2024,5.04,3.56,38655,Petrol,Individual,Manual,0,2393,22.7,Bengaluru,White,2
5518,Honda Elevate,2013,16.56,1.99,139783,Petrol,Dealer,Manual,0,1997,20.7,Hyderabad,Silver,13
5519,Hyundai Verna,2025,13.46,9.63,41843,Petrol,Individual,Manual,0,1497,21.7,Gurugram,White,1
5520,Honda Elevate,2020,16.55,7.02,54767,Petrol,Individual,Manual,0,1597,20.0,Ludhiana,White,6
5521,Maruti Wagon R,2013,5.87,0.7,132265,Petrol,Individual,Manual,0,799,24.2,Pune,Black,13
5522,Hyundai Grand i10,2025,6.77,5.0,57470,Petrol,Individual,Manual,1,998,13.9,Delhi,Grey,1
5523,Volkswagen Polo,2023,7.47,5.25,15175,Petrol,Dealer,Manual,0,998,19.6,Mohali,Silver,3
5524,Honda Amaze,2013,7.99,0.96,89982,Petrol,Dealer,Manual,0,799,15.9,Delhi,Black,13
5525,Tata Punch,2022,7.94,4.64,17025,Petrol,Dealer,Manual,1,2755,15.6,Jaipur,Silver,4
5526,Tata Punch,2015,8.33,1.0,73713,Petrol,Individual,Manual,3,998,18.6,Mumbai,Grey,11
5527,Maruti Ertiga,2025,12.47,10.85,23246,Petrol,Dealer,Manual,0,1197,16.0,Bengaluru,Black,1
5528,Tata Punch,2022,8.13,4.36,42909,Petrol,Individual,Manual,0,1956,17.2,Chennai,Black,4
5529,Honda City,2016,16.55,1.99,79069,Petrol,Individual,Manual,0,1197,13.7,Pune,Black,10
5530,Honda Elevate,2015,15.44,1.85,123273,Petrol,Individual,Manual,0,998,16.9,Amritsar,Black,11
5531,Hyundai i20,2019,9.33,2.06,68438,Petrol,Dealer,Manual,0,2179,17.6,Noida,Black,7
5532,Maruti Wagon R,2013,6.31,0.76,117433,Petrol,Individual,Manual,0,998,22.4,Hyderabad,Grey,13
5533,Honda Amaze,2022,8.87,4.17,104152,Petrol,Dealer,Manual,0,2393,23.4,Gurugram,Black,4
5534,Renault Kiger,2020,8.38,2.91,44477,Petrol,Dealer,Manual,1,1997,15.5,Pune,Blue,6
5535,Kia Seltos,2023,19.48,13.69,18663,Diesel,Dealer,Manual,1,1199,25.2,Mohali,Grey,3
5536,Tata Punch,2017,8.65,1.13,64774,Petrol,Individual,Manual,0,1497,15.5,Ludhiana,Blue,9
5537,Tata Punch,2017,8.38,1.17,38904,Petrol,Individual,Manual,0,1498,14.3,Delhi,Black,9
5538,Maruti Ciaz,2021,12.29,3.99,83539,Petrol,Dealer,Manual,0,1498,18.0,Chennai,Grey,5
5539,Maruti Swift,2018,8.85,1.22,88027,Petrol,Dealer,Manual,0,1199,21.6,Amritsar,Black,8
5540,Mahindra Bolero,2023,8.85,5.44,38689,Diesel,Individual,Manual,0,1597,24.3,Mumbai,White,3
5541,Skoda Slavia,2021,17.56,8.42,69986,Petrol,Dealer,Automatic,0,1498,23.6,Chennai,Brown,5
5542,Maruti Brezza,2024,13.52,9.78,64859,Petrol,Dealer,Manual,0,1997,16.8,Noida,Black,2
5543,Honda Elevate,2013,17.12,2.05,143378,Petrol,Individual,Manual,0,1997,18.6,Pune,Black,13
5544,Maruti Dzire,2018,9.82,1.21,95141,Petrol,Individual,Manual,0,2755,21.9,Chandigarh,Blue,8
5545,Skoda Slavia,2014,18.98,2.28,122187,Petrol,Dealer,Automatic,1,2179,18.9,Pune,Red,12
5546,Renault Kwid,2016,5.11,0.61,103645,Petrol,Dealer,Manual,0,1956,20.1,Hyderabad,Brown,10
5547,Renault Kiger,2017,8.09,2.13,33994,Petrol,Dealer,Manual,0,2393,22.7,Lucknow,White,9
5548,Hyundai Creta,2019,15.76,2.68,100518,Diesel,Dealer,Manual,0,1497,23.3,Lucknow,Black,7
5549,Renault Kwid,2020,5.0,1.96,42564,Petrol,Dealer,Manual,1,998,15.9,Chandigarh,Black,6
5550,Maruti Brezza,2012,12.4,1.49,82848,Petrol,Individual,Manual,1,1498,13.5,Hyderabad,Silver,14
5551,Honda Amaze,2017,8.39,1.67,35749,Petrol,Individual,Manual,0,1597,21.4,Chennai,Red,9
5552,Tata Punch,2015,8.63,1.04,127964,Petrol,Individual,Manual,2,1497,24.6,Delhi,White,11
5553,Tata Nexon,2022,12.12,5.9,43293,Petrol,Individual,Manual,0,1197,18.1,Gurugram,Silver,4
5554,MG Hector,2025,22.98,20.93,7213,Petrol,Dealer,Automatic,0,1197,16.6,Noida,Brown,1
5555,Hyundai Venue,2018,13.05,1.57,92838,Petrol,Dealer,Manual,1,1498,15.0,Ludhiana,Silver,8
5556,Honda Elevate,2022,16.69,8.74,34833,Petrol,Individual,Manual,1,1597,20.4,Lucknow,Black,4
5557,Tata Punch,2023,8.93,5.91,27440,Petrol,Individual,Manual,0,1199,14.0,Noida,Blue,3
5558,Renault Kwid,2018,5.46,1.08,57143,Petrol,Individual,Manual,1,1197,15.6,Jaipur,Blue,8
5559,Toyota Glanza,2022,9.82,4.51,58691,Petrol,Individual,Manual,2,1199,19.7,Chennai,Silver,4
5560,Hyundai Venue,2017,11.94,1.43,113835,Petrol,Dealer,Manual,2,2755,12.9,Kolkata,Black,9
5561,Honda City,2021,16.08,6.76,40718,Petrol,Dealer,Manual,2,799,21.2,Mumbai,Silver,5
5562,Mahindra XUV700,2024,26.28,19.58,40726,Diesel,Dealer,Automatic,0,1498,23.9,Jaipur,Red,2
5563,Toyota Fortuner,2019,37.61,5.86,86323,Diesel,Individual,Automatic,1,1497,17.3,Chandigarh,Blue,7
5564,Hyundai Venue,2015,11.06,1.33,95340,Petrol,Dealer,Manual,0,799,17.9,Chennai,Brown,11
5565,Maruti Wagon R,2015,5.59,0.67,114426,Petrol,Dealer,Manual,2,799,21.4,Mumbai,Grey,11
5566,Maruti Ertiga,2021,10.43,3.73,74936,Petrol,Individual,Manual,1,998,16.3,Jaipur,Red,5
5567,Tata Nexon,2014,11.96,1.43,116477,Petrol,Individual,Manual,0,1956,22.4,Chennai,Brown,12
5568,Tata Harrier,2018,21.53,4.03,67933,Diesel,Dealer,Manual,0,1197,18.8,Amritsar,White,8
5569,Toyota Fortuner,2014,44.9,5.39,115768,Diesel,Dealer,Automatic,0,1199,14.4,Lucknow,White,12
5570,Tata Nexon,2018,11.89,1.73,65348,Petrol,Individual,Manual,1,799,23.2,Jaipur,Grey,8
5571,Hyundai Grand i10,2017,6.47,0.78,106631,Petrol,Dealer,Manual,2,1498,20.1,Pune,Red,9
5572,Hyundai i20,2012,9.11,1.09,113462,Petrol,Individual,Manual,0,1956,17.0,Noida,Black,14
5573,Maruti Fronx,2021,10.75,3.35,62074,Petrol,Individual,Manual,2,1498,25.4,Kolkata,Silver,5
5574,Mahindra XUV700,2019,28.97,8.96,36958,Diesel,Individual,Automatic,0,1199,15.0,Bengaluru,Blue,7
5575,Honda Elevate,2020,15.4,3.38,103206,Petrol,Dealer,Manual,2,998,15.0,Ludhiana,Black,6
5576,Hyundai Alcazar,2015,23.12,2.77,74613,Diesel,Dealer,Automatic,1,1997,22.4,Chandigarh,Red,11
5577,Mahindra Thar,2024,17.04,10.85,61377,Diesel,Dealer,Manual,0,2179,24.8,Bengaluru,Brown,2
5578,Maruti Swift,2019,8.34,2.52,34376,Petrol,Dealer,Manual,1,998,21.9,Jaipur,White,7
5579,Mahindra Bolero,2022,10.69,4.84,73103,Diesel,Individual,Manual,0,2179,15.2,Pune,Red,4
5580,Mahindra Bolero,2022,9.28,5.44,20745,Diesel,Individual,Manual,0,1497,14.0,Lucknow,Grey,4
5581,Honda Amaze,2021,9.23,4.11,30600,Petrol,Dealer,Manual,1,1498,24.7,Mumbai,Red,5
5582,Tata Punch,2018,9.61,1.37,55681,Petrol,Dealer,Manual,1,799,25.0,Delhi,Blue,8
5583,Tata Harrier,2023,19.99,13.81,7592,Diesel,Dealer,Manual,1,1956,13.5,Noida,Grey,3
5584,Renault Kwid,2025,4.56,3.93,2500,Petrol,Dealer,Manual,1,998,22.4,Lucknow,White,1
5585,Maruti Brezza,2022,11.4,5.9,58894,Petrol,Dealer,Manual,0,1597,23.2,Noida,Blue,4
5586,Hyundai Creta,2025,18.73,15.3,32325,Diesel,Individual,Manual,0,2179,22.7,Hyderabad,Red,1
5587,Tata Tiago,2024,6.96,4.84,15061,Petrol,Dealer,Manual,0,2179,23.0,Lucknow,Black,2
5588,Mahindra Bolero,2012,9.19,1.1,111653,Diesel,Individual,Manual,0,1956,14.3,Delhi,White,14
5589,Tata Tiago,2013,6.23,0.75,90851,Petrol,Individual,Manual,0,1199,12.1,Mumbai,Grey,13
5590,Maruti Ertiga,2024,11.56,8.21,31107,Petrol,Dealer,Manual,0,2393,24.3,Hyderabad,Grey,2
5591,Mahindra Thar,2012,15.65,1.88,147748,Diesel,Dealer,Manual,0,799,13.9,Jaipur,Blue,14
5592,Mahindra Thar,2015,15.2,1.82,110500,Diesel,Dealer,Manual,1,1197,14.8,Mohali,Grey,11
5593,Jeep Compass,2014,26.57,3.19,107169,Diesel,Individual,Automatic,1,2755,13.3,Mumbai,White,12
5594,Kia Seltos,2013,19.03,2.28,94372,Diesel,Dealer,Manual,1,2393,16.9,Ludhiana,Black,13
5595,Mahindra Scorpio,2020,18.45,4.6,88427,Diesel,Individual,Manual,1,1199,25.0,Gurugram,Grey,6
5596,Tata Nexon,2018,11.78,1.59,77326,Petrol,Dealer,Manual,1,1498,18.0,Delhi,White,8
5597,Hyundai Verna,2016,15.63,1.88,77500,Petrol,Dealer,Manual,1,1956,25.0,Pune,Brown,10
5598,Toyota Glanza,2022,8.64,4.4,37382,Petrol,Dealer,Manual,2,1997,15.1,Noida,Silver,4
5599,Maruti Swift,2023,8.37,5.34,37781,Petrol,Dealer,Manual,0,1597,22.2,Chennai,Red,3
5600,MG Hector,2024,20.04,12.38,52744,Petrol,Dealer,Automatic,0,1597,20.1,Chennai,Silver,2
5601,Toyota Fortuner,2022,42.7,17.25,69617,Diesel,Individual,Automatic,2,1199,14.3,Bengaluru,Red,4
5602,Volkswagen Polo,2018,7.67,0.92,78683,Petrol,Dealer,Manual,2,1498,21.9,Noida,Brown,8
5603,Tata Punch,2016,10.03,1.2,78822,Petrol,Individual,Manual,2,1197,22.1,Pune,Black,10
5604,Honda Amaze,2021,9.64,3.93,43478,Petrol,Dealer,Manual,0,1956,24.0,Kolkata,Brown,5
5605,Volkswagen Polo,2013,8.15,0.98,95642,Petrol,Dealer,Manual,3,1956,13.3,Chennai,Brown,13
5606,Nissan Magnite,2024,9.12,6.37,36615,Petrol,Dealer,Manual,1,1597,17.2,Gurugram,Brown,2
5607,Maruti Ciaz,2019,10.65,3.48,49842,Petrol,Individual,Manual,0,1997,22.0,Chandigarh,Blue,7
5608,Maruti Swift,2023,8.94,5.48,42553,Petrol,Dealer,Manual,0,2393,15.5,Mumbai,Silver,3
5609,Toyota Innova Crysta,2024,24.92,15.38,58053,Diesel,Individual,Manual,1,1199,22.3,Jaipur,Black,2
5610,Honda Elevate,2015,14.42,1.73,101376,Petrol,Dealer,Manual,0,2755,14.2,Pune,Blue,11
5611,Maruti Ertiga,2023,11.69,8.78,9369,Petrol,Dealer,Manual,0,1497,23.2,Pune,White,3
5612,Maruti Baleno,2017,8.48,1.02,73836,Petrol,Individual,Manual,0,2179,14.5,Lucknow,White,9
5613,Toyota Glanza,2023,10.0,6.57,18969,Petrol,Individual,Manual,0,998,19.8,Ludhiana,Grey,3
5614,Maruti Dzire,2020,9.28,4.31,8935,Petrol,Individual,Manual,0,1997,12.6,Ludhiana,White,6
5615,Toyota Glanza,2014,10.07,1.21,97270,Petrol,Dealer,Manual,0,2755,19.6,Gurugram,Grey,12
5616,Maruti Swift,2020,8.27,3.04,33667,Petrol,Dealer,Manual,1,1497,25.0,Kolkata,Grey,6
5617,Volkswagen Polo,2023,8.59,6.65,14646,Petrol,Dealer,Manual,0,1997,14.9,Jaipur,Black,3
5618,Renault Kiger,2025,8.8,7.68,28520,Petrol,Individual,Manual,0,799,25.4,Hyderabad,Red,1
5619,Tata Altroz,2022,9.05,5.2,31699,Petrol,Individual,Manual,1,2393,16.1,Ludhiana,Silver,4
5620,Honda City,2014,14.93,1.79,70530,Petrol,Individual,Manual,0,1956,18.5,Pune,Black,12
5621,Maruti Brezza,2024,12.56,10.48,7886,Petrol,Dealer,Manual,1,1497,15.1,Jaipur,Silver,2
5622,Hyundai Venue,2014,11.06,1.33,97270,Petrol,Dealer,Manual,0,799,13.2,Jaipur,Grey,12
5623,Maruti Brezza,2013,12.28,1.47,55324,Petrol,Dealer,Manual,1,1497,15.0,Ludhiana,Red,13
5624,Volkswagen Polo,2012,8.83,1.06,132646,Petrol,Dealer,Manual,0,1956,21.5,Chennai,White,14
5625,Mahindra Bolero,2012,10.36,1.24,130912,Diesel,Dealer,Manual,0,1956,21.0,Chennai,Red,14
5626,Maruti Baleno,2012,9.65,1.16,147299,Petrol,Dealer,Manual,2,1497,19.4,Hyderabad,Silver,14
5627,Jeep Compass,2018,24.06,2.89,89106,Diesel,Dealer,Automatic,2,2179,23.4,Kolkata,Black,8
5628,Volkswagen Virtus,2024,17.67,13.51,33124,Petrol,Dealer,Automatic,2,2393,17.6,Lucknow,White,2
5629,Hyundai Venue,2025,13.18,11.73,5642,Petrol,Individual,Manual,0,1597,17.8,Mumbai,Blue,1
5630,Renault Kiger,2014,8.41,1.01,81637,Petrol,Individual,Manual,0,2393,12.0,Chandigarh,Red,12
5631,Maruti Fronx,2020,10.31,4.15,28601,Petrol,Dealer,Manual,1,998,15.3,Pune,Black,6
5632,Maruti Baleno,2021,8.85,4.23,36599,Petrol,Dealer,Manual,0,1597,20.4,Lucknow,Red,5
5633,Tata Tiago,2022,6.24,3.0,54959,Petrol,Dealer,Manual,1,1956,19.3,Ludhiana,Silver,4
5634,MG Hector,2015,20.54,2.47,145813,Petrol,Dealer,Automatic,1,1197,19.0,Amritsar,Brown,11
5635,Toyota Fortuner,2015,42.6,5.11,112192,Diesel,Dealer,Automatic,0,1497,25.0,Chennai,Blue,11
5636,Maruti Swift,2020,8.09,3.13,52110,Petrol,Dealer,Manual,1,2393,22.3,Pune,Black,6
5637,Maruti Ertiga,2020,11.91,3.42,77113,Petrol,Individual,Manual,0,1597,22.5,Lucknow,Black,6
5638,Hyundai Alcazar,2017,23.55,2.83,79733,Diesel,Individual,Automatic,0,2179,13.0,Lucknow,Red,9
5639,Maruti Brezza,2023,11.31,7.64,30208,Petrol,Individual,Manual,0,1597,17.6,Delhi,Blue,3
5640,Mahindra XUV700,2022,23.16,12.43,75703,Diesel,Dealer,Automatic,0,799,17.7,Mohali,Grey,4
5641,Hyundai Venue,2021,13.14,6.44,34453,Petrol,Dealer,Manual,1,2755,23.1,Ludhiana,Silver,5
5642,Renault Kwid,2019,5.02,1.09,54294,Petrol,Dealer,Manual,2,1197,21.9,Ludhiana,Silver,7
5643,Maruti Dzire,2014,9.71,1.17,127931,Petrol,Dealer,Manual,2,2179,21.7,Ludhiana,White,12
5644,Maruti Wagon R,2012,5.33,0.64,110219,Petrol,Dealer,Manual,0,1199,25.2,Bengaluru,Red,14
5645,Honda City,2021,15.09,5.28,77382,Petrol,Dealer,Manual,0,2179,23.4,Chandigarh,Black,5
5646,Skoda Slavia,2020,16.55,5.08,69984,Petrol,Individual,Automatic,0,1199,20.0,Mumbai,Blue,6
5647,Hyundai Creta,2019,16.12,2.43,80628,Diesel,Dealer,Manual,1,2179,12.2,Noida,White,7
5648,Tata Safari,2025,26.27,20.75,12278,Diesel,Individual,Automatic,1,1498,18.9,Mumbai,Black,1
5649,Toyota Fortuner,2014,42.8,5.14,102195,Diesel,Dealer,Automatic,0,998,25.1,Amritsar,Blue,12
5650,Tata Punch,2023,8.45,5.63,34966,Petrol,Dealer,Manual,1,1956,21.8,Noida,Brown,3
5651,Tata Tiago,2017,6.54,0.78,108731,Petrol,Individual,Manual,2,799,15.8,Lucknow,Brown,9
5652,Toyota Fortuner,2024,42.22,33.17,17889,Diesel,Dealer,Automatic,0,1498,17.4,Amritsar,White,2
5653,Hyundai Venue,2019,12.34,2.57,83187,Petrol,Individual,Manual,1,1199,13.9,Chandigarh,Grey,7
5654,Volkswagen Polo,2014,7.65,0.92,68675,Petrol,Dealer,Manual,1,1956,12.9,Delhi,Black,12
5655,Mahindra Scorpio,2021,17.88,9.97,2500,Diesel,Individual,Manual,1,2755,24.0,Lucknow,Black,5
5656,Hyundai Alcazar,2025,20.95,20.32,2500,Diesel,Individual,Automatic,0,1197,14.0,Gurugram,Brown,1
5657,Kia Seltos,2019,19.11,5.1,69348,Diesel,Dealer,Manual,0,2755,13.5,Chennai,Grey,7
5658,Maruti Ertiga,2017,11.49,1.38,79422,Petrol,Dealer,Manual,0,1199,19.2,Lucknow,Blue,9
5659,Jeep Compass,2022,26.87,14.13,39531,Diesel,Dealer,Automatic,1,799,19.2,Delhi,Blue,4
5660,Maruti Brezza,2016,11.04,1.32,86473,Petrol,Dealer,Manual,0,1997,20.8,Delhi,Grey,10
5661,Maruti Ciaz,2012,11.8,1.42,129933,Petrol,Individual,Manual,0,1597,20.6,Chennai,Grey,14
5662,Skoda Rapid,2017,11.14,2.22,34563,Diesel,Dealer,Manual,0,799,12.9,Kolkata,Blue,9
5663,Hyundai Alcazar,2018,21.61,2.59,81785,Diesel,Dealer,Automatic,2,2393,17.5,Mohali,Grey,8
5664,Skoda Slavia,2018,18.86,5.04,44792,Petrol,Dealer,Automatic,0,1497,19.9,Jaipur,White,8
5665,Mahindra XUV700,2024,27.16,19.25,35280,Diesel,Individual,Automatic,0,799,22.5,Gurugram,Silver,2
5666,Hyundai Venue,2016,13.4,1.61,83048,Petrol,Individual,Manual,0,1597,17.6,Hyderabad,Black,10
5667,Honda Amaze,2022,9.1,4.5,55726,Petrol,Individual,Manual,0,998,24.1,Chennai,White,4
5668,MG Hector,2022,18.72,11.01,31244,Petrol,Individual,Automatic,1,1497,14.0,Ludhiana,Grey,4
5669,Nissan Magnite,2012,9.57,1.15,110269,Petrol,Dealer,Manual,1,1956,21.9,Hyderabad,Brown,14
5670,Maruti Fronx,2013,9.33,1.12,85769,Petrol,Dealer,Manual,1,1197,24.5,Lucknow,Silver,13
5671,Maruti Ciaz,2016,11.81,1.42,61357,Petrol,Dealer,Manual,1,1997,21.3,Jaipur,Black,10
5672,Maruti Baleno,2016,8.17,0.98,97806,Petrol,Dealer,Manual,1,1497,19.7,Gurugram,Black,10
5673,Jeep Compass,2014,24.91,2.99,95951,Diesel,Dealer,Automatic,3,799,21.0,Ludhiana,Blue,12
5674,Tata Punch,2022,9.32,5.52,32747,Petrol,Dealer,Manual,0,1956,20.3,Chandigarh,Silver,4
5675,Toyota Innova Crysta,2016,24.85,2.98,93636,Diesel,Dealer,Manual,1,2755,18.6,Pune,Grey,10
5676,Tata Nexon,2023,13.39,10.15,2500,Petrol,Individual,Manual,0,2393,22.7,Kolkata,Silver,3
5677,Tata Safari,2019,23.02,2.95,135742,Diesel,Dealer,Automatic,2,799,13.9,Bengaluru,Silver,7
5678,Skoda Rapid,2024,9.94,8.29,13987,Diesel,Individual,Manual,0,1197,23.0,Lucknow,Red,2
5679,Hyundai Verna,2018,14.35,4.29,26594,Petrol,Individual,Manual,1,1498,13.7,Lucknow,Grey,8
5680,Tata Altroz,2016,7.98,0.96,89391,Petrol,Dealer,Manual,0,1597,20.5,Ludhiana,Silver,10
5681,Skoda Rapid,2014,9.23,1.11,138221,Diesel,Individual,Manual,0,2393,18.1,Amritsar,Black,12
5682,Tata Altroz,2022,9.29,6.4,2500,Petrol,Dealer,Manual,2,2179,19.9,Chennai,Black,4
5683,Kia Sonet,2012,12.37,1.48,98094,Petrol,Dealer,Manual,3,998,22.8,Lucknow,Silver,14
5684,Tata Safari,2021,24.1,7.74,92301,Diesel,Individual,Automatic,1,1497,17.3,Lucknow,Silver,5
5685,Honda Elevate,2025,17.12,12.28,43951,Petrol,Individual,Manual,0,1497,19.0,Mohali,Red,1
5686,Hyundai Venue,2016,13.27,1.59,93247,Petrol,Individual,Manual,0,1997,14.2,Jaipur,Silver,10
5687,Mahindra Scorpio,2020,17.98,4.58,71544,Diesel,Dealer,Manual,1,2755,15.9,Gurugram,Brown,6
5688,Mahindra Bolero,2013,10.85,1.3,140206,Diesel,Dealer,Manual,0,2393,18.7,Chennai,Grey,13
5689,Volkswagen Polo,2016,7.95,0.95,111266,Petrol,Individual,Manual,0,2755,23.2,Ludhiana,Red,10
5690,Toyota Fortuner,2022,41.5,23.81,29391,Diesel,Individual,Automatic,0,1497,22.6,Gurugram,White,4
5691,Tata Harrier,2021,19.08,7.23,71811,Diesel,Individual,Manual,0,799,15.4,Delhi,Black,5
5692,Ford EcoSport,2019,9.12,1.86,77655,Diesel,Dealer,Manual,1,1997,12.5,Noida,Red,7
5693,Ford EcoSport,2017,8.68,1.04,59243,Diesel,Dealer,Manual,0,1956,16.0,Kolkata,Red,9
5694,Toyota Innova Crysta,2013,26.1,3.13,102950,Diesel,Dealer,Manual,0,1597,15.3,Pune,Blue,13
5695,Volkswagen Polo,2013,7.84,0.94,133203,Petrol,Dealer,Manual,2,998,13.2,Noida,White,13
5696,Tata Safari,2020,24.01,10.83,36373,Diesel,Individual,Automatic,0,1197,16.8,Jaipur,Grey,6
5697,Tata Altroz,2015,9.1,1.09,103367,Petrol,Dealer,Manual,0,2393,12.5,Bengaluru,White,11
5698,Hyundai Creta,2016,15.34,1.84,96787,Diesel,Individual,Manual,2,1197,22.4,Mohali,Silver,10
5699,Maruti Ertiga,2016,11.86,1.42,65992,Petrol,Individual,Manual,0,2179,15.7,Ludhiana,Red,10
5700,Hyundai Creta,2025,17.87,15.82,14125,Diesel,Individual,Manual,0,1997,17.7,Gurugram,Brown,1
5701,Tata Altroz,2022,8.67,5.16,29243,Petrol,Dealer,Manual,1,1597,12.7,Noida,Silver,4
5702,Mahindra XUV700,2024,22.75,17.06,37108,Diesel,Individual,Automatic,1,2755,12.2,Mumbai,Brown,2
5703,Hyundai Grand i10,2023,7.54,5.71,9371,Petrol,Individual,Manual,0,1956,13.5,Chennai,Blue,3
5704,Maruti Fronx,2019,9.02,1.86,50118,Petrol,Individual,Manual,3,2393,17.3,Mumbai,Grey,7
5705,Tata Nexon,2018,12.48,2.52,64231,Petrol,Dealer,Manual,0,1597,17.5,Mumbai,Blue,8
5706,Hyundai i20,2022,9.75,5.64,43080,Petrol,Dealer,Manual,0,1956,17.6,Bengaluru,Brown,4
5707,Mahindra Scorpio,2013,17.68,2.12,78575,Diesel,Dealer,Manual,0,1498,18.4,Jaipur,Brown,13
5708,Nissan Magnite,2025,10.05,9.22,2500,Petrol,Dealer,Manual,0,2179,13.1,Chandigarh,Grey,1
5709,Maruti Alto,2022,4.61,2.22,62293,Petrol,Dealer,Manual,1,1997,17.9,Chennai,Black,4
5710,Tata Punch,2019,10.01,2.67,54027,Petrol,Dealer,Manual,1,1199,22.4,Jaipur,Red,7
5711,Mahindra XUV700,2019,24.96,11.06,11547,Diesel,Individual,Automatic,1,1497,25.4,Gurugram,White,7
5712,Honda Elevate,2014,17.49,2.1,114322,Petrol,Individual,Manual,0,2393,19.8,Lucknow,Black,12
5713,Toyota Fortuner,2020,44.79,12.96,89488,Diesel,Dealer,Automatic,1,1956,23.8,Delhi,Red,6
5714,Maruti Swift,2016,7.49,0.9,96702,Petrol,Individual,Manual,1,2755,22.1,Bengaluru,White,10
5715,Mahindra Scorpio,2022,21.24,10.81,42255,Diesel,Individual,Manual,0,1997,20.7,Mohali,Red,4
5716,Maruti Ertiga,2022,11.54,6.96,17131,Petrol,Dealer,Manual,1,1498,21.4,Delhi,White,4
5717,Hyundai Grand i10,2019,7.07,1.22,67789,Petrol,Dealer,Manual,1,799,19.9,Bengaluru,Red,7
5718,Hyundai Creta,2018,18.7,4.78,47848,Diesel,Individual,Manual,0,1997,14.6,Mumbai,Blue,8
5719,Tata Altroz,2023,8.72,5.66,34781,Petrol,Dealer,Manual,0,998,15.6,Hyderabad,Red,3
5720,Maruti Alto,2023,4.03,2.46,40551,Petrol,Dealer,Manual,0,1997,16.3,Noida,Silver,3
5721,Tata Harrier,2017,19.79,2.38,85461,Diesel,Dealer,Manual,0,1956,16.3,Kolkata,Black,9
5722,Maruti Dzire,2025,9.69,6.77,22944,Petrol,Individual,Manual,3,1498,19.9,Ludhiana,Black,1
5723,Mahindra XUV700,2021,26.79,10.55,52041,Diesel,Individual,Automatic,1,998,12.5,Amritsar,Red,5
5724,Hyundai Grand i10,2017,7.74,0.93,67859,Petrol,Dealer,Manual,2,1197,12.3,Chandigarh,Black,9
5725,Tata Nexon,2013,10.98,1.32,62142,Petrol,Individual,Manual,1,1197,16.6,Gurugram,Blue,13
5726,Maruti Fronx,2025,8.92,7.71,2500,Petrol,Individual,Manual,0,2179,24.2,Bengaluru,Silver,1
5727,Tata Nexon,2012,13.4,1.61,93567,Petrol,Individual,Manual,1,998,15.6,Hyderabad,Silver,14
5728,Kia Sonet,2016,11.91,1.43,63418,Petrol,Individual,Manual,0,2179,21.0,Mohali,White,10
5729,Ford EcoSport,2017,10.56,1.27,73388,Diesel,Individual,Manual,0,998,21.9,Amritsar,Silver,9
5730,Tata Harrier,2025,19.59,13.85,56149,Diesel,Dealer,Manual,0,1956,14.9,Noida,Blue,1
5731,Hyundai Alcazar,2012,18.67,2.24,106654,Diesel,Individual,Automatic,0,1197,12.7,Pune,Grey,14
5732,Hyundai Grand i10,2021,6.25,2.89,55250,Petrol,Dealer,Manual,1,1997,17.8,Ludhiana,White,5
5733,Volkswagen Polo,2020,8.93,3.38,34601,Petrol,Dealer,Manual,1,1597,16.4,Amritsar,Silver,6
5734,Hyundai Alcazar,2013,23.85,2.86,111254,Diesel,Dealer,Automatic,1,2393,13.0,Kolkata,Grey,13
5735,Honda City,2017,14.61,3.29,31721,Petrol,Individual,Manual,0,2179,18.0,Jaipur,Blue,9
5736,Maruti Brezza,2016,12.55,1.51,82984,Petrol,Individual,Manual,0,799,15.8,Gurugram,White,10
5737,Hyundai Alcazar,2016,18.76,2.25,101627,Diesel,Individual,Automatic,1,2393,12.3,Bengaluru,Black,10
5738,Tata Harrier,2016,19.52,2.34,72039,Diesel,Individual,Manual,2,799,12.3,Pune,Red,10
5739,Toyota Glanza,2020,8.62,3.07,63309,Petrol,Individual,Manual,0,1997,13.4,Gurugram,Brown,6
5740,Mahindra Bolero,2020,10.53,2.46,96874,Diesel,Individual,Manual,1,1197,13.8,Lucknow,Red,6
5741,Tata Nexon,2019,10.86,2.73,64653,Petrol,Dealer,Manual,0,1197,19.1,Kolkata,Silver,7
5742,Toyota Fortuner,2021,41.39,16.16,61627,Diesel,Individual,Automatic,2,1498,13.7,Bengaluru,Red,5
5743,Tata Punch,2021,9.95,3.66,76123,Petrol,Dealer,Manual,0,1197,17.6,Mohali,White,5
5744,Maruti Brezza,2018,11.47,1.38,66184,Petrol,Dealer,Manual,2,799,21.9,Mumbai,Grey,8
5745,Maruti Fronx,2016,10.22,1.23,75709,Petrol,Dealer,Manual,0,799,22.2,Delhi,Grey,10
5746,Nissan Magnite,2016,8.83,1.06,63372,Petrol,Dealer,Manual,1,2755,15.5,Jaipur,Red,10
5747,Tata Punch,2021,9.67,4.66,58054,Petrol,Dealer,Manual,0,1997,13.8,Ludhiana,Silver,5
5748,Toyota Fortuner,2016,43.53,5.22,77552,Diesel,Individual,Automatic,1,1199,14.5,Kolkata,Grey,10
5749,Maruti Dzire,2016,8.65,1.04,112504,Petrol,Individual,Manual,0,1997,24.2,Lucknow,Red,10
5750,MG Hector,2018,20.57,3.62,67111,Petrol,Dealer,Automatic,0,1956,12.3,Lucknow,Blue,8
5751,Tata Tiago,2025,6.43,5.79,2500,Petrol,Dealer,Manual,1,2179,23.2,Mumbai,White,1
5752,Volkswagen Virtus,2015,16.78,2.01,74245,Petrol,Individual,Automatic,1,1199,13.8,Chandigarh,Silver,11
5753,Toyota Fortuner,2014,39.13,4.7,89261,Diesel,Dealer,Automatic,0,2179,25.2,Kolkata,Black,12
5754,Mahindra Scorpio,2014,21.42,2.57,87409,Diesel,Dealer,Manual,0,1498,21.9,Chennai,Brown,12
5755,Volkswagen Virtus,2012,19.21,2.31,127596,Petrol,Dealer,Automatic,0,1497,13.7,Noida,Red,14
5756,Hyundai Verna,2025,14.41,11.59,33595,Petrol,Dealer,Manual,0,2179,15.7,Bengaluru,Black,1
5757,Maruti Brezza,2016,13.61,1.63,84595,Petrol,Dealer,Manual,2,1197,12.4,Hyderabad,Black,10
5758,Tata Nexon,2024,12.01,9.06,6623,Petrol,Dealer,Manual,2,1956,23.3,Chennai,Red,2
5759,Hyundai Venue,2013,10.8,1.3,64278,Petrol,Individual,Manual,1,2755,23.5,Noida,Silver,13
5760,Hyundai i20,2017,8.44,1.01,117323,Petrol,Individual,Manual,1,1197,16.3,Kolkata,Black,9
5761,Skoda Slavia,2023,15.69,9.89,26172,Petrol,Dealer,Automatic,0,1199,23.7,Lucknow,White,3
5762,Jeep Compass,2020,28.25,13.01,38435,Diesel,Dealer,Automatic,0,998,22.1,Amritsar,Silver,6
5763,Hyundai Creta,2018,17.45,4.13,40751,Diesel,Individual,Manual,0,2755,19.9,Ludhiana,Silver,8
5764,Tata Altroz,2022,9.73,4.61,54183,Petrol,Individual,Manual,0,1197,12.2,Chandigarh,Silver,4
5765,Maruti Baleno,2021,8.32,4.42,2500,Petrol,Individual,Manual,3,1197,17.1,Amritsar,White,5
5766,MG Hector,2020,20.1,7.26,62021,Petrol,Individual,Automatic,1,1997,13.0,Mumbai,Blue,6
5767,Hyundai Venue,2012,11.32,1.36,118560,Petrol,Individual,Manual,0,2755,13.1,Mumbai,Red,14
5768,Toyota Innova Crysta,2024,24.88,16.14,63598,Diesel,Individual,Manual,0,998,12.9,Noida,Blue,2
5769,Kia Seltos,2012,16.98,2.04,114316,Diesel,Individual,Manual,1,2755,18.8,Ludhiana,Red,14
5770,Tata Tiago,2025,6.32,5.75,2500,Petrol,Dealer,Manual,0,1497,12.3,Mumbai,Grey,1
5771,Hyundai Creta,2017,15.35,1.84,103774,Diesel,Individual,Manual,0,2755,13.1,Lucknow,Grey,9
5772,Tata Harrier,2019,21.93,4.35,100052,Diesel,Dealer,Manual,1,998,17.9,Chennai,White,7
5773,Kia Sonet,2012,11.9,1.43,132208,Petrol,Dealer,Manual,0,1197,25.4,Kolkata,Grey,14
5774,Maruti Wagon R,2017,5.39,0.68,55433,Petrol,Dealer,Manual,1,2755,16.3,Bengaluru,Red,9
5775,Skoda Rapid,2015,8.93,1.07,117842,Diesel,Dealer,Manual,1,2179,22.0,Gurugram,Blue,11
5776,Honda City,2019,15.9,5.53,51297,Petrol,Individual,Manual,0,1997,24.2,Gurugram,Black,7
5777,Skoda Slavia,2021,19.02,10.49,16862,Petrol,Dealer,Automatic,1,2755,12.8,Mumbai,Black,5
5778,Hyundai i20,2017,9.86,1.18,92105,Petrol,Dealer,Manual,0,1497,24.8,Pune,Grey,9
5779,Nissan Magnite,2013,9.84,1.18,119791,Petrol,Dealer,Manual,0,2393,24.7,Jaipur,Blue,13
5780,Maruti Wagon R,2016,6.05,0.73,89181,Petrol,Individual,Manual,0,1197,13.7,Mumbai,Brown,10
5781,Nissan Magnite,2012,8.41,1.01,121485,Petrol,Individual,Manual,2,1597,13.9,Gurugram,Black,14
5782,Hyundai i20,2023,9.16,6.46,38882,Petrol,Dealer,Manual,0,1498,18.0,Chennai,Red,3
5783,Maruti Dzire,2012,8.18,0.98,62779,Petrol,Individual,Manual,1,1497,15.6,Amritsar,White,14
5784,Maruti Baleno,2025,8.86,7.55,18966,Petrol,Dealer,Manual,0,1498,12.4,Hyderabad,White,1
5785,Maruti Wagon R,2018,6.28,1.46,48959,Petrol,Dealer,Manual,0,1997,17.1,Chandigarh,Brown,8
5786,Maruti Dzire,2019,9.11,2.31,57441,Petrol,Individual,Manual,1,1197,25.5,Noida,Silver,7
5787,Jeep Compass,2012,29.18,3.5,132023,Diesel,Dealer,Automatic,0,998,21.2,Noida,Grey,14
5788,Renault Kwid,2014,5.4,0.65,94615,Petrol,Individual,Manual,0,2755,25.0,Lucknow,Brown,12
5789,Tata Harrier,2022,21.16,11.06,47118,Diesel,Dealer,Manual,0,1199,20.0,Delhi,Black,4
5790,Ford EcoSport,2017,9.58,1.15,76132,Diesel,Dealer,Manual,0,799,17.4,Lucknow,Blue,9
5791,Mahindra Thar,2021,15.03,6.42,58554,Diesel,Individual,Manual,0,2393,22.2,Jaipur,Red,5
5792,Maruti Fronx,2020,9.94,2.5,87939,Petrol,Dealer,Manual,1,1498,22.2,Lucknow,White,6
5793,Maruti Baleno,2016,8.14,0.98,89830,Petrol,Dealer,Manual,1,1956,15.9,Kolkata,Brown,10
5794,Hyundai Grand i10,2020,6.72,2.91,38401,Petrol,Dealer,Manual,0,1498,20.4,Noida,Silver,6
5795,Toyota Innova Crysta,2020,25.14,9.58,42201,Diesel,Dealer,Manual,0,998,24.3,Mumbai,Black,6
5796,Nissan Magnite,2017,9.61,1.15,64610,Petrol,Dealer,Manual,0,2393,14.2,Pune,Black,9
5797,Skoda Slavia,2012,17.77,2.13,88785,Petrol,Individual,Automatic,1,799,15.9,Mumbai,Silver,14
5798,Volkswagen Virtus,2012,17.22,2.07,132486,Petrol,Individual,Automatic,0,1497,22.9,Ludhiana,Grey,14
5799,Maruti Alto,2016,3.88,0.55,67263,Petrol,Individual,Manual,0,2393,15.5,Lucknow,White,10
5800,Tata Tiago,2013,6.24,0.75,128986,Petrol,Individual,Manual,2,2179,15.9,Mohali,Blue,13
5801,Hyundai Alcazar,2015,21.53,2.58,43968,Diesel,Dealer,Automatic,0,1956,15.4,Chandigarh,Blue,11
5802,Maruti Brezza,2020,11.3,4.48,47460,Petrol,Dealer,Manual,0,1956,15.3,Mohali,White,6
5803,Mahindra Bolero,2016,9.02,1.08,86188,Diesel,Dealer,Manual,2,1197,14.0,Gurugram,Black,10
5804,Renault Kiger,2020,9.13,2.86,64599,Petrol,Individual,Manual,1,2755,22.2,Bengaluru,Black,6
5805,Maruti Brezza,2018,13.3,2.73,52669,Petrol,Individual,Manual,1,1497,16.2,Pune,Silver,8
5806,Maruti Alto,2022,4.19,2.5,17629,Petrol,Individual,Manual,1,1597,20.6,Jaipur,Black,4
5807,Tata Safari,2022,27.27,13.01,91953,Diesel,Dealer,Automatic,0,1498,24.1,Gurugram,Grey,4
5808,Skoda Slavia,2021,14.88,4.46,71082,Petrol,Individual,Automatic,1,1497,14.2,Pune,Brown,5
5809,Hyundai Grand i10,2015,7.27,0.87,83975,Petrol,Individual,Manual,0,1997,20.0,Hyderabad,Red,11
5810,Honda Elevate,2019,14.69,5.17,32683,Petrol,Individual,Manual,1,1197,23.3,Bengaluru,Brown,7
5811,Honda City,2017,14.88,1.79,109902,Petrol,Dealer,Manual,2,2393,15.3,Mohali,Silver,9
5812,Honda Amaze,2017,9.14,1.1,89755,Petrol,Individual,Manual,0,2755,14.8,Ludhiana,White,9
5813,Volkswagen Polo,2017,8.84,1.21,68699,Petrol,Individual,Manual,0,1497,13.4,Lucknow,Black,9
5814,Tata Altroz,2021,8.19,4.62,38636,Petrol,Dealer,Manual,0,1199,14.0,Bengaluru,Brown,5
5815,Tata Altroz,2025,9.59,8.75,2500,Petrol,Dealer,Manual,0,799,24.2,Amritsar,Blue,1
5816,Skoda Slavia,2019,17.77,6.4,44218,Petrol,Individual,Automatic,1,998,24.0,Bengaluru,Black,7
5817,Tata Punch,2021,9.6,5.53,10385,Petrol,Individual,Manual,0,799,16.4,Bengaluru,Grey,5
5818,Mahindra Scorpio,2023,18.84,15.56,2500,Diesel,Dealer,Manual,0,1497,20.6,Delhi,Blue,3
5819,Tata Punch,2025,8.65,7.66,31292,Petrol,Dealer,Manual,0,1197,23.0,Mumbai,Silver,1
5820,Mahindra Scorpio,2024,21.05,16.51,19279,Diesel,Dealer,Manual,1,1199,21.6,Pune,Red,2
5821,Tata Safari,2023,23.22,13.37,25788,Diesel,Individual,Automatic,1,1199,16.8,Hyderabad,Blue,3
5822,Renault Kiger,2019,8.76,1.43,76535,Petrol,Individual,Manual,1,1498,24.1,Delhi,Blue,7
5823,Honda Amaze,2014,8.76,1.05,85056,Petrol,Individual,Manual,1,1597,24.8,Hyderabad,Black,12
5824,Maruti Dzire,2021,8.44,4.14,36353,Petrol,Dealer,Manual,2,1997,18.1,Pune,Silver,5
5825,Nissan Magnite,2023,8.64,6.73,2500,Petrol,Individual,Manual,0,799,12.6,Pune,Silver,3
5826,Toyota Glanza,2023,8.33,6.15,16665,Petrol,Dealer,Manual,0,1597,17.1,Noida,Blue,3
5827,Jeep Compass,2020,25.57,14.55,2500,Diesel,Individual,Automatic,0,2393,14.9,Kolkata,Blue,6
5828,Mahindra Scorpio,2014,20.06,2.41,96798,Diesel,Individual,Manual,0,1498,23.9,Chandigarh,Brown,12
5829,Hyundai Verna,2023,13.49,9.73,18458,Petrol,Dealer,Manual,0,1997,13.7,Delhi,Blue,3
5830,Hyundai Alcazar,2018,19.72,2.82,75317,Diesel,Dealer,Automatic,0,2755,12.2,Delhi,Silver,8
5831,Maruti Swift,2025,8.81,8.16,2500,Petrol,Dealer,Manual,0,799,21.3,Pune,Silver,1
5832,Maruti Swift,2019,9.0,2.78,48108,Petrol,Dealer,Manual,1,1197,22.2,Gurugram,Black,7
5833,Tata Nexon,2020,10.76,4.68,47678,Petrol,Dealer,Manual,0,1997,12.4,Jaipur,Red,6
5834,Nissan Magnite,2023,9.95,5.26,59254,Petrol,Dealer,Manual,0,2393,24.4,Mumbai,White,3
5835,Maruti Fronx,2024,11.02,9.55,2500,Petrol,Individual,Manual,0,1197,12.0,Amritsar,Black,2
5836,Ford EcoSport,2024,10.1,7.73,17706,Diesel,Dealer,Manual,0,1199,16.1,Kolkata,White,2
5837,Hyundai Creta,2023,15.57,11.65,23824,Diesel,Individual,Manual,0,1498,17.4,Mumbai,Black,3
5838,Jeep Compass,2013,23.45,2.81,96143,Diesel,Dealer,Automatic,2,1997,21.3,Chennai,Blue,13
5839,Hyundai Alcazar,2015,21.29,2.56,90323,Diesel,Individual,Automatic,1,2179,17.0,Mohali,Silver,11
5840,Kia Seltos,2019,16.92,5.57,47315,Diesel,Individual,Manual,0,1956,15.2,Noida,Silver,7
5841,Maruti Brezza,2025,12.27,11.47,3665,Petrol,Dealer,Manual,0,1997,25.5,Jaipur,Brown,1
5842,Maruti Ertiga,2022,12.35,7.4,33986,Petrol,Dealer,Manual,0,1199,13.0,Gurugram,Brown,4
5843,Maruti Dzire,2021,9.17,4.59,22387,Petrol,Dealer,Manual,0,799,15.7,Mumbai,Silver,5
5844,Maruti Fronx,2021,10.72,4.69,63091,Petrol,Individual,Manual,1,1956,16.3,Kolkata,Brown,5
5845,Skoda Rapid,2019,9.07,2.8,41483,Diesel,Individual,Manual,1,1997,22.2,Mohali,Grey,7
5846,Tata Safari,2024,26.46,17.01,46214,Diesel,Dealer,Automatic,1,2393,18.9,Kolkata,Red,2
5847,Honda Elevate,2021,14.77,8.12,30722,Petrol,Individual,Manual,1,1956,16.0,Hyderabad,Grey,5
5848,Renault Kwid,2016,5.6,0.67,55637,Petrol,Individual,Manual,1,799,13.5,Kolkata,Blue,10
5849,Skoda Slavia,2013,18.65,2.24,165557,Petrol,Individual,Automatic,2,1498,20.6,Pune,Red,13
5850,Mahindra XUV700,2021,24.04,11.45,46625,Diesel,Dealer,Automatic,1,2393,18.4,Ludhiana,Brown,5
5851,Mahindra Thar,2022,16.88,10.51,36223,Diesel,Individual,Manual,0,998,17.2,Lucknow,Brown,4
5852,Maruti Baleno,2015,9.36,1.12,65818,Petrol,Individual,Manual,1,1497,13.1,Mohali,White,11
5853,Maruti Fronx,2015,9.57,1.15,97764,Petrol,Individual,Manual,1,2393,25.1,Delhi,Blue,11
5854,Honda Amaze,2023,8.78,5.47,35165,Petrol,Individual,Manual,0,799,23.5,Lucknow,Brown,3
5855,Mahindra Scorpio,2017,21.48,2.73,53217,Diesel,Dealer,Manual,0,1997,25.3,Lucknow,White,9
5856,Mahindra XUV700,2018,22.64,2.72,68193,Diesel,Individual,Automatic,0,1497,24.7,Bengaluru,Silver,8
5857,Mahindra Scorpio,2018,19.73,2.37,89498,Diesel,Dealer,Manual,2,1498,18.2,Mohali,Brown,8
5858,Hyundai i20,2016,8.7,1.52,24278,Petrol,Dealer,Manual,0,2755,17.6,Chennai,Brown,10
5859,Tata Nexon,2020,10.61,4.77,30293,Petrol,Dealer,Manual,1,2393,22.4,Jaipur,Black,6
5860,Toyota Innova Crysta,2017,25.28,3.03,66721,Diesel,Individual,Manual,1,2179,17.0,Ludhiana,Grey,9
5861,Mahindra Thar,2013,16.96,2.04,121306,Diesel,Individual,Manual,0,998,15.9,Chandigarh,White,13
5862,Hyundai Venue,2019,13.0,2.63,75064,Petrol,Dealer,Manual,0,1497,19.1,Lucknow,Silver,7
5863,Jeep Compass,2012,27.11,3.25,136902,Diesel,Dealer,Automatic,0,1498,19.5,Pune,Silver,14
5864,Tata Nexon,2014,12.18,1.46,61023,Petrol,Individual,Manual,1,1597,21.0,Lucknow,Red,12
5865,Maruti Brezza,2019,11.15,1.86,76762,Petrol,Individual,Manual,1,1997,23.5,Jaipur,Grey,7
5866,Mahindra Bolero,2013,11.11,1.33,105023,Diesel,Dealer,Manual,1,1997,20.6,Pune,Blue,13
5867,Maruti Baleno,2022,8.49,4.39,49821,Petrol,Dealer,Manual,1,1199,19.9,Ludhiana,Blue,4
5868,Mahindra Thar,2014,18.48,2.22,79671,Diesel,Dealer,Manual,1,2393,14.2,Lucknow,Brown,12
5869,Kia Sonet,2018,12.78,1.53,80990,Petrol,Dealer,Manual,0,799,20.1,Mohali,White,8
5870,Hyundai Grand i10,2017,6.44,0.77,61225,Petrol,Dealer,Manual,0,799,13.3,Mumbai,Blue,9
5871,Hyundai Verna,2016,15.57,1.87,109270,Petrol,Dealer,Manual,0,1197,14.0,Ludhiana,White,10
5872,Tata Safari,2013,25.17,3.02,92731,Diesel,Individual,Automatic,0,1497,20.8,Bengaluru,Blue,13
5873,Tata Altroz,2018,8.6,1.03,64763,Petrol,Dealer,Manual,2,1498,25.3,Amritsar,Blue,8
5874,Skoda Slavia,2025,18.33,16.85,2500,Petrol,Dealer,Automatic,0,1597,17.9,Gurugram,Red,1
5875,Maruti Dzire,2018,8.4,1.01,77295,Petrol,Individual,Manual,1,998,12.5,Amritsar,Blue,8
5876,Ford EcoSport,2012,9.46,1.14,108959,Diesel,Individual,Manual,0,1956,14.9,Mumbai,Brown,14
5877,Kia Seltos,2018,16.74,2.01,88336,Diesel,Individual,Manual,0,1997,12.7,Ludhiana,Silver,8
5878,Toyota Innova Crysta,2018,27.48,3.3,88433,Diesel,Dealer,Manual,1,998,13.3,Mohali,White,8
5879,Kia Sonet,2019,13.33,3.26,70058,Petrol,Individual,Manual,0,1197,22.4,Delhi,White,7
5880,Skoda Slavia,2014,16.98,2.04,110648,Petrol,Dealer,Automatic,1,1497,19.9,Chandigarh,Blue,12
5881,Jeep Compass,2020,27.09,6.68,69283,Diesel,Dealer,Automatic,1,1497,24.3,Delhi,Blue,6
5882,Toyota Glanza,2021,10.02,5.0,36137,Petrol,Dealer,Manual,0,2755,15.0,Amritsar,White,5
5883,Maruti Alto,2017,4.68,0.56,78537,Petrol,Dealer,Manual,0,998,25.2,Kolkata,Red,9
5884,Tata Safari,2013,27.22,3.27,123027,Diesel,Dealer,Automatic,0,2755,12.4,Bengaluru,White,13
5885,Skoda Rapid,2020,9.61,3.37,38019,Diesel,Dealer,Manual,1,799,12.3,Lucknow,White,6
5886,Hyundai i20,2023,8.18,5.51,28627,Petrol,Dealer,Manual,0,2393,24.0,Mohali,Brown,3
5887,Mahindra Scorpio,2020,21.48,5.71,64934,Diesel,Individual,Manual,0,1197,17.4,Kolkata,Blue,6
5888,Mahindra Thar,2020,15.22,4.44,79354,Diesel,Individual,Manual,0,799,25.5,Amritsar,Grey,6
5889,Honda City,2020,16.54,6.15,60707,Petrol,Individual,Manual,0,1597,21.1,Ludhiana,Blue,6
5890,Hyundai Venue,2022,11.04,6.95,2500,Petrol,Individual,Manual,0,1597,24.1,Kolkata,Grey,4
5891,Mahindra Scorpio,2021,22.38,10.35,32618,Diesel,Dealer,Manual,2,2393,15.3,Bengaluru,Grey,5
5892,Maruti Brezza,2024,11.31,9.66,2500,Petrol,Dealer,Manual,0,799,22.6,Amritsar,White,2
5893,Renault Kwid,2022,4.84,2.67,50356,Petrol,Individual,Manual,0,1197,14.1,Amritsar,Grey,4
5894,Volkswagen Virtus,2015,17.86,2.14,81013,Petrol,Dealer,Automatic,0,2179,22.1,Jaipur,White,11
5895,Maruti Fronx,2021,10.03,4.61,27696,Petrol,Individual,Manual,1,1498,14.5,Kolkata,Brown,5
5896,Tata Safari,2015,27.39,3.29,113884,Diesel,Individual,Automatic,0,2755,15.1,Hyderabad,Silver,11
5897,Mahindra Scorpio,2019,19.1,5.06,45147,Diesel,Individual,Manual,3,1956,17.6,Kolkata,White,7
5898,Maruti Brezza,2024,12.55,9.36,42459,Petrol,Dealer,Manual,1,1197,16.9,Jaipur,Blue,2
5899,Maruti Wagon R,2018,5.53,0.66,74726,Petrol,Dealer,Manual,2,1997,17.5,Lucknow,Grey,8
5900,Ford EcoSport,2025,10.25,8.74,16094,Diesel,Dealer,Manual,0,1497,12.8,Mumbai,Black,1
5901,Maruti Swift,2019,8.17,2.13,45276,Petrol,Dealer,Manual,1,2393,25.3,Hyderabad,Black,7
5902,Skoda Slavia,2020,18.8,5.7,61277,Petrol,Dealer,Automatic,1,799,16.8,Chennai,Grey,6
5903,Renault Kiger,2025,9.25,7.83,2500,Petrol,Dealer,Manual,1,2179,19.5,Jaipur,White,1
5904,Maruti Brezza,2022,12.19,7.49,32622,Petrol,Individual,Manual,0,799,15.1,Mohali,Grey,4
5905,Tata Altroz,2021,8.1,4.27,34612,Petrol,Dealer,Manual,0,1498,17.7,Noida,Blue,5
5906,Kia Sonet,2018,13.14,1.89,77858,Petrol,Dealer,Manual,0,1597,16.4,Kolkata,Red,8
5907,Hyundai i20,2013,8.16,0.98,71481,Petrol,Dealer,Manual,0,1997,25.0,Bengaluru,Red,13
5908,Renault Kwid,2021,4.43,1.54,63044,Petrol,Dealer,Manual,1,2179,21.3,Pune,Silver,5
5909,Tata Tiago,2019,7.74,1.29,84120,Petrol,Individual,Manual,0,998,13.2,Ludhiana,White,7
5910,Hyundai Alcazar,2018,23.05,6.8,18579,Diesel,Dealer,Automatic,1,998,24.4,Gurugram,Brown,8
5911,Mahindra Thar,2021,15.31,6.47,50637,Diesel,Individual,Manual,0,799,24.2,Noida,Black,5
5912,Tata Tiago,2014,6.37,0.76,132095,Petrol,Dealer,Manual,0,1498,13.4,Kolkata,Black,12
5913,Honda Amaze,2012,10.04,1.21,150901,Petrol,Individual,Manual,0,2179,19.9,Ludhiana,Blue,14
5914,Kia Seltos,2024,17.49,13.06,19847,Diesel,Dealer,Manual,1,2393,12.4,Amritsar,Red,2
5915,Volkswagen Virtus,2020,16.8,4.85,112126,Petrol,Dealer,Automatic,0,1997,16.2,Jaipur,Blue,6
5916,Honda Elevate,2015,17.22,2.07,101218,Petrol,Dealer,Manual,0,2179,14.4,Kolkata,Red,11
5917,Honda City,2023,15.22,10.56,9257,Petrol,Dealer,Manual,1,1197,16.3,Mohali,Silver,3
5918,Hyundai Venue,2023,11.62,5.93,53784,Petrol,Individual,Manual,1,1498,23.5,Mumbai,Brown,3
5919,MG Hector,2018,22.1,3.71,65487,Petrol,Individual,Automatic,0,1199,13.1,Chandigarh,White,8
5920,Maruti Brezza,2022,11.7,5.55,81281,Petrol,Dealer,Manual,0,2179,12.8,Jaipur,Silver,4
5921,Volkswagen Virtus,2016,17.93,2.15,96470,Petrol,Individual,Automatic,1,1597,16.7,Chandigarh,Grey,10
5922,Hyundai Venue,2013,10.7,1.28,82605,Petrol,Individual,Manual,0,1497,20.3,Jaipur,Red,13
5923,Maruti Wagon R,2025,5.86,4.69,37304,Petrol,Dealer,Manual,0,1199,12.5,Pune,Grey,1
5924,Mahindra Scorpio,2022,18.73,12.56,3939,Diesel,Individual,Manual,0,799,21.6,Chennai,White,4
5925,Hyundai Creta,2012,16.09,1.93,98948,Diesel,Dealer,Manual,1,2179,22.4,Chennai,Silver,14
5926,Hyundai Grand i10,2020,7.65,2.0,106583,Petrol,Dealer,Manual,0,2179,25.2,Chennai,Blue,6
5927,Renault Kiger,2013,9.19,1.1,94426,Petrol,Individual,Manual,0,1597,24.2,Chandigarh,Silver,13
5928,Hyundai Venue,2020,11.38,5.42,22609,Petrol,Individual,Manual,0,1199,15.9,Lucknow,White,6
5929,Maruti Ciaz,2018,12.06,2.41,67203,Petrol,Individual,Manual,0,1956,13.5,Kolkata,Red,8
5930,Hyundai Verna,2015,13.26,1.59,106518,Petrol,Individual,Manual,2,1597,19.0,Chennai,White,11
5931,Hyundai i20,2019,9.25,1.35,92573,Petrol,Dealer,Manual,0,1197,13.5,Chandigarh,Black,7
5932,Hyundai Grand i10,2016,6.64,0.8,81385,Petrol,Dealer,Manual,0,1199,20.6,Noida,Blue,10
5933,Mahindra Scorpio,2017,20.32,2.44,99427,Diesel,Dealer,Manual,0,1997,20.7,Lucknow,Blue,9
5934,Maruti Baleno,2021,8.49,3.94,34736,Petrol,Individual,Manual,1,1997,21.5,Pune,Red,5
5935,Hyundai Creta,2016,15.5,1.86,74421,Diesel,Dealer,Manual,1,1956,19.4,Gurugram,Silver,10
5936,Honda Elevate,2012,14.75,1.77,106227,Petrol,Individual,Manual,1,1199,19.6,Kolkata,Grey,14
5937,Maruti Alto,2018,4.15,0.78,45776,Petrol,Individual,Manual,3,799,17.7,Mumbai,Red,8
5938,Maruti Ciaz,2016,11.6,1.39,107698,Petrol,Dealer,Manual,0,1497,12.9,Delhi,White,10
5939,Tata Punch,2018,9.19,1.1,85993,Petrol,Dealer,Manual,0,2393,23.4,Lucknow,Black,8
5940,Mahindra Bolero,2024,10.09,7.26,23770,Diesel,Dealer,Manual,2,2179,24.3,Bengaluru,Black,2
5941,Toyota Glanza,2018,8.81,1.06,82612,Petrol,Dealer,Manual,1,2755,17.2,Chennai,Brown,8
5942,Volkswagen Polo,2015,7.73,0.93,72343,Petrol,Individual,Manual,0,1997,14.0,Hyderabad,Black,11
5943,Mahindra Bolero,2023,9.29,5.3,55685,Diesel,Individual,Manual,2,799,15.2,Amritsar,Black,3
5944,Hyundai Grand i10,2018,7.78,1.47,58327,Petrol,Dealer,Manual,1,1498,13.4,Amritsar,Red,8
5945,Maruti Baleno,2024,9.39,7.57,14418,Petrol,Individual,Manual,0,998,23.7,Bengaluru,Black,2
5946,Tata Punch,2021,9.83,3.82,69878,Petrol,Dealer,Manual,0,1956,17.3,Jaipur,Black,5
5947,Tata Harrier,2012,22.06,2.65,116185,Diesel,Individual,Manual,0,2755,23.8,Hyderabad,White,14
5948,Kia Sonet,2020,12.85,5.83,39621,Petrol,Dealer,Manual,1,1497,16.6,Noida,Grey,6
5949,Mahindra XUV700,2014,28.75,3.45,104574,Diesel,Individual,Automatic,1,1197,18.0,Jaipur,Black,12
5950,Toyota Glanza,2012,8.09,0.97,60226,Petrol,Dealer,Manual,0,1197,17.0,Bengaluru,Brown,14
5951,Tata Nexon,2021,10.72,5.32,22744,Petrol,Individual,Manual,1,1199,17.2,Kolkata,White,5
5952,Tata Punch,2025,8.19,6.28,29804,Petrol,Individual,Manual,0,1997,21.9,Hyderabad,Brown,1
5953,Tata Safari,2015,26.09,3.13,99608,Diesel,Individual,Automatic,0,998,14.3,Noida,Blue,11
5954,Hyundai Alcazar,2021,23.56,12.56,32680,Diesel,Dealer,Automatic,0,2179,24.2,Mohali,Brown,5
5955,Tata Tiago,2018,7.73,1.08,97432,Petrol,Dealer,Manual,0,1997,22.4,Bengaluru,Grey,8
5956,Maruti Ertiga,2020,10.48,3.15,88268,Petrol,Dealer,Manual,0,998,25.3,Delhi,Red,6
5957,Tata Altroz,2019,8.22,1.62,87652,Petrol,Dealer,Manual,0,1497,21.6,Lucknow,Brown,7
5958,Renault Kwid,2018,4.91,1.22,50163,Petrol,Individual,Manual,0,2393,14.0,Mumbai,Red,8
5959,Hyundai Creta,2019,18.76,2.25,100316,Diesel,Dealer,Manual,1,2393,16.8,Delhi,Blue,7
5960,Hyundai Verna,2017,16.62,1.99,137388,Petrol,Dealer,Manual,0,1997,20.4,Kolkata,White,9
5961,Skoda Rapid,2015,10.19,1.22,77603,Diesel,Dealer,Manual,1,1956,15.2,Chennai,Grey,11
5962,Maruti Fronx,2013,10.55,1.27,119417,Petrol,Individual,Manual,0,1956,16.7,Chennai,White,13
5963,Renault Kwid,2022,5.2,2.5,36029,Petrol,Dealer,Manual,2,1956,12.1,Pune,White,4
5964,Renault Kwid,2025,5.05,4.41,2500,Petrol,Dealer,Manual,0,1597,16.8,Kolkata,Brown,1
5965,Ford EcoSport,2024,9.97,7.49,8657,Diesel,Individual,Manual,0,1197,25.2,Mohali,Silver,2
5966,Tata Safari,2020,25.0,7.7,50233,Diesel,Dealer,Automatic,1,998,22.5,Chandigarh,Black,6
5967,Mahindra Scorpio,2013,18.42,2.21,123166,Diesel,Dealer,Manual,2,1497,19.9,Delhi,Grey,13
5968,Tata Nexon,2022,12.34,7.78,19184,Petrol,Dealer,Manual,0,1199,18.3,Jaipur,Grey,4
5969,Kia Seltos,2019,17.14,2.62,105740,Diesel,Individual,Manual,1,2179,13.3,Chandigarh,Silver,7
5970,Maruti Fronx,2022,10.24,5.73,44126,Petrol,Dealer,Manual,1,799,17.2,Delhi,White,4
5971,Maruti Fronx,2019,11.0,2.54,57174,Petrol,Dealer,Manual,1,1497,12.8,Noida,Blue,7
5972,Mahindra Scorpio,2025,17.9,15.59,2500,Diesel,Dealer,Manual,1,2179,22.8,Pune,Black,1
5973,Maruti Dzire,2016,8.77,1.05,102512,Petrol,Dealer,Manual,0,1997,24.7,Pune,Red,10
5974,Toyota Innova Crysta,2019,23.12,8.13,14729,Diesel,Individual,Manual,1,1956,16.5,Mumbai,Brown,7
5975,Maruti Brezza,2021,13.79,7.78,21485,Petrol,Dealer,Manual,0,998,18.3,Delhi,Silver,5
5976,Renault Kiger,2021,9.04,3.47,62571,Petrol,Individual,Manual,0,2393,23.2,Mohali,Blue,5
5977,Hyundai Grand i10,2018,6.27,0.76,81946,Petrol,Individual,Manual,1,1997,21.3,Pune,Brown,8
5978,Hyundai Verna,2015,16.75,2.01,110436,Petrol,Individual,Manual,1,1997,20.3,Amritsar,Black,11
5979,Renault Kwid,2024,5.25,4.46,14744,Petrol,Individual,Manual,0,1597,17.4,Chandigarh,White,2
5980,Ford EcoSport,2025,10.35,9.12,27304,Diesel,Dealer,Manual,0,1197,12.2,Amritsar,Red,1
5981,Toyota Glanza,2012,9.97,1.2,118039,Petrol,Individual,Manual,0,1997,17.1,Jaipur,Red,14
5982,Renault Kwid,2017,4.58,0.68,49344,Petrol,Individual,Manual,0,799,16.6,Jaipur,White,9
5983,Mahindra Bolero,2012,10.65,1.28,102493,Diesel,Dealer,Manual,3,1956,16.2,Delhi,Silver,14
5984,Hyundai Grand i10,2014,6.39,0.77,65522,Petrol,Dealer,Manual,0,1197,17.2,Kolkata,Black,12
5985,Hyundai Verna,2016,14.07,1.69,87562,Petrol,Dealer,Manual,1,1497,17.1,Jaipur,Black,10
5986,Tata Harrier,2019,21.0,4.85,49356,Diesel,Dealer,Manual,0,1199,25.1,Chandigarh,Red,7
5987,Ford EcoSport,2025,9.74,8.59,2500,Diesel,Dealer,Manual,1,1997,15.0,Chandigarh,Grey,1
5988,Tata Harrier,2018,19.99,2.4,75782,Diesel,Dealer,Manual,0,1956,12.9,Mumbai,Grey,8
5989,Mahindra Scorpio,2021,17.68,6.8,88986,Diesel,Individual,Manual,0,1597,25.3,Gurugram,White,5
5990,Mahindra Thar,2018,16.3,2.42,81502,Diesel,Dealer,Manual,0,2179,17.5,Amritsar,White,8
5991,Renault Kiger,2014,8.72,1.05,118589,Petrol,Dealer,Manual,0,2393,14.3,Mumbai,Black,12
5992,Mahindra Thar,2014,16.29,1.95,77283,Diesel,Dealer,Manual,0,1197,12.2,Kolkata,Black,12
5993,Jeep Compass,2012,27.54,3.3,103830,Diesel,Dealer,Automatic,0,1498,25.0,Mumbai,White,14
5994,Tata Safari,2022,25.78,12.49,61721,Diesel,Dealer,Automatic,1,1498,17.3,Mumbai,Black,4
5995,Mahindra XUV700,2016,25.94,3.11,77622,Diesel,Individual,Automatic,0,1997,16.0,Jaipur,White,10
5996,Tata Tiago,2018,7.25,1.37,40517,Petrol,Individual,Manual,1,799,19.3,Amritsar,White,8
5997,Renault Kiger,2025,8.23,7.18,18922,Petrol,Dealer,Manual,1,1498,13.3,Pune,Grey,1
5998,Renault Kiger,2017,10.06,3.07,29242,Petrol,Dealer,Manual,0,1597,15.9,Bengaluru,Black,9
5999,Renault Kwid,2025,5.48,5.12,4278,Petrol,Dealer,Manual,0,1597,24.8,Jaipur,Brown,1
6000,Toyota Fortuner,2015,37.0,4.44,114793,Diesel,Individual,Automatic,1,1956,25.1,Mumbai,Black,11
6001,Hyundai Verna,2012,14.05,1.69,144569,Petrol,Individual,Manual,0,1498,12.1,Mumbai,Blue,14
6002,Ford EcoSport,2018,10.02,1.54,69850,Diesel,Individual,Manual,1,1597,24.1,Chandigarh,Black,8
6003,Honda City,2025,14.64,12.27,22267,Petrol,Dealer,Manual,1,1197,14.0,Delhi,Silver,1
6004,Skoda Rapid,2018,8.93,1.07,57153,Diesel,Dealer,Manual,1,2393,12.8,Chandigarh,Red,8
6005,Toyota Glanza,2019,9.06,3.0,46631,Petrol,Individual,Manual,0,1956,19.8,Lucknow,Black,7
6006,Tata Harrier,2012,20.0,2.4,76086,Diesel,Dealer,Manual,1,1497,14.6,Noida,Silver,14
6007,Maruti Fronx,2021,8.93,3.66,51726,Petrol,Individual,Manual,2,2755,13.2,Ludhiana,Grey,5
6008,Mahindra Thar,2023,17.53,12.48,3193,Diesel,Dealer,Manual,0,1199,15.6,Pune,White,3
6009,Tata Altroz,2021,9.51,3.28,64340,Petrol,Individual,Manual,1,1956,18.0,Gurugram,Blue,5
6010,Kia Seltos,2016,15.69,2.43,50859,Diesel,Dealer,Manual,0,1197,23.2,Kolkata,White,10
6011,Volkswagen Virtus,2015,18.53,2.22,85809,Petrol,Dealer,Automatic,0,1956,25.1,Ludhiana,White,11
6012,Maruti Ciaz,2024,10.98,5.87,57941,Petrol,Dealer,Manual,3,998,17.5,Hyderabad,Silver,2
6013,Tata Harrier,2019,22.4,10.43,32796,Diesel,Dealer,Manual,0,799,20.8,Kolkata,Brown,7
6014,Renault Kwid,2021,4.51,2.47,16744,Petrol,Dealer,Manual,0,1497,19.7,Jaipur,Grey,5
6015,Mahindra XUV700,2021,26.18,13.84,25782,Diesel,Individual,Automatic,0,799,20.9,Delhi,Black,5
6016,Hyundai i20,2020,9.26,3.02,64916,Petrol,Dealer,Manual,1,998,25.0,Chandigarh,Grey,6
6017,Honda Elevate,2023,17.79,9.09,62034,Petrol,Individual,Manual,2,2393,18.5,Mohali,Brown,3
6018,Honda City,2018,15.32,1.94,99298,Petrol,Individual,Manual,0,2393,23.9,Ludhiana,Black,8
6019,Maruti Fronx,2023,10.64,5.86,46637,Petrol,Individual,Manual,1,998,16.9,Kolkata,Blue,3
6020,Mahindra XUV700,2020,23.04,11.39,28935,Diesel,Dealer,Automatic,0,799,17.5,Pune,Grey,6
6021,Tata Tiago,2021,6.37,2.3,75182,Petrol,Individual,Manual,0,799,14.3,Delhi,Red,5
6022,Nissan Magnite,2013,9.27,1.11,94329,Petrol,Dealer,Manual,0,1498,20.7,Kolkata,Blue,13
6023,MG Hector,2023,21.21,12.57,17339,Petrol,Individual,Automatic,2,998,21.7,Mohali,Blue,3
6024,Maruti Baleno,2020,8.98,3.24,50542,Petrol,Individual,Manual,1,1597,21.2,Kolkata,Silver,6
6025,Maruti Baleno,2015,9.43,1.13,89139,Petrol,Individual,Manual,1,1956,24.0,Jaipur,Black,11
6026,Toyota Glanza,2015,9.9,1.19,99669,Petrol,Individual,Manual,2,2179,23.6,Kolkata,Grey,11
6027,Tata Nexon,2021,12.58,5.83,14745,Petrol,Individual,Manual,2,1197,22.9,Kolkata,Grey,5
6028,Tata Harrier,2022,20.17,10.74,69325,Diesel,Dealer,Manual,0,998,12.8,Ludhiana,Black,4
6029,Hyundai Venue,2024,10.67,8.68,6204,Petrol,Dealer,Manual,1,799,14.1,Jaipur,Grey,2
6030,Mahindra XUV700,2025,27.94,20.66,53106,Diesel,Individual,Automatic,0,998,14.9,Mohali,Brown,1
6031,Mahindra Scorpio,2025,17.75,12.03,48431,Diesel,Individual,Manual,1,1597,20.2,Kolkata,Blue,1
6032,Tata Altroz,2021,9.07,3.51,83468,Petrol,Individual,Manual,0,1197,18.4,Chandigarh,Black,5
6033,Toyota Innova Crysta,2025,25.89,20.74,10491,Diesel,Dealer,Manual,3,1199,19.3,Chandigarh,Black,1
6034,Maruti Brezza,2013,12.17,1.46,89078,Petrol,Dealer,Manual,3,1597,16.3,Chennai,White,13
6035,Volkswagen Polo,2022,7.36,3.38,59303,Petrol,Dealer,Manual,0,1199,23.6,Hyderabad,Brown,4
6036,Hyundai Verna,2013,15.41,1.85,137757,Petrol,Dealer,Manual,0,998,19.3,Mumbai,Black,13
6037,Ford EcoSport,2015,10.16,1.22,101904,Diesel,Dealer,Manual,0,1199,18.1,Lucknow,Brown,11
6038,Hyundai Alcazar,2016,20.04,2.4,51848,Diesel,Individual,Automatic,1,1956,13.2,Delhi,Red,10
6039,Maruti Swift,2012,8.46,1.02,77985,Petrol,Individual,Manual,0,2179,13.0,Jaipur,Silver,14
6040,Kia Sonet,2016,13.81,1.66,99621,Petrol,Dealer,Manual,0,1997,12.0,Hyderabad,Blue,10
6041,Tata Punch,2020,8.07,4.16,11926,Petrol,Dealer,Manual,1,1997,23.8,Chennai,Black,6
6042,Skoda Rapid,2024,9.01,7.17,24291,Diesel,Individual,Manual,0,998,24.0,Mohali,White,2
6043,Skoda Rapid,2013,10.81,1.3,129792,Diesel,Dealer,Manual,0,1498,17.3,Bengaluru,Silver,13
6044,Toyota Innova Crysta,2020,25.81,8.21,88819,Diesel,Individual,Manual,0,1597,22.9,Delhi,Blue,6
6045,Mahindra XUV700,2023,24.67,11.57,75583,Diesel,Individual,Automatic,2,1199,21.2,Mumbai,Blue,3
6046,Maruti Wagon R,2017,5.39,0.65,44152,Petrol,Dealer,Manual,1,1197,23.4,Delhi,Grey,9
6047,Maruti Alto,2023,4.27,2.93,23995,Petrol,Dealer,Manual,0,1956,16.0,Jaipur,Red,3
6048,Skoda Rapid,2012,9.34,1.12,140939,Diesel,Dealer,Manual,0,998,22.7,Amritsar,Blue,14
6049,Tata Nexon,2023,11.61,6.16,53983,Petrol,Dealer,Manual,1,2755,25.4,Bengaluru,Silver,3
6050,Hyundai Creta,2015,18.09,2.17,77034,Diesel,Dealer,Manual,0,998,12.8,Kolkata,Brown,11
6051,Tata Altroz,2020,9.62,1.92,85322,Petrol,Individual,Manual,2,1997,17.2,Chandigarh,Silver,6
6052,Tata Nexon,2019,11.17,2.21,57497,Petrol,Dealer,Manual,1,799,23.0,Noida,Silver,7
6053,Hyundai Grand i10,2018,6.48,0.78,85794,Petrol,Individual,Manual,2,1199,24.9,Kolkata,Silver,8
6054,Nissan Magnite,2016,8.18,0.98,49795,Petrol,Dealer,Manual,1,2179,16.2,Mohali,Black,10
6055,Jeep Compass,2022,24.7,14.82,36403,Diesel,Dealer,Automatic,0,2179,24.6,Ludhiana,Brown,4
6056,Maruti Swift,2015,8.78,1.05,106365,Petrol,Dealer,Manual,1,1498,14.7,Kolkata,Brown,11
6057,Honda Amaze,2022,8.69,5.33,15500,Petrol,Individual,Manual,2,2393,15.7,Lucknow,Grey,4
6058,Maruti Ciaz,2023,11.95,8.29,2500,Petrol,Dealer,Manual,2,1497,21.4,Kolkata,Black,3
6059,Volkswagen Virtus,2020,15.6,4.26,65305,Petrol,Individual,Automatic,1,1498,18.7,Lucknow,Black,6
6060,Maruti Brezza,2022,11.63,6.45,37414,Petrol,Dealer,Manual,0,998,25.1,Delhi,Brown,4
6061,Hyundai Creta,2015,16.07,1.93,87956,Diesel,Dealer,Manual,1,1497,23.5,Ludhiana,Blue,11
6062,Volkswagen Virtus,2023,16.31,11.78,3810,Petrol,Individual,Automatic,0,1199,24.1,Bengaluru,Silver,3
6063,Ford EcoSport,2017,8.44,1.01,88324,Diesel,Individual,Manual,1,1997,15.9,Jaipur,Brown,9
6064,MG Hector,2024,21.49,15.08,26864,Petrol,Individual,Automatic,1,2755,22.1,Hyderabad,Blue,2
6065,Hyundai i20,2022,9.42,6.37,19794,Petrol,Dealer,Manual,0,799,19.9,Gurugram,Silver,4
6066,Maruti Ciaz,2013,12.81,1.54,86435,Petrol,Individual,Manual,0,1956,18.4,Kolkata,Grey,13
6067,Toyota Fortuner,2016,39.69,4.76,73023,Diesel,Dealer,Automatic,1,2755,16.2,Ludhiana,Brown,10
6068,Maruti Ertiga,2020,12.11,3.12,73029,Petrol,Dealer,Manual,0,1997,20.7,Delhi,Grey,6
6069,Maruti Dzire,2015,9.67,1.16,85205,Petrol,Dealer,Manual,0,1597,20.9,Lucknow,Silver,11
6070,Hyundai Alcazar,2019,19.6,5.6,72259,Diesel,Dealer,Automatic,0,1498,14.1,Lucknow,Grey,7
6071,Toyota Innova Crysta,2017,27.63,3.32,83111,Diesel,Individual,Manual,1,1197,16.1,Noida,Brown,9
6072,Mahindra Bolero,2019,9.68,1.28,92627,Diesel,Individual,Manual,1,2755,24.3,Jaipur,Blue,7
6073,Volkswagen Polo,2020,7.27,2.47,60329,Petrol,Individual,Manual,2,998,21.6,Lucknow,Grey,6
6074,Toyota Innova Crysta,2017,26.14,3.14,63178,Diesel,Dealer,Manual,1,2393,18.6,Hyderabad,Silver,9
6075,Maruti Dzire,2013,8.19,0.98,104598,Petrol,Individual,Manual,0,1597,20.5,Gurugram,Red,13
6076,Skoda Rapid,2012,10.22,1.23,123075,Diesel,Individual,Manual,1,1597,18.1,Mohali,Grey,14
6077,Maruti Wagon R,2025,6.12,4.71,27276,Petrol,Dealer,Manual,1,2755,13.2,Jaipur,Blue,1
6078,Hyundai Creta,2014,18.72,2.25,100257,Diesel,Dealer,Manual,0,1498,22.2,Hyderabad,Black,12
6079,Tata Altroz,2021,7.97,3.17,65122,Petrol,Individual,Manual,0,1197,13.5,Bengaluru,Brown,5
6080,Maruti Ciaz,2014,10.65,1.28,107280,Petrol,Individual,Manual,0,1497,16.9,Delhi,Grey,12
6081,Honda Elevate,2024,15.14,10.61,31441,Petrol,Individual,Manual,1,1956,23.0,Amritsar,Black,2
6082,Toyota Innova Crysta,2014,24.9,2.99,94299,Diesel,Dealer,Manual,0,1997,15.2,Mohali,Grey,12
6083,Jeep Compass,2014,23.66,2.84,122737,Diesel,Dealer,Automatic,1,1997,12.9,Chandigarh,Silver,12
6084,MG Hector,2021,21.53,9.98,67239,Petrol,Dealer,Automatic,0,1597,13.3,Bengaluru,Silver,5
6085,Tata Altroz,2021,9.91,4.9,26568,Petrol,Dealer,Manual,0,2393,15.7,Chennai,Black,5
6086,Volkswagen Polo,2015,7.25,0.87,78778,Petrol,Dealer,Manual,1,2393,25.0,Lucknow,Brown,11
6087,Tata Harrier,2015,22.17,2.66,108730,Diesel,Dealer,Manual,1,2179,18.6,Jaipur,Blue,11
6088,Mahindra XUV700,2015,24.24,2.91,62858,Diesel,Dealer,Automatic,1,2179,20.9,Lucknow,Black,11
6089,Maruti Baleno,2017,9.06,1.09,73500,Petrol,Dealer,Manual,0,1956,24.0,Mohali,Red,9
6090,Tata Altroz,2012,9.38,1.13,150386,Petrol,Dealer,Manual,0,1597,18.1,Ludhiana,Silver,14
6091,Kia Sonet,2015,11.02,1.32,79220,Petrol,Dealer,Manual,0,2179,14.9,Chennai,White,11
6092,Honda Elevate,2012,14.74,1.77,133880,Petrol,Dealer,Manual,2,2179,14.1,Noida,Blue,14
6093,Maruti Brezza,2012,13.55,1.63,132663,Petrol,Dealer,Manual,0,2755,25.1,Bengaluru,Silver,14
6094,Ford EcoSport,2014,9.27,1.11,128697,Diesel,Individual,Manual,0,1956,23.0,Lucknow,Black,12
6095,Maruti Baleno,2013,10.03,1.2,92979,Petrol,Dealer,Manual,0,1997,12.0,Lucknow,Brown,13
6096,Mahindra Scorpio,2024,18.78,11.85,45576,Diesel,Dealer,Manual,1,1497,17.8,Mumbai,Blue,2
6097,Maruti Alto,2021,4.35,1.67,53292,Petrol,Individual,Manual,2,998,24.1,Hyderabad,Blue,5
6098,Tata Safari,2020,26.63,7.19,81177,Diesel,Individual,Automatic,0,1197,17.5,Jaipur,Blue,6
6099,Hyundai i20,2021,8.49,3.49,61515,Petrol,Individual,Manual,1,1199,14.6,Hyderabad,Brown,5
6100,Ford EcoSport,2013,9.53,1.14,86879,Diesel,Individual,Manual,0,2393,24.3,Lucknow,Blue,13
6101,Mahindra XUV700,2017,26.1,4.33,46090,Diesel,Dealer,Automatic,0,2393,22.3,Noida,Blue,9
6102,Honda City,2022,13.96,8.13,10162,Petrol,Individual,Manual,1,2393,19.6,Ludhiana,Brown,4
6103,Maruti Swift,2025,8.67,8.4,2500,Petrol,Individual,Manual,0,2755,22.7,Mumbai,Silver,1
6104,Kia Sonet,2021,13.68,6.25,38997,Petrol,Individual,Manual,1,1497,18.7,Kolkata,Brown,5
6105,Honda Amaze,2017,7.95,0.95,92275,Petrol,Dealer,Manual,2,1497,21.2,Delhi,Grey,9
6106,Mahindra XUV700,2025,26.79,21.96,50045,Diesel,Dealer,Automatic,0,1197,15.7,Hyderabad,Black,1
6107,Volkswagen Polo,2014,7.73,0.93,147022,Petrol,Individual,Manual,0,2755,15.6,Noida,Silver,12
6108,Maruti Dzire,2021,9.64,4.27,21861,Petrol,Dealer,Manual,2,1199,13.7,Chandigarh,Black,5
6109,Renault Kwid,2020,4.88,0.87,71899,Petrol,Individual,Manual,3,1497,24.6,Amritsar,Black,6
6110,Honda Elevate,2015,15.51,1.86,96435,Petrol,Dealer,Manual,2,1199,22.7,Bengaluru,Red,11
6111,Tata Punch,2014,8.08,0.97,115366,Petrol,Dealer,Manual,0,2179,21.6,Jaipur,White,12
6112,Tata Punch,2020,8.01,2.8,64521,Petrol,Individual,Manual,0,1497,17.6,Hyderabad,Silver,6
6113,Maruti Dzire,2023,8.96,5.55,48819,Petrol,Dealer,Manual,0,1956,14.4,Chennai,Black,3
6114,Maruti Ciaz,2025,12.23,10.72,20015,Petrol,Individual,Manual,0,998,25.5,Bengaluru,Red,1
6115,Maruti Fronx,2022,10.24,6.95,24423,Petrol,Dealer,Manual,0,998,25.5,Amritsar,Silver,4
6116,Honda Elevate,2015,17.21,2.07,69422,Petrol,Dealer,Manual,2,1497,25.0,Ludhiana,Red,11
6117,Hyundai Verna,2021,15.7,8.4,14151,Petrol,Dealer,Manual,0,799,23.6,Chennai,Blue,5
6118,Toyota Innova Crysta,2016,22.58,2.71,106796,Diesel,Dealer,Manual,2,1997,17.7,Lucknow,Silver,10
6119,Renault Kwid,2020,4.75,2.11,21734,Petrol,Dealer,Manual,0,1199,18.3,Pune,Silver,6
6120,Mahindra Thar,2017,17.39,2.09,89862,Diesel,Dealer,Manual,0,1956,25.3,Bengaluru,Grey,9
6121,Renault Kiger,2023,8.92,5.62,55788,Petrol,Dealer,Manual,0,1199,13.1,Chennai,White,3
6122,Toyota Glanza,2018,8.25,0.99,70086,Petrol,Individual,Manual,3,1956,17.5,Chennai,Silver,8
6123,Maruti Brezza,2023,12.63,7.43,33101,Petrol,Individual,Manual,1,1497,13.4,Kolkata,Black,3
6124,Hyundai Grand i10,2018,6.96,1.37,67932,Petrol,Dealer,Manual,0,1997,23.8,Jaipur,Red,8
6125,Tata Harrier,2020,21.61,5.81,71939,Diesel,Individual,Manual,0,1199,15.2,Mohali,Grey,6
6126,Maruti Ciaz,2023,12.75,6.81,52989,Petrol,Individual,Manual,1,1497,24.5,Chandigarh,Blue,3
6127,Hyundai Alcazar,2025,21.92,19.3,2500,Diesel,Dealer,Automatic,2,1498,13.4,Mohali,Black,1
6128,Kia Seltos,2013,19.13,2.3,122196,Diesel,Dealer,Manual,0,1199,18.6,Lucknow,Black,13
6129,Mahindra Scorpio,2021,19.69,9.4,46143,Diesel,Individual,Manual,0,1597,19.1,Ludhiana,Silver,5
6130,Honda City,2014,16.68,2.0,68334,Petrol,Dealer,Manual,0,1199,20.9,Pune,Blue,12
6131,Mahindra Bolero,2023,10.88,6.15,43713,Diesel,Dealer,Manual,1,2179,22.8,Chandigarh,Blue,3
6132,Hyundai Verna,2017,13.5,1.62,67468,Petrol,Dealer,Manual,1,1956,25.0,Delhi,Brown,9
6133,Hyundai Grand i10,2021,6.77,3.66,11371,Petrol,Dealer,Manual,1,2179,17.8,Kolkata,Red,5
6134,Toyota Innova Crysta,2025,25.21,23.41,2500,Diesel,Individual,Manual,0,1197,12.4,Hyderabad,Silver,1
6135,Tata Tiago,2021,6.81,2.35,62505,Petrol,Dealer,Manual,1,1199,20.4,Mohali,Red,5
6136,MG Hector,2017,19.65,4.76,25831,Petrol,Individual,Automatic,0,2393,20.4,Amritsar,White,9
6137,Honda Amaze,2015,7.93,0.95,115543,Petrol,Dealer,Manual,0,2755,24.1,Lucknow,Grey,11
6138,Volkswagen Polo,2024,7.27,5.04,45001,Petrol,Individual,Manual,1,1497,12.2,Mumbai,White,2
6139,Maruti Alto,2015,4.33,0.55,101946,Petrol,Dealer,Manual,0,1497,13.6,Noida,White,11
6140,Skoda Slavia,2021,18.4,10.97,7344,Petrol,Individual,Automatic,1,1956,16.9,Ludhiana,Red,5
6141,Renault Kiger,2015,9.85,1.18,85553,Petrol,Individual,Manual,0,1956,13.0,Bengaluru,Red,11
6142,Hyundai Venue,2022,10.69,7.33,2500,Petrol,Dealer,Manual,0,1956,16.9,Mohali,Black,4
6143,Ford EcoSport,2019,10.58,1.81,80899,Diesel,Dealer,Manual,0,1497,15.2,Noida,Brown,7
6144,Mahindra XUV700,2014,24.01,2.88,37110,Diesel,Dealer,Automatic,0,2393,20.0,Mumbai,Red,12
6145,Nissan Magnite,2020,10.03,4.39,30796,Petrol,Individual,Manual,0,1956,24.6,Pune,Grey,6
6146,Volkswagen Virtus,2022,15.25,9.26,25389,Petrol,Individual,Automatic,0,2179,15.7,Amritsar,Black,4
6147,Maruti Swift,2018,8.18,2.02,60252,Petrol,Individual,Manual,0,799,16.5,Mohali,Blue,8
6148,Jeep Compass,2021,26.85,13.71,20257,Diesel,Dealer,Automatic,1,1997,18.4,Delhi,Blue,5
6149,Hyundai Creta,2017,15.6,2.69,60477,Diesel,Dealer,Manual,0,998,20.1,Ludhiana,Blue,9
6150,Volkswagen Virtus,2022,18.53,8.77,36584,Petrol,Individual,Automatic,1,1498,23.6,Chennai,Silver,4
6151,Honda City,2021,14.1,6.96,32679,Petrol,Dealer,Manual,0,1497,23.0,Mohali,Grey,5
6152,Kia Seltos,2015,17.85,2.14,109999,Diesel,Dealer,Manual,1,1498,18.5,Hyderabad,Black,11
6153,Toyota Innova Crysta,2014,24.61,2.95,122579,Diesel,Individual,Manual,0,2393,16.1,Mohali,White,12
6154,Skoda Slavia,2016,16.17,1.94,70981,Petrol,Dealer,Automatic,0,799,24.2,Noida,Grey,10
6155,Maruti Brezza,2025,11.82,9.65,23475,Petrol,Dealer,Manual,0,1498,23.6,Delhi,Grey,1
6156,Volkswagen Virtus,2020,15.8,6.74,42758,Petrol,Dealer,Automatic,0,1498,17.3,Mohali,Brown,6
6157,Maruti Baleno,2014,8.13,0.98,85690,Petrol,Dealer,Manual,0,1498,12.6,Kolkata,Grey,12
6158,Toyota Fortuner,2016,36.48,4.38,53524,Diesel,Individual,Automatic,1,1997,21.2,Mohali,Silver,10
6159,Volkswagen Virtus,2017,18.72,2.25,92475,Petrol,Dealer,Automatic,1,1498,12.2,Delhi,Silver,9
6160,Tata Tiago,2013,6.34,0.76,104647,Petrol,Individual,Manual,0,1497,16.3,Jaipur,Grey,13
6161,Maruti Ciaz,2014,10.82,1.3,66014,Petrol,Individual,Manual,2,2393,21.4,Noida,Grey,12
6162,Maruti Baleno,2021,9.35,4.8,39991,Petrol,Dealer,Manual,0,2755,15.9,Chennai,Black,5
6163,Maruti Brezza,2020,12.51,6.11,27655,Petrol,Individual,Manual,0,1497,19.1,Amritsar,Brown,6
6164,Volkswagen Polo,2022,7.33,4.06,44775,Petrol,Dealer,Manual,0,1497,12.5,Delhi,Red,4
6165,Honda Amaze,2020,7.93,2.62,75920,Petrol,Dealer,Manual,1,1497,22.0,Chennai,Grey,6
6166,Tata Safari,2024,24.95,20.74,15064,Diesel,Dealer,Automatic,0,799,12.3,Mohali,Brown,2
6167,Volkswagen Virtus,2016,19.29,2.32,102612,Petrol,Dealer,Automatic,3,1997,20.5,Chennai,Brown,10
6168,Mahindra Thar,2015,18.85,2.26,103345,Diesel,Individual,Manual,0,2755,25.4,Delhi,Blue,11
6169,Mahindra Bolero,2018,9.82,1.29,102649,Diesel,Dealer,Manual,0,1498,18.2,Pune,Black,8
6170,Maruti Alto,2020,3.83,1.62,22630,Petrol,Individual,Manual,0,2393,23.3,Mohali,Black,6
6171,Honda Elevate,2020,16.64,5.65,54970,Petrol,Individual,Manual,1,1498,23.6,Mumbai,Red,6
6172,Tata Harrier,2018,22.12,3.35,82441,Diesel,Individual,Manual,0,2393,18.6,Ludhiana,White,8
6173,Skoda Slavia,2019,18.14,4.77,54526,Petrol,Dealer,Automatic,1,2755,22.1,Chennai,Blue,7
6174,Renault Kwid,2021,5.56,3.58,5345,Petrol,Dealer,Manual,0,1597,20.8,Jaipur,Red,5
6175,Mahindra Thar,2022,16.66,10.98,8466,Diesel,Individual,Manual,0,1597,16.4,Jaipur,Blue,4
6176,Maruti Ertiga,2018,12.53,1.5,83734,Petrol,Dealer,Manual,0,799,15.4,Gurugram,Blue,8
6177,Renault Kiger,2014,8.62,1.03,92766,Petrol,Individual,Manual,0,1997,16.1,Pune,Black,12
6178,Maruti Wagon R,2015,6.58,0.79,107284,Petrol,Dealer,Manual,1,1997,21.0,Bengaluru,Red,11
6179,Renault Kwid,2024,4.59,3.07,40919,Petrol,Dealer,Manual,1,2755,15.9,Ludhiana,Grey,2
6180,Honda Amaze,2021,9.81,4.11,73093,Petrol,Individual,Manual,0,1197,14.0,Gurugram,Blue,5
6181,Ford EcoSport,2014,9.62,1.15,86399,Diesel,Dealer,Manual,0,1956,14.5,Noida,Brown,12
6182,Hyundai Creta,2019,16.84,2.02,88802,Diesel,Individual,Manual,3,998,17.6,Gurugram,White,7
6183,Hyundai Alcazar,2020,22.18,2.68,85183,Diesel,Dealer,Automatic,3,1997,20.3,Gurugram,White,6
6184,Toyota Fortuner,2017,43.84,10.46,35019,Diesel,Individual,Automatic,1,1498,18.4,Gurugram,Red,9
6185,Skoda Slavia,2024,16.73,12.99,28972,Petrol,Individual,Automatic,0,799,22.5,Chandigarh,Blue,2
6186,Mahindra Thar,2021,17.31,6.24,61486,Diesel,Dealer,Manual,1,1956,16.6,Lucknow,Brown,5
6187,Tata Harrier,2024,19.24,14.3,29607,Diesel,Individual,Manual,0,1956,24.0,Mohali,Brown,2
6188,Tata Safari,2014,22.34,2.68,87628,Diesel,Dealer,Automatic,0,1997,14.7,Gurugram,Silver,12
6189,Maruti Swift,2021,9.03,5.14,22267,Petrol,Individual,Manual,1,1597,19.7,Kolkata,Blue,5
6190,Renault Kiger,2021,9.24,4.2,67390,Petrol,Individual,Manual,0,2393,13.3,Bengaluru,Red,5
6191,Tata Punch,2015,8.71,1.05,72512,Petrol,Individual,Manual,1,799,14.1,Delhi,Black,11
6192,Hyundai Alcazar,2023,22.97,10.72,89243,Diesel,Dealer,Automatic,0,1498,16.9,Noida,Red,3
6193,Maruti Alto,2017,4.08,0.55,51835,Petrol,Dealer,Manual,1,2179,25.2,Delhi,Brown,9
6194,Toyota Glanza,2024,10.04,7.5,37909,Petrol,Dealer,Manual,1,1997,13.3,Kolkata,Red,2
6195,Renault Kwid,2018,4.84,0.58,96463,Petrol,Dealer,Manual,2,1597,22.8,Jaipur,Brown,8
6196,Mahindra Bolero,2017,10.2,2.07,49109,Diesel,Individual,Manual,0,998,14.1,Bengaluru,Brown,9
6197,Maruti Baleno,2021,9.86,4.55,63659,Petrol,Dealer,Manual,0,1997,22.5,Amritsar,White,5
6198,Tata Harrier,2025,20.34,15.6,2500,Diesel,Dealer,Manual,2,1997,19.0,Pune,Grey,1
6199,Maruti Baleno,2024,8.48,6.0,52702,Petrol,Individual,Manual,0,2393,17.1,Mohali,White,2
6200,Volkswagen Virtus,2021,16.39,6.51,55338,Petrol,Individual,Automatic,0,2179,17.2,Noida,White,5
6201,Hyundai Venue,2016,13.25,1.59,107878,Petrol,Individual,Manual,0,998,19.4,Bengaluru,Red,10
6202,Maruti Wagon R,2020,6.55,1.1,75214,Petrol,Dealer,Manual,2,998,13.8,Chennai,Brown,6
6203,Hyundai Grand i10,2013,6.18,0.74,127482,Petrol,Individual,Manual,1,799,25.5,Mohali,Blue,13
6204,Hyundai Verna,2019,15.54,4.17,50709,Petrol,Individual,Manual,1,2179,22.0,Chandigarh,Blue,7
6205,Mahindra XUV700,2017,27.61,3.31,87373,Diesel,Individual,Automatic,0,1197,19.6,Mohali,Blue,9
6206,Hyundai Creta,2015,16.61,1.99,96281,Diesel,Individual,Manual,2,1997,13.5,Chandigarh,White,11
6207,MG Hector,2022,22.08,14.48,28031,Petrol,Individual,Automatic,0,998,18.4,Kolkata,Blue,4
6208,Hyundai Grand i10,2020,7.04,3.51,2500,Petrol,Individual,Manual,2,1497,19.1,Ludhiana,Black,6
6209,Kia Seltos,2015,16.42,1.97,65097,Diesel,Dealer,Manual,0,2393,23.6,Jaipur,Blue,11
6210,Tata Harrier,2021,22.12,10.87,46009,Diesel,Dealer,Manual,0,2755,12.0,Pune,Brown,5
6211,Maruti Brezza,2025,11.1,8.06,28852,Petrol,Dealer,Manual,1,1498,21.2,Gurugram,Blue,1
6212,Hyundai Verna,2022,14.45,7.09,60809,Petrol,Individual,Manual,1,1597,12.2,Pune,Brown,4
6213,Hyundai Alcazar,2015,21.88,2.63,39344,Diesel,Dealer,Automatic,0,1498,15.3,Hyderabad,Silver,11
6214,Maruti Dzire,2024,9.97,7.69,19801,Petrol,Individual,Manual,0,1597,13.3,Mohali,White,2
6215,Maruti Dzire,2014,9.6,1.15,73915,Petrol,Individual,Manual,0,1199,16.3,Chennai,Silver,12
6216,Nissan Magnite,2018,8.27,1.05,79378,Petrol,Dealer,Manual,0,2179,12.0,Noida,White,8
6217,Maruti Alto,2014,4.11,0.55,56306,Petrol,Individual,Manual,0,1997,15.7,Noida,Silver,12
6218,Tata Harrier,2020,19.77,5.29,100760,Diesel,Individual,Manual,0,1597,16.3,Chandigarh,Silver,6
6219,Tata Altroz,2015,9.92,1.19,107053,Petrol,Individual,Manual,0,799,15.1,Chennai,Brown,11
6220,Hyundai Alcazar,2021,21.01,11.72,28939,Diesel,Dealer,Automatic,0,1997,24.7,Chandigarh,Brown,5
6221,Tata Nexon,2023,10.97,6.6,46336,Petrol,Dealer,Manual,1,998,17.0,Ludhiana,Grey,3
6222,Honda Amaze,2021,9.36,5.56,18589,Petrol,Individual,Manual,0,1597,22.6,Chandigarh,Black,5
6223,Kia Sonet,2012,11.78,1.41,118046,Petrol,Individual,Manual,2,2179,16.9,Amritsar,Brown,14
6224,Tata Safari,2020,24.69,7.44,67498,Diesel,Dealer,Automatic,0,1197,22.2,Amritsar,Red,6
6225,Mahindra Scorpio,2021,20.56,9.74,24429,Diesel,Individual,Manual,1,799,23.4,Chandigarh,Grey,5
6226,Renault Kiger,2023,8.54,4.44,53160,Petrol,Individual,Manual,2,1199,15.5,Chandigarh,Red,3
6227,Tata Nexon,2015,10.73,1.29,115400,Petrol,Individual,Manual,0,2755,20.8,Pune,White,11
6228,Nissan Magnite,2024,8.21,6.5,2500,Petrol,Dealer,Manual,3,2393,16.4,Chennai,Black,2
6229,Maruti Wagon R,2017,5.73,0.69,84584,Petrol,Individual,Manual,3,1498,23.9,Bengaluru,White,9
6230,Hyundai Grand i10,2024,7.32,5.41,15240,Petrol,Dealer,Manual,1,1997,24.9,Delhi,Grey,2
6231,Maruti Baleno,2012,8.86,1.06,134041,Petrol,Individual,Manual,1,2393,19.4,Ludhiana,Blue,14
6232,Tata Punch,2015,9.86,1.18,96608,Petrol,Dealer,Manual,0,1956,12.7,Bengaluru,Brown,11
6233,Skoda Slavia,2018,18.78,4.18,48036,Petrol,Individual,Automatic,0,1497,15.3,Noida,Red,8
6234,Ford EcoSport,2019,8.98,1.37,83935,Diesel,Individual,Manual,1,1956,15.3,Gurugram,Brown,7
6235,Toyota Fortuner,2018,46.28,6.6,64811,Diesel,Individual,Automatic,1,2755,20.5,Mohali,Grey,8
6236,Kia Seltos,2018,19.57,2.35,110461,Diesel,Dealer,Manual,1,1498,23.7,Lucknow,White,8
6237,Tata Altroz,2024,8.26,6.69,15831,Petrol,Individual,Manual,0,2755,17.7,Pune,Brown,2
6238,Maruti Swift,2013,8.59,1.03,124719,Petrol,Dealer,Manual,1,1497,17.7,Jaipur,Black,13
6239,Hyundai Creta,2016,15.49,1.86,88392,Diesel,Individual,Manual,0,998,14.7,Noida,Silver,10
6240,Maruti Wagon R,2013,6.03,0.72,90610,Petrol,Dealer,Manual,1,2179,22.3,Chandigarh,Red,13
6241,Hyundai Grand i10,2019,7.08,2.37,50174,Petrol,Dealer,Manual,0,998,14.1,Delhi,Red,7
6242,Skoda Slavia,2019,15.36,7.39,15601,Petrol,Individual,Automatic,0,2755,15.7,Pune,Silver,7
6243,Tata Punch,2014,8.04,0.96,81886,Petrol,Dealer,Manual,0,1997,19.3,Chennai,Red,12
6244,Mahindra XUV700,2015,22.68,2.72,127994,Diesel,Individual,Automatic,2,1997,12.8,Lucknow,Blue,11
6245,Skoda Slavia,2025,18.73,14.47,31182,Petrol,Dealer,Automatic,1,1199,14.4,Amritsar,Blue,1
6246,Honda City,2021,15.8,7.12,43284,Petrol,Individual,Manual,1,1597,24.1,Kolkata,Brown,5
6247,Hyundai Creta,2019,18.64,4.84,62887,Diesel,Dealer,Manual,1,2179,19.0,Ludhiana,Blue,7
6248,Renault Kiger,2024,8.57,6.48,2500,Petrol,Dealer,Manual,3,1497,15.2,Pune,Grey,2
6249,Maruti Swift,2017,8.7,1.26,36257,Petrol,Individual,Manual,0,1997,21.2,Jaipur,Black,9
6250,Hyundai Creta,2012,18.76,2.25,142956,Diesel,Individual,Manual,0,1199,15.8,Hyderabad,Silver,14
6251,Kia Sonet,2021,13.02,6.57,22941,Petrol,Dealer,Manual,2,998,23.1,Mumbai,Silver,5
6252,Volkswagen Polo,2015,8.36,1.0,69404,Petrol,Dealer,Manual,3,2179,13.4,Delhi,Red,11
6253,Hyundai Creta,2018,18.21,3.21,50726,Diesel,Dealer,Manual,1,799,22.2,Mohali,Grey,8
6254,Maruti Dzire,2024,8.37,6.2,8494,Petrol,Individual,Manual,2,1197,23.3,Chandigarh,Blue,2
6255,Skoda Slavia,2016,16.84,2.02,100135,Petrol,Dealer,Automatic,0,1997,15.9,Gurugram,White,10
6256,Maruti Swift,2016,7.55,0.91,73994,Petrol,Dealer,Manual,0,1199,15.8,Noida,Black,10
6257,Renault Kwid,2022,5.35,2.93,32665,Petrol,Dealer,Manual,1,799,12.2,Mumbai,Red,4
6258,Toyota Innova Crysta,2023,23.22,16.37,18512,Diesel,Dealer,Manual,0,2755,18.5,Jaipur,Blue,3
6259,Mahindra Thar,2012,15.79,1.9,102197,Diesel,Individual,Manual,0,1997,21.6,Bengaluru,Red,14
6260,Mahindra Thar,2013,17.4,2.09,94948,Diesel,Individual,Manual,0,2179,15.4,Chandigarh,Brown,13
6261,Maruti Dzire,2017,8.55,1.03,108441,Petrol,Dealer,Manual,0,998,22.8,Delhi,Grey,9
6262,Maruti Ciaz,2019,10.38,2.14,58282,Petrol,Dealer,Manual,2,1956,16.3,Kolkata,Grey,7
6263,Renault Kiger,2014,9.41,1.13,82531,Petrol,Dealer,Manual,0,1956,22.5,Delhi,Red,12
6264,Jeep Compass,2012,27.45,3.29,79811,Diesel,Dealer,Automatic,0,1199,13.2,Kolkata,Red,14
6265,Toyota Glanza,2013,8.49,1.02,100098,Petrol,Dealer,Manual,2,1497,20.7,Bengaluru,Blue,13
6266,Maruti Brezza,2012,11.63,1.4,162907,Petrol,Individual,Manual,2,1597,13.8,Mohali,Brown,14
6267,Maruti Fronx,2025,9.66,8.11,23746,Petrol,Dealer,Manual,0,2393,13.3,Ludhiana,Brown,1
6268,Tata Tiago,2012,7.56,0.91,134468,Petrol,Dealer,Manual,0,2755,14.9,Kolkata,Grey,14
6269,Hyundai Verna,2016,15.79,1.9,59935,Petrol,Dealer,Manual,0,2393,16.5,Lucknow,White,10
6270,Honda Amaze,2014,8.1,0.97,87851,Petrol,Individual,Manual,1,1597,15.9,Amritsar,Brown,12
6271,Maruti Ertiga,2020,11.47,5.28,31617,Petrol,Dealer,Manual,0,1597,22.1,Hyderabad,Black,6
6272,Hyundai i20,2022,8.96,4.22,58647,Petrol,Dealer,Manual,1,1498,15.5,Hyderabad,Blue,4
6273,Maruti Ertiga,2018,11.23,1.41,75485,Petrol,Dealer,Manual,0,1197,12.5,Mumbai,Red,8
6274,Maruti Swift,2012,7.31,0.88,136288,Petrol,Individual,Manual,0,1997,17.3,Lucknow,Red,14
6275,Maruti Baleno,2023,9.68,6.82,9300,Petrol,Dealer,Manual,0,1497,17.2,Mumbai,Red,3
6276,Maruti Wagon R,2014,6.11,0.73,126102,Petrol,Dealer,Manual,0,2179,16.7,Kolkata,Grey,12
6277,Mahindra XUV700,2015,26.7,3.2,156134,Diesel,Dealer,Automatic,2,2755,14.5,Kolkata,Grey,11
6278,Volkswagen Virtus,2015,17.9,2.15,102925,Petrol,Individual,Automatic,1,1497,15.1,Mohali,Black,11
6279,Honda Amaze,2019,9.21,3.17,51084,Petrol,Individual,Manual,0,1597,18.2,Ludhiana,Grey,7
6280,Toyota Fortuner,2012,36.74,4.41,131429,Diesel,Individual,Automatic,0,1197,21.1,Ludhiana,Red,14
6281,Nissan Magnite,2020,8.21,2.56,51838,Petrol,Dealer,Manual,1,1956,18.8,Ludhiana,Grey,6
6282,Maruti Ertiga,2020,11.56,4.38,24456,Petrol,Dealer,Manual,3,1956,18.6,Gurugram,Black,6
6283,Maruti Wagon R,2015,6.18,0.74,68693,Petrol,Individual,Manual,0,2755,16.5,Chennai,Grey,11
6284,Skoda Rapid,2021,10.8,5.52,27227,Diesel,Individual,Manual,0,1497,21.5,Lucknow,Red,5
6285,Mahindra Scorpio,2017,18.36,2.77,60600,Diesel,Dealer,Manual,0,799,25.3,Hyderabad,White,9
6286,Maruti Brezza,2013,13.67,1.64,91051,Petrol,Individual,Manual,2,998,24.8,Gurugram,White,13
6287,Maruti Brezza,2023,11.28,4.7,71710,Petrol,Dealer,Manual,3,1199,22.3,Delhi,Brown,3
6288,Skoda Slavia,2024,16.11,13.84,2500,Petrol,Dealer,Automatic,0,998,19.7,Noida,Grey,2
6289,Skoda Rapid,2017,11.01,1.4,67112,Diesel,Individual,Manual,0,1498,24.9,Mohali,White,9
6290,Skoda Slavia,2021,16.39,7.3,57500,Petrol,Dealer,Automatic,0,1597,15.8,Chennai,Silver,5
6291,Toyota Glanza,2017,9.51,1.67,42735,Petrol,Individual,Manual,0,799,20.4,Noida,Brown,9
6292,Mahindra XUV700,2019,24.27,6.7,56303,Diesel,Individual,Automatic,1,1997,12.5,Gurugram,Brown,7
6293,Maruti Baleno,2017,9.39,1.13,91803,Petrol,Individual,Manual,0,2393,22.2,Lucknow,Grey,9
6294,Hyundai Verna,2017,13.28,1.59,93755,Petrol,Individual,Manual,1,1199,12.7,Jaipur,Blue,9
6295,Maruti Ciaz,2023,12.46,8.33,28146,Petrol,Individual,Manual,0,1597,21.7,Bengaluru,Silver,3
6296,Renault Kiger,2023,9.3,6.18,25339,Petrol,Individual,Manual,1,2755,18.1,Gurugram,Grey,3
6297,Hyundai Venue,2019,12.0,2.62,81177,Petrol,Individual,Manual,0,1497,17.6,Pune,Blue,7
6298,Toyota Fortuner,2024,46.68,39.92,2500,Diesel,Individual,Automatic,0,2755,16.9,Kolkata,Red,2
6299,Skoda Rapid,2013,10.2,1.22,117712,Diesel,Dealer,Manual,3,2755,24.7,Gurugram,Black,13
6300,Hyundai Venue,2024,11.03,7.22,19408,Petrol,Dealer,Manual,2,2179,20.8,Hyderabad,Grey,2
6301,Kia Sonet,2012,11.47,1.38,104324,Petrol,Dealer,Manual,1,1997,13.0,Pune,Grey,14
6302,Renault Kwid,2013,4.51,0.55,124488,Petrol,Dealer,Manual,0,998,17.6,Hyderabad,White,13
6303,Maruti Wagon R,2020,5.77,2.32,47395,Petrol,Dealer,Manual,1,799,23.0,Mohali,Black,6
6304,Toyota Glanza,2014,9.03,1.08,80967,Petrol,Dealer,Manual,0,998,12.1,Ludhiana,Silver,12
6305,Toyota Innova Crysta,2022,24.14,13.68,59581,Diesel,Dealer,Manual,0,1197,22.7,Mohali,Silver,4
6306,Hyundai Creta,2014,16.47,1.98,112977,Diesel,Dealer,Manual,0,1597,16.2,Jaipur,Black,12
6307,Volkswagen Polo,2015,8.41,1.01,47666,Petrol,Dealer,Manual,1,1197,21.6,Mumbai,Blue,11
6308,Maruti Wagon R,2024,6.68,4.19,58875,Petrol,Dealer,Manual,0,2393,24.5,Lucknow,Black,2
6309,Mahindra Bolero,2013,9.51,1.14,91820,Diesel,Dealer,Manual,0,998,24.8,Mohali,Red,13
6310,Honda City,2022,14.29,7.56,62075,Petrol,Individual,Manual,0,2393,17.6,Noida,Blue,4
6311,Hyundai Grand i10,2013,6.29,0.75,163996,Petrol,Individual,Manual,0,1498,21.0,Delhi,Silver,13
6312,Tata Punch,2022,8.28,5.6,16410,Petrol,Individual,Manual,0,1997,22.4,Ludhiana,Black,4
6313,Hyundai Verna,2018,14.77,3.21,104672,Petrol,Individual,Manual,0,1997,15.5,Chandigarh,White,8
6314,Maruti Alto,2016,4.4,0.55,99869,Petrol,Dealer,Manual,1,1597,20.8,Gurugram,Silver,10
6315,Maruti Fronx,2021,8.89,5.39,4626,Petrol,Individual,Manual,0,1597,12.1,Lucknow,Red,5
6316,Kia Seltos,2025,17.66,13.16,42796,Diesel,Dealer,Manual,1,1497,15.2,Mohali,Blue,1
6317,Skoda Rapid,2012,9.34,1.12,98189,Diesel,Individual,Manual,1,1197,17.9,Chennai,White,14
6318,Skoda Rapid,2018,10.89,1.9,69388,Diesel,Dealer,Manual,0,1498,24.9,Jaipur,Blue,8
6319,Skoda Rapid,2019,9.37,2.99,49506,Diesel,Dealer,Manual,0,998,14.6,Mohali,Red,7
6320,Maruti Wagon R,2025,5.48,4.26,21342,Petrol,Dealer,Manual,2,2393,22.3,Chennai,Black,1
6321,Jeep Compass,2017,25.13,3.52,55156,Diesel,Dealer,Automatic,0,1498,15.4,Delhi,Silver,9
6322,Volkswagen Virtus,2014,19.01,2.28,91147,Petrol,Individual,Automatic,0,1997,19.4,Mohali,Black,12
6323,Toyota Glanza,2012,8.58,1.03,118679,Petrol,Individual,Manual,3,1497,22.1,Chennai,Grey,14
6324,Toyota Innova Crysta,2016,22.34,2.68,51630,Diesel,Dealer,Manual,0,998,17.3,Kolkata,Blue,10
6325,Kia Sonet,2024,12.79,8.74,2500,Petrol,Dealer,Manual,3,1197,13.0,Gurugram,Silver,2
6326,Maruti Fronx,2020,8.85,3.55,42360,Petrol,Dealer,Manual,0,799,22.3,Mohali,Black,6
6327,Hyundai i20,2021,9.91,4.5,48695,Petrol,Individual,Manual,0,1497,13.4,Ludhiana,Blue,5
6328,Toyota Fortuner,2024,41.76,32.24,25606,Diesel,Individual,Automatic,0,1498,20.6,Lucknow,Silver,2
6329,Volkswagen Virtus,2020,16.06,5.32,59735,Petrol,Dealer,Automatic,1,1197,20.9,Pune,Grey,6
6330,Tata Safari,2016,25.7,3.08,118963,Diesel,Dealer,Automatic,2,1199,13.9,Chennai,White,10
6331,Tata Safari,2014,23.91,2.87,100198,Diesel,Dealer,Automatic,0,2179,24.7,Chennai,White,12
6332,MG Hector,2023,22.15,15.06,16976,Petrol,Dealer,Automatic,1,1497,14.4,Jaipur,Grey,3
6333,Maruti Fronx,2022,10.52,6.4,38301,Petrol,Individual,Manual,0,1197,22.7,Jaipur,Silver,4
6334,Mahindra Thar,2012,16.8,2.02,109168,Diesel,Individual,Manual,0,1199,19.4,Kolkata,Blue,14
6335,Tata Tiago,2020,6.32,1.85,76465,Petrol,Dealer,Manual,0,1197,13.2,Gurugram,Silver,6
6336,Honda Amaze,2023,9.72,6.35,43356,Petrol,Individual,Manual,0,1498,15.8,Pune,Red,3
6337,Tata Harrier,2024,20.47,13.82,42911,Diesel,Dealer,Manual,1,1498,23.8,Mumbai,Blue,2
6338,Maruti Wagon R,2023,6.51,4.09,31779,Petrol,Individual,Manual,0,2393,21.6,Noida,Grey,3
6339,Hyundai Grand i10,2024,6.65,4.54,32418,Petrol,Individual,Manual,0,998,24.5,Delhi,White,2
6340,MG Hector,2019,21.68,3.31,77846,Petrol,Dealer,Automatic,2,1997,21.3,Bengaluru,Black,7
6341,Mahindra Bolero,2013,9.55,1.15,94772,Diesel,Dealer,Manual,0,1199,18.0,Chandigarh,Red,13
6342,Tata Altroz,2012,8.46,1.01,121899,Petrol,Dealer,Manual,0,2179,15.3,Ludhiana,Silver,14
6343,Maruti Dzire,2024,8.54,6.14,35963,Petrol,Dealer,Manual,0,1597,19.7,Ludhiana,White,2
6344,Tata Altroz,2020,8.59,2.93,48705,Petrol,Dealer,Manual,1,1199,22.8,Pune,Grey,6
6345,Tata Nexon,2016,13.37,1.6,95265,Petrol,Individual,Manual,0,998,23.8,Lucknow,Grey,10
6346,Hyundai i20,2022,9.47,5.37,23687,Petrol,Dealer,Manual,0,1199,12.2,Bengaluru,White,4
6347,Tata Harrier,2018,18.53,2.56,60489,Diesel,Dealer,Manual,2,1197,21.7,Delhi,Silver,8
6348,Mahindra Thar,2014,16.49,1.98,52605,Diesel,Individual,Manual,2,1498,20.3,Lucknow,Brown,12
6349,Tata Safari,2019,25.09,7.12,71342,Diesel,Dealer,Automatic,0,1197,14.3,Hyderabad,Brown,7
6350,Skoda Slavia,2013,15.93,1.91,92879,Petrol,Dealer,Automatic,0,1199,22.0,Lucknow,Brown,13
6351,Mahindra Thar,2014,15.2,1.82,101454,Diesel,Dealer,Manual,1,2179,12.5,Amritsar,Red,12
6352,Maruti Alto,2013,3.96,0.55,159613,Petrol,Individual,Manual,1,799,13.2,Bengaluru,White,13
6353,Renault Kiger,2025,9.47,8.01,46569,Petrol,Dealer,Manual,0,2755,12.3,Hyderabad,Silver,1
6354,Mahindra Thar,2021,15.86,8.96,29869,Diesel,Individual,Manual,0,2179,13.2,Hyderabad,Black,5
6355,Toyota Innova Crysta,2025,27.21,23.53,19143,Diesel,Dealer,Manual,1,1197,19.3,Chennai,White,1
6356,Mahindra Thar,2024,18.15,11.77,51430,Diesel,Individual,Manual,2,2393,23.2,Kolkata,Silver,2
6357,Kia Sonet,2025,11.66,9.72,10105,Petrol,Dealer,Manual,1,1597,22.6,Delhi,Silver,1
6358,Hyundai Alcazar,2013,21.74,2.61,87606,Diesel,Dealer,Automatic,0,2179,24.6,Pune,Black,13
6359,Hyundai Grand i10,2012,6.33,0.76,123990,Petrol,Individual,Manual,0,2179,18.3,Noida,Black,14
6360,Tata Harrier,2014,17.77,2.13,107003,Diesel,Individual,Manual,2,1956,18.9,Kolkata,Brown,12
6361,Toyota Innova Crysta,2020,26.1,10.69,47251,Diesel,Individual,Manual,0,799,16.6,Jaipur,Black,6
6362,Mahindra XUV700,2023,27.27,19.7,12842,Diesel,Dealer,Automatic,0,998,16.5,Noida,Grey,3
6363,Mahindra XUV700,2021,23.95,14.04,13914,Diesel,Individual,Automatic,0,1197,25.3,Delhi,Brown,5
6364,Volkswagen Virtus,2016,16.82,2.02,76503,Petrol,Dealer,Automatic,0,1956,24.4,Chandigarh,White,10
6365,Volkswagen Polo,2016,8.61,1.03,110916,Petrol,Individual,Manual,1,1956,15.5,Gurugram,Grey,10
6366,Jeep Compass,2022,25.14,13.95,40033,Diesel,Dealer,Automatic,0,2179,24.4,Noida,Grey,4
6367,Skoda Rapid,2018,9.23,2.6,45096,Diesel,Dealer,Manual,0,1197,20.0,Ludhiana,Black,8
6368,Maruti Alto,2023,4.06,2.16,64965,Petrol,Dealer,Manual,0,1597,24.0,Ludhiana,Brown,3
6369,Jeep Compass,2017,23.92,2.87,105399,Diesel,Dealer,Automatic,0,2393,13.2,Mumbai,Grey,9
6370,Honda Elevate,2017,17.36,2.81,56714,Petrol,Individual,Manual,0,1498,20.5,Hyderabad,Red,9
6371,Skoda Slavia,2023,19.39,12.38,34698,Petrol,Dealer,Automatic,1,2393,15.0,Bengaluru,Blue,3
6372,Ford EcoSport,2022,10.49,6.31,27498,Diesel,Individual,Manual,0,799,15.7,Noida,Black,4
6373,Maruti Brezza,2024,13.35,12.25,2500,Petrol,Individual,Manual,0,998,23.3,Hyderabad,Brown,2
6374,Renault Kwid,2024,5.42,3.74,37214,Petrol,Dealer,Manual,0,1997,18.5,Chandigarh,Brown,2
6375,Hyundai Creta,2016,17.08,2.05,95367,Diesel,Individual,Manual,0,2393,25.3,Jaipur,Blue,10
6376,Jeep Compass,2014,26.97,3.24,78516,Diesel,Dealer,Automatic,2,1997,15.8,Ludhiana,Blue,12
6377,Skoda Rapid,2021,10.66,4.11,81233,Diesel,Individual,Manual,0,2755,16.8,Pune,Blue,5
6378,Tata Tiago,2016,7.7,0.92,79111,Petrol,Individual,Manual,1,998,21.1,Lucknow,Silver,10
6379,Maruti Dzire,2022,9.37,5.29,38369,Petrol,Dealer,Manual,2,1597,22.7,Jaipur,Silver,4
6380,Toyota Glanza,2017,10.01,1.2,98756,Petrol,Individual,Manual,1,2393,21.4,Delhi,Black,9
6381,Tata Harrier,2016,21.68,2.6,70650,Diesel,Dealer,Manual,0,1997,23.5,Ludhiana,Silver,10
6382,Tata Punch,2012,9.32,1.12,85044,Petrol,Dealer,Manual,2,799,12.3,Noida,White,14
6383,Honda City,2020,13.94,3.93,77529,Petrol,Dealer,Manual,0,1199,22.7,Jaipur,Grey,6
6384,Tata Punch,2017,9.27,1.11,60669,Petrol,Dealer,Manual,0,1199,20.6,Jaipur,Grey,9
6385,Skoda Rapid,2014,9.78,1.17,68022,Diesel,Individual,Manual,0,1997,15.4,Noida,Red,12
6386,Toyota Fortuner,2022,44.91,23.64,57678,Diesel,Individual,Automatic,0,2393,25.1,Chandigarh,White,4
6387,Mahindra Scorpio,2013,21.86,2.62,95293,Diesel,Individual,Manual,0,1498,16.8,Mumbai,Red,13
6388,Hyundai Venue,2025,12.86,11.77,2500,Petrol,Dealer,Manual,0,1956,13.0,Chandigarh,Silver,1
6389,Mahindra XUV700,2014,22.82,2.74,57135,Diesel,Dealer,Automatic,0,1497,22.5,Hyderabad,Black,12
6390,Hyundai Grand i10,2020,7.16,2.83,48082,Petrol,Dealer,Manual,0,1597,21.3,Noida,Grey,6
6391,Kia Seltos,2024,19.02,14.5,2500,Diesel,Individual,Manual,2,1597,14.7,Kolkata,Blue,2
6392,Maruti Brezza,2019,13.42,3.12,86722,Petrol,Dealer,Manual,0,1498,21.1,Amritsar,Black,7
6393,Mahindra Thar,2020,15.2,6.71,29996,Diesel,Individual,Manual,0,1956,17.0,Amritsar,Grey,6
6394,Ford EcoSport,2020,10.02,3.33,57167,Diesel,Dealer,Manual,1,2179,24.9,Bengaluru,Red,6
6395,Tata Nexon,2024,12.6,9.82,17635,Petrol,Individual,Manual,0,1498,12.9,Delhi,Blue,2
6396,Volkswagen Virtus,2013,15.51,1.86,108283,Petrol,Individual,Automatic,2,1498,21.1,Jaipur,Red,13
6397,Maruti Ciaz,2021,10.93,5.21,35994,Petrol,Dealer,Manual,1,1497,22.9,Lucknow,Grey,5
6398,Maruti Fronx,2024,10.73,8.84,2500,Petrol,Individual,Manual,0,1498,23.7,Chandigarh,Black,2
6399,Mahindra Bolero,2024,8.85,6.67,30055,Diesel,Individual,Manual,0,1597,24.8,Pune,Brown,2
6400,Skoda Rapid,2019,11.18,2.31,63342,Diesel,Individual,Manual,1,1497,19.6,Kolkata,Grey,7
6401,Maruti Wagon R,2025,6.41,4.92,39423,Petrol,Individual,Manual,1,2755,16.0,Kolkata,Brown,1
6402,Volkswagen Polo,2015,8.75,1.05,106735,Petrol,Individual,Manual,0,799,13.2,Bengaluru,Grey,11
6403,Mahindra Scorpio,2020,17.9,7.42,49364,Diesel,Individual,Manual,0,998,20.0,Mohali,Black,6
6404,Toyota Innova Crysta,2019,24.94,4.49,92999,Diesel,Dealer,Manual,1,1597,15.0,Amritsar,White,7
6405,Hyundai Alcazar,2025,20.04,13.93,66290,Diesel,Individual,Automatic,0,1197,21.1,Delhi,Black,1
6406,Maruti Dzire,2017,9.44,1.13,87528,Petrol,Individual,Manual,2,1597,12.8,Noida,Blue,9
6407,Tata Altroz,2015,9.64,1.16,86993,Petrol,Dealer,Manual,0,1197,14.8,Kolkata,Silver,11
6408,Tata Altroz,2018,9.77,1.17,115478,Petrol,Dealer,Manual,1,1997,14.9,Bengaluru,Black,8
6409,Maruti Dzire,2014,9.63,1.16,110063,Petrol,Dealer,Manual,0,2179,23.5,Amritsar,Black,12
6410,Kia Seltos,2020,19.58,6.19,55619,Diesel,Individual,Manual,0,2755,24.0,Noida,Black,6
6411,Jeep Compass,2016,24.66,2.96,75300,Diesel,Individual,Automatic,0,998,13.3,Lucknow,Black,10
6412,Hyundai Alcazar,2025,19.83,16.05,16175,Diesel,Dealer,Automatic,1,1497,24.0,Pune,Blue,1
6413,Honda City,2013,16.32,1.96,104217,Petrol,Individual,Manual,0,2755,13.4,Jaipur,Red,13
6414,Honda Elevate,2024,14.57,10.69,28828,Petrol,Individual,Manual,0,1199,18.9,Chandigarh,Red,2
6415,Tata Nexon,2012,11.19,1.34,134671,Petrol,Dealer,Manual,0,1497,22.0,Amritsar,Silver,14
6416,Kia Sonet,2024,13.83,9.5,47286,Petrol,Dealer,Manual,0,1199,15.7,Amritsar,Brown,2
6417,Ford EcoSport,2019,8.49,2.06,69154,Diesel,Individual,Manual,0,1199,25.4,Noida,Silver,7
6418,Tata Harrier,2023,19.68,14.99,2500,Diesel,Individual,Manual,0,1997,15.2,Chandigarh,White,3
6419,Tata Safari,2014,25.89,3.11,70094,Diesel,Individual,Automatic,0,1597,14.5,Gurugram,Black,12
6420,Tata Safari,2016,25.41,3.05,88110,Diesel,Dealer,Automatic,0,1498,20.8,Ludhiana,Brown,10
6421,Mahindra XUV700,2023,26.57,20.45,22928,Diesel,Individual,Automatic,0,1997,12.9,Delhi,Red,3
6422,Hyundai Creta,2024,16.22,11.37,29981,Diesel,Individual,Manual,1,1597,20.3,Chandigarh,Silver,2
6423,Hyundai Grand i10,2016,6.32,0.76,109611,Petrol,Dealer,Manual,0,1597,15.7,Pune,Silver,10
6424,Maruti Ciaz,2013,12.18,1.46,131960,Petrol,Individual,Manual,0,1199,17.9,Amritsar,Grey,13
6425,Tata Harrier,2019,21.75,8.13,42274,Diesel,Individual,Manual,0,2755,16.3,Gurugram,White,7
6426,MG Hector,2024,18.68,13.52,15461,Petrol,Individual,Automatic,1,1498,13.4,Gurugram,Brown,2
6427,Mahindra XUV700,2015,23.66,2.84,108427,Diesel,Dealer,Automatic,0,1497,20.2,Amritsar,Red,11
6428,Mahindra XUV700,2023,27.2,21.45,2500,Diesel,Individual,Automatic,0,1497,24.6,Kolkata,Blue,3
6429,Tata Harrier,2017,19.5,2.34,101151,Diesel,Dealer,Manual,0,1497,19.1,Amritsar,Black,9
6430,Nissan Magnite,2021,8.77,3.04,78655,Petrol,Dealer,Manual,0,799,23.4,Hyderabad,Black,5
6431,Hyundai i20,2018,8.57,1.03,112015,Petrol,Dealer,Manual,0,2393,21.6,Kolkata,Black,8
6432,Mahindra Thar,2016,16.9,2.03,83426,Diesel,Dealer,Manual,0,1997,15.1,Chennai,Black,10
6433,Ford EcoSport,2018,9.92,1.19,80607,Diesel,Dealer,Manual,2,1497,23.1,Jaipur,White,8
6434,Hyundai Venue,2022,12.14,5.62,66922,Petrol,Dealer,Manual,0,1497,17.0,Delhi,Grey,4
6435,Volkswagen Polo,2024,8.41,6.06,34022,Petrol,Dealer,Manual,1,1997,19.8,Noida,Silver,2
6436,Maruti Ciaz,2016,11.95,1.43,9478,Petrol,Dealer,Manual,1,998,12.4,Chennai,Grey,10
6437,Hyundai Venue,2015,11.98,1.44,131835,Petrol,Individual,Manual,0,1497,23.0,Delhi,Black,11
6438,Maruti Brezza,2018,11.35,1.47,50942,Petrol,Dealer,Manual,1,1197,22.8,Noida,Silver,8
6439,Mahindra XUV700,2023,27.92,20.77,2500,Diesel,Dealer,Automatic,0,998,23.0,Mumbai,Silver,3
6440,Tata Nexon,2025,12.07,11.08,3944,Petrol,Individual,Manual,0,1997,13.1,Pune,Blue,1
6441,MG Hector,2021,18.6,7.63,55422,Petrol,Dealer,Automatic,1,1956,19.8,Chandigarh,Red,5
6442,Mahindra Scorpio,2023,19.35,13.85,9433,Diesel,Individual,Manual,1,1997,17.9,Chandigarh,White,3
6443,Mahindra XUV700,2019,27.83,9.07,66866,Diesel,Dealer,Automatic,0,1498,14.6,Bengaluru,Silver,7
6444,Kia Sonet,2016,13.92,1.67,93901,Petrol,Dealer,Manual,0,1956,12.8,Amritsar,Red,10
6445,Hyundai Venue,2015,10.65,1.28,82598,Petrol,Dealer,Manual,0,1498,13.1,Mumbai,Brown,11
6446,Honda Amaze,2023,9.28,6.9,2500,Petrol,Dealer,Manual,0,2179,13.5,Noida,Grey,3
6447,Hyundai Creta,2024,16.12,11.76,26241,Diesel,Dealer,Manual,1,1997,13.6,Jaipur,Black,2
6448,Maruti Ciaz,2015,11.49,1.38,89693,Petrol,Dealer,Manual,2,998,18.9,Mohali,Black,11
6449,Hyundai Grand i10,2024,7.44,6.65,2500,Petrol,Dealer,Manual,0,2179,19.3,Lucknow,Blue,2
6450,Maruti Ciaz,2013,11.62,1.39,110792,Petrol,Individual,Manual,1,1956,25.4,Ludhiana,Brown,13
6451,Toyota Innova Crysta,2024,26.16,18.98,39531,Diesel,Dealer,Manual,1,2755,16.2,Ludhiana,Blue,2
6452,Toyota Glanza,2015,7.93,0.95,83423,Petrol,Dealer,Manual,1,2179,20.0,Chandigarh,Brown,11
6453,Honda City,2015,13.52,1.62,77152,Petrol,Dealer,Manual,1,1597,13.9,Mumbai,White,11
6454,MG Hector,2017,19.84,2.38,69988,Petrol,Individual,Automatic,1,1497,18.4,Hyderabad,Grey,9
6455,Maruti Swift,2024,8.48,5.54,33323,Petrol,Dealer,Manual,1,1199,12.7,Gurugram,Blue,2
6456,Skoda Slavia,2022,16.71,11.16,16624,Petrol,Dealer,Automatic,1,2393,21.7,Amritsar,Blue,4
6457,Ford EcoSport,2021,9.55,4.68,29517,Diesel,Dealer,Manual,0,1497,12.1,Noida,Black,5
6458,Toyota Fortuner,2021,36.67,14.0,54594,Diesel,Individual,Automatic,1,2179,25.4,Noida,White,5
6459,Tata Safari,2016,26.26,3.15,89378,Diesel,Individual,Automatic,0,1197,15.3,Mohali,Silver,10
6460,Tata Safari,2019,23.75,6.38,77565,Diesel,Individual,Automatic,0,1498,18.1,Pune,White,7
6461,Mahindra Bolero,2023,11.06,5.73,72347,Diesel,Dealer,Manual,0,1497,19.3,Amritsar,Silver,3
6462,Maruti Ertiga,2020,12.68,5.85,14914,Petrol,Dealer,Manual,1,2393,20.6,Chandigarh,Black,6
6463,Nissan Magnite,2024,7.94,6.08,10798,Petrol,Individual,Manual,1,2755,18.7,Gurugram,White,2
6464,Mahindra Scorpio,2017,20.5,2.46,84130,Diesel,Individual,Manual,0,799,19.6,Amritsar,White,9
6465,Volkswagen Virtus,2016,17.94,2.15,62396,Petrol,Dealer,Automatic,0,1497,16.6,Mohali,Black,10
6466,Tata Altroz,2021,9.05,4.89,11091,Petrol,Dealer,Manual,1,1498,13.7,Gurugram,Black,5
6467,Toyota Fortuner,2019,41.17,11.53,63982,Diesel,Individual,Automatic,1,799,12.4,Lucknow,Brown,7
6468,Maruti Brezza,2025,12.91,9.85,38219,Petrol,Individual,Manual,0,1197,19.5,Gurugram,Grey,1
6469,Renault Kiger,2017,9.97,1.2,78630,Petrol,Individual,Manual,0,998,22.4,Chennai,Red,9
6470,Ford EcoSport,2015,9.12,1.09,74963,Diesel,Dealer,Manual,0,1956,18.1,Amritsar,Brown,11
6471,Tata Harrier,2024,20.16,16.79,25328,Diesel,Dealer,Manual,1,1498,14.6,Mohali,Grey,2
6472,Maruti Baleno,2013,8.35,1.0,94393,Petrol,Individual,Manual,1,1497,14.4,Mohali,Grey,13
6473,Tata Tiago,2019,7.62,2.52,30137,Petrol,Dealer,Manual,1,2179,21.9,Mohali,Red,7
6474,Skoda Rapid,2022,10.59,5.44,35346,Diesel,Dealer,Manual,2,1997,16.3,Pune,Black,4
6475,Tata Tiago,2021,7.77,3.31,40184,Petrol,Individual,Manual,2,1197,18.8,Mumbai,Black,5
6476,Mahindra Thar,2013,18.07,2.17,128012,Diesel,Dealer,Manual,0,1956,13.0,Bengaluru,Red,13
6477,Kia Sonet,2012,11.33,1.36,84776,Petrol,Dealer,Manual,0,1956,25.1,Lucknow,Black,14
6478,Honda Amaze,2015,9.09,1.09,140709,Petrol,Individual,Manual,2,998,25.2,Hyderabad,Silver,11
6479,Maruti Ciaz,2015,10.2,1.22,129040,Petrol,Dealer,Manual,0,1597,13.7,Mumbai,White,11
6480,Tata Harrier,2025,22.16,19.39,15128,Diesel,Individual,Manual,0,998,20.5,Pune,Grey,1
6481,Kia Seltos,2025,15.71,12.11,31507,Diesel,Individual,Manual,1,2393,22.1,Delhi,Grey,1
6482,Maruti Baleno,2018,9.35,1.82,77889,Petrol,Dealer,Manual,0,2393,21.3,Chennai,Red,8
6483,Tata Safari,2015,25.68,3.08,100709,Diesel,Dealer,Automatic,0,1497,25.4,Ludhiana,White,11
6484,Kia Seltos,2012,18.95,2.27,104207,Diesel,Dealer,Manual,2,998,17.7,Hyderabad,White,14
6485,Nissan Magnite,2025,9.66,8.62,13344,Petrol,Dealer,Manual,0,1997,16.3,Jaipur,Black,1
6486,Maruti Dzire,2018,8.6,1.03,70425,Petrol,Dealer,Manual,1,1956,13.3,Chennai,White,8
6487,Tata Altroz,2018,8.95,2.23,46242,Petrol,Dealer,Manual,0,2393,18.4,Pune,Grey,8
6488,Tata Nexon,2022,13.1,6.5,40208,Petrol,Individual,Manual,3,1498,23.3,Ludhiana,Red,4
6489,Hyundai Grand i10,2024,7.7,6.01,18591,Petrol,Dealer,Manual,0,1956,17.4,Pune,Blue,2
6490,Hyundai Venue,2022,12.49,5.85,56844,Petrol,Individual,Manual,0,1497,16.7,Jaipur,Grey,4
6491,Tata Tiago,2021,6.63,2.88,34094,Petrol,Individual,Manual,0,799,14.3,Kolkata,Brown,5
6492,Honda City,2013,13.45,1.61,92113,Petrol,Individual,Manual,1,2393,15.8,Amritsar,Black,13
6493,Toyota Glanza,2022,8.99,4.68,18828,Petrol,Individual,Manual,2,1498,20.3,Jaipur,Grey,4
6494,Kia Seltos,2016,18.27,2.19,85936,Diesel,Dealer,Manual,0,2179,21.8,Amritsar,White,10
6495,Hyundai Grand i10,2023,7.44,5.19,27120,Petrol,Individual,Manual,0,2755,21.2,Mohali,Red,3
6496,Mahindra Scorpio,2017,22.04,2.65,104206,Diesel,Dealer,Manual,1,2179,18.7,Pune,Grey,9
6497,Hyundai i20,2014,8.51,1.02,118516,Petrol,Individual,Manual,0,1597,21.9,Chandigarh,Brown,12
6498,Hyundai i20,2025,8.54,8.28,5211,Petrol,Dealer,Manual,0,998,21.7,Mohali,White,1
6499,Skoda Rapid,2012,10.03,1.2,114725,Diesel,Dealer,Manual,0,1997,21.2,Lucknow,White,14
6500,Maruti Wagon R,2020,5.92,1.95,48909,Petrol,Dealer,Manual,0,1597,16.9,Gurugram,Red,6
6501,Maruti Wagon R,2014,5.73,0.69,76698,Petrol,Dealer,Manual,1,1197,17.2,Gurugram,White,12
6502,Honda City,2024,15.87,12.78,16794,Petrol,Dealer,Manual,0,1956,19.0,Delhi,White,2
6503,Maruti Ciaz,2022,11.63,5.72,52705,Petrol,Dealer,Manual,1,998,20.0,Gurugram,Red,4
6504,Tata Nexon,2024,12.9,8.29,38862,Petrol,Dealer,Manual,1,1497,18.8,Mohali,White,2
6505,Skoda Rapid,2017,8.82,1.06,69428,Diesel,Dealer,Manual,0,1497,20.9,Chandigarh,Red,9
6506,Maruti Fronx,2018,10.87,1.3,72974,Petrol,Dealer,Manual,0,799,23.2,Kolkata,Red,8
6507,Ford EcoSport,2020,9.44,4.45,46571,Diesel,Dealer,Manual,0,1497,22.5,Jaipur,Silver,6
6508,Skoda Rapid,2012,10.8,1.3,122414,Diesel,Individual,Manual,1,1498,16.4,Ludhiana,Red,14
6509,Toyota Glanza,2013,8.7,1.04,127002,Petrol,Individual,Manual,0,1197,19.0,Mumbai,Red,13
6510,Maruti Dzire,2022,9.66,6.65,2500,Petrol,Dealer,Manual,1,1497,18.2,Mohali,Red,4
6511,Ford EcoSport,2013,9.57,1.15,91284,Diesel,Individual,Manual,1,1997,14.9,Bengaluru,Red,13
6512,Tata Tiago,2023,7.47,5.09,2500,Petrol,Individual,Manual,1,1597,20.3,Delhi,Brown,3
6513,Maruti Fronx,2012,10.18,1.22,125099,Petrol,Dealer,Manual,0,2755,23.7,Pune,Red,14
6514,Maruti Ertiga,2012,12.31,1.48,72619,Petrol,Dealer,Manual,1,2179,13.5,Noida,Brown,14
6515,MG Hector,2018,19.4,2.33,79653,Petrol,Dealer,Automatic,0,2755,21.3,Gurugram,Black,8
6516,Hyundai Alcazar,2014,20.29,2.43,105080,Diesel,Dealer,Automatic,1,1498,24.3,Gurugram,Brown,12
6517,Skoda Slavia,2016,16.28,1.95,98815,Petrol,Dealer,Automatic,2,1498,24.6,Jaipur,Silver,10
6518,Maruti Fronx,2024,9.96,6.6,28610,Petrol,Dealer,Manual,2,1497,24.9,Lucknow,Grey,2
6519,Honda City,2022,16.5,7.01,75296,Petrol,Dealer,Manual,0,2755,17.2,Bengaluru,Grey,4
6520,Renault Kiger,2022,8.3,4.26,63292,Petrol,Dealer,Manual,0,2179,19.3,Ludhiana,Black,4
6521,Honda Elevate,2025,15.16,10.69,58386,Petrol,Dealer,Manual,0,799,21.8,Kolkata,Blue,1
6522,Hyundai Alcazar,2024,22.39,18.28,2500,Diesel,Dealer,Automatic,1,2755,15.0,Delhi,Black,2
6523,Mahindra XUV700,2012,24.06,2.89,122019,Diesel,Dealer,Automatic,1,1197,19.1,Amritsar,White,14
6524,Kia Seltos,2014,17.75,2.13,90280,Diesel,Individual,Manual,0,2393,16.0,Mohali,Red,12
6525,Toyota Innova Crysta,2024,23.97,16.38,23133,Diesel,Individual,Manual,3,799,15.0,Bengaluru,Silver,2
6526,Tata Harrier,2021,19.79,10.12,53608,Diesel,Dealer,Manual,0,2755,18.3,Mumbai,Silver,5
6527,Tata Harrier,2023,21.76,11.46,60912,Diesel,Dealer,Manual,1,998,20.5,Pune,Black,3
6528,Maruti Wagon R,2018,5.5,0.92,83680,Petrol,Individual,Manual,0,1497,12.6,Jaipur,Blue,8
6529,Maruti Baleno,2015,9.38,1.13,95596,Petrol,Dealer,Manual,1,2393,12.8,Hyderabad,Black,11
6530,Hyundai Grand i10,2015,7.34,0.88,87753,Petrol,Dealer,Manual,2,2393,24.0,Bengaluru,Grey,11
6531,Tata Nexon,2012,12.86,1.54,49861,Petrol,Dealer,Manual,1,1497,16.1,Pune,Grey,14
6532,Hyundai i20,2020,9.71,4.19,39752,Petrol,Individual,Manual,0,998,14.8,Ludhiana,Grey,6
6533,Tata Punch,2012,8.96,1.08,149096,Petrol,Individual,Manual,0,1199,17.1,Amritsar,Red,14
6534,Hyundai i20,2015,8.82,1.06,94309,Petrol,Individual,Manual,0,1997,16.3,Pune,Silver,11
6535,Kia Seltos,2019,18.51,4.2,67639,Diesel,Dealer,Manual,0,1199,24.5,Pune,Brown,7
6536,Tata Tiago,2021,7.59,3.66,35225,Petrol,Dealer,Manual,0,998,12.8,Lucknow,Black,5
6537,Tata Nexon,2023,13.15,7.32,64419,Petrol,Individual,Manual,0,1997,25.4,Gurugram,Red,3
6538,Mahindra Scorpio,2018,22.36,3.21,60471,Diesel,Dealer,Manual,0,1199,18.1,Bengaluru,Brown,8
6539,Kia Sonet,2020,13.5,4.78,43104,Petrol,Dealer,Manual,1,998,14.2,Hyderabad,Red,6
6540,Hyundai Venue,2013,13.43,1.61,122116,Petrol,Individual,Manual,1,1497,16.9,Chennai,Grey,13
6541,Skoda Rapid,2021,10.23,5.26,41056,Diesel,Individual,Manual,0,2179,24.2,Jaipur,Brown,5
6542,Tata Tiago,2019,6.69,1.02,67281,Petrol,Dealer,Manual,1,799,22.9,Pune,Grey,7
6543,Kia Seltos,2015,19.24,2.31,111038,Diesel,Dealer,Manual,0,1597,17.7,Hyderabad,Blue,11
6544,Renault Kiger,2021,9.6,4.72,18394,Petrol,Individual,Manual,2,998,24.8,Mumbai,Brown,5
6545,Maruti Swift,2025,9.11,6.95,27685,Petrol,Dealer,Manual,1,2393,23.3,Bengaluru,Brown,1
6546,Nissan Magnite,2024,8.74,6.44,37537,Petrol,Dealer,Manual,1,1197,16.9,Amritsar,White,2
6547,Maruti Baleno,2019,9.71,1.16,84894,Petrol,Dealer,Manual,1,1498,19.4,Kolkata,Red,7
6548,Maruti Fronx,2021,9.08,4.18,52307,Petrol,Dealer,Manual,1,1498,25.3,Hyderabad,White,5
6549,Mahindra XUV700,2024,24.85,17.57,2500,Diesel,Individual,Automatic,3,1497,21.4,Gurugram,Silver,2
6550,Maruti Ciaz,2015,11.0,1.32,116978,Petrol,Individual,Manual,0,1597,14.7,Lucknow,Red,11
6551,Ford EcoSport,2017,9.27,1.34,47579,Diesel,Dealer,Manual,0,799,23.0,Bengaluru,Grey,9
6552,Volkswagen Polo,2024,7.75,6.14,8940,Petrol,Dealer,Manual,0,2179,22.0,Chandigarh,Brown,2
6553,Kia Seltos,2023,17.81,10.4,32839,Diesel,Dealer,Manual,3,1997,21.3,Amritsar,Blue,3
6554,Jeep Compass,2014,28.58,3.43,94930,Diesel,Individual,Automatic,2,1997,24.0,Gurugram,Brown,12
6555,Maruti Fronx,2015,11.08,1.33,69776,Petrol,Dealer,Manual,1,799,20.8,Amritsar,Silver,11
6556,Maruti Alto,2017,4.26,0.74,39549,Petrol,Dealer,Manual,0,998,25.2,Mohali,White,9
6557,Renault Kwid,2012,4.61,0.55,112033,Petrol,Dealer,Manual,0,1197,18.0,Gurugram,Grey,14
6558,Maruti Ciaz,2022,11.36,6.9,34659,Petrol,Dealer,Manual,0,998,19.9,Noida,Silver,4
6559,Nissan Magnite,2017,8.63,1.04,58768,Petrol,Individual,Manual,0,1497,25.0,Bengaluru,Silver,9
6560,Hyundai Venue,2022,10.67,6.18,40138,Petrol,Individual,Manual,1,1199,23.6,Chennai,Black,4
6561,Mahindra Scorpio,2020,20.56,6.92,59604,Diesel,Dealer,Manual,1,1997,12.6,Hyderabad,Blue,6
6562,Mahindra Scorpio,2013,20.81,2.5,135260,Diesel,Dealer,Manual,0,1199,15.3,Mohali,Silver,13
6563,Hyundai Venue,2012,13.06,1.57,83530,Petrol,Dealer,Manual,0,2179,21.2,Mohali,Brown,14
6564,Tata Altroz,2012,9.52,1.14,136714,Petrol,Dealer,Manual,0,2755,24.9,Ludhiana,Grey,14
6565,Tata Safari,2018,26.45,3.17,67453,Diesel,Dealer,Automatic,2,2755,16.2,Ludhiana,Grey,8
6566,Ford EcoSport,2025,9.58,8.83,2500,Diesel,Dealer,Manual,0,2755,13.8,Pune,Blue,1
6567,Honda Amaze,2023,9.35,5.39,58518,Petrol,Individual,Manual,1,1597,12.0,Hyderabad,White,3
6568,Honda City,2017,16.62,1.99,80338,Petrol,Individual,Manual,0,2755,14.3,Pune,Black,9
6569,Honda Elevate,2012,16.64,2.0,95530,Petrol,Dealer,Manual,0,2179,15.7,Delhi,Silver,14
6570,Maruti Swift,2024,8.26,6.18,21191,Petrol,Individual,Manual,0,799,18.9,Noida,Black,2
6571,Maruti Baleno,2012,9.71,1.17,115939,Petrol,Individual,Manual,0,998,16.5,Hyderabad,Silver,14
6572,Tata Tiago,2020,6.2,2.83,20453,Petrol,Dealer,Manual,1,2755,18.4,Mumbai,Blue,6
6573,Toyota Glanza,2023,8.62,5.72,26555,Petrol,Individual,Manual,2,998,18.6,Chandigarh,Grey,3
6574,Volkswagen Virtus,2018,17.52,3.3,52700,Petrol,Dealer,Automatic,1,1199,16.5,Kolkata,Blue,8
6575,Mahindra Scorpio,2016,17.66,2.12,64879,Diesel,Dealer,Manual,2,1956,21.8,Mohali,Blue,10
6576,Tata Punch,2014,8.81,1.06,69568,Petrol,Individual,Manual,1,2755,17.1,Delhi,Black,12
6577,Hyundai i20,2017,9.55,1.15,112743,Petrol,Dealer,Manual,0,799,12.7,Mohali,Blue,9
6578,Volkswagen Polo,2024,7.42,5.5,23274,Petrol,Individual,Manual,1,2179,12.5,Delhi,Brown,2
6579,Hyundai Creta,2021,17.23,6.62,55815,Diesel,Dealer,Manual,2,998,24.6,Delhi,Blue,5
6580,Toyota Glanza,2019,8.11,2.57,39949,Petrol,Dealer,Manual,0,2179,14.2,Ludhiana,Brown,7
6581,Tata Tiago,2012,6.78,0.81,89568,Petrol,Dealer,Manual,2,1956,23.3,Pune,Grey,14
6582,Maruti Ciaz,2023,12.38,8.48,40552,Petrol,Individual,Manual,0,1199,15.9,Mohali,Silver,3
6583,Mahindra Scorpio,2016,20.33,2.44,61409,Diesel,Dealer,Manual,2,2179,13.2,Lucknow,White,10
6584,Hyundai Creta,2025,16.13,15.1,6483,Diesel,Dealer,Manual,0,799,19.8,Amritsar,Grey,1
6585,Hyundai Creta,2025,15.18,12.48,24752,Diesel,Dealer,Manual,1,1197,16.5,Delhi,Black,1
6586,Toyota Innova Crysta,2017,27.59,3.31,101599,Diesel,Dealer,Manual,0,2393,21.3,Jaipur,Brown,9
6587,Kia Seltos,2025,19.53,15.25,42924,Diesel,Individual,Manual,0,2179,23.4,Hyderabad,Blue,1
6588,Mahindra Bolero,2019,9.26,1.88,67986,Diesel,Dealer,Manual,2,2755,19.0,Lucknow,Black,7
6589,Hyundai Grand i10,2025,6.66,5.89,2500,Petrol,Dealer,Manual,1,1497,23.4,Mohali,White,1
6590,Kia Seltos,2013,19.03,2.28,92876,Diesel,Dealer,Manual,0,2755,23.8,Gurugram,Blue,13
6591,Tata Tiago,2018,7.45,1.37,67924,Petrol,Individual,Manual,2,1997,18.8,Noida,Black,8
6592,Maruti Swift,2014,7.5,0.9,106891,Petrol,Individual,Manual,0,799,22.1,Pune,Brown,12
6593,Tata Nexon,2012,10.83,1.3,109168,Petrol,Dealer,Manual,1,2179,25.2,Mumbai,Silver,14
6594,Tata Tiago,2017,7.15,0.88,50840,Petrol,Individual,Manual,1,2393,13.3,Delhi,Red,9
6595,Maruti Dzire,2024,9.01,7.81,2500,Petrol,Dealer,Manual,1,2393,14.8,Hyderabad,Black,2
6596,Tata Punch,2014,8.12,0.97,92665,Petrol,Individual,Manual,1,1597,13.7,Jaipur,White,12
6597,Toyota Glanza,2020,8.05,3.7,26640,Petrol,Dealer,Manual,0,1498,20.5,Ludhiana,Black,6
6598,MG Hector,2014,20.85,2.5,40336,Petrol,Individual,Automatic,1,1997,23.0,Mohali,White,12
6599,Maruti Dzire,2024,8.35,6.47,28551,Petrol,Dealer,Manual,0,1597,21.0,Bengaluru,Black,2
6600,Honda City,2024,15.49,11.06,30356,Petrol,Individual,Manual,0,1199,15.6,Ludhiana,Brown,2
6601,Ford EcoSport,2021,9.54,4.18,49809,Diesel,Individual,Manual,0,1997,20.2,Noida,Red,5
6602,Mahindra Bolero,2017,10.51,1.26,49582,Diesel,Dealer,Manual,1,799,19.7,Ludhiana,Grey,9
6603,Toyota Fortuner,2025,39.87,35.36,23191,Diesel,Dealer,Automatic,0,2755,16.9,Ludhiana,White,1
6604,Maruti Ertiga,2019,11.07,3.41,54434,Petrol,Individual,Manual,0,998,15.3,Noida,Silver,7
6605,Toyota Innova Crysta,2023,23.49,15.91,30373,Diesel,Dealer,Manual,0,1956,24.3,Pune,Grey,3
6606,Tata Altroz,2013,8.79,1.05,85117,Petrol,Individual,Manual,0,1597,23.3,Chandigarh,Red,13
6607,Ford EcoSport,2013,10.59,1.27,106508,Diesel,Dealer,Manual,0,1199,24.5,Delhi,Black,13
6608,Skoda Slavia,2019,17.69,2.81,67835,Petrol,Dealer,Automatic,2,799,24.3,Delhi,Blue,7
6609,Hyundai Grand i10,2012,6.32,0.76,112559,Petrol,Individual,Manual,1,2393,14.4,Jaipur,Red,14
6610,Hyundai Alcazar,2015,19.35,2.32,47635,Diesel,Dealer,Automatic,2,799,17.3,Kolkata,Silver,11
6611,Mahindra XUV700,2025,27.17,25.09,6483,Diesel,Dealer,Automatic,0,1498,21.9,Mumbai,White,1
6612,Hyundai Verna,2016,15.67,1.88,96006,Petrol,Dealer,Manual,2,1956,25.3,Mumbai,White,10
6613,Maruti Brezza,2020,11.95,3.71,62264,Petrol,Individual,Manual,0,1498,24.3,Noida,Grey,6
6614,Renault Kwid,2019,5.31,2.24,11584,Petrol,Dealer,Manual,0,1197,23.1,Gurugram,Brown,7
6615,Renault Kwid,2023,5.11,3.83,4728,Petrol,Individual,Manual,0,1199,24.0,Bengaluru,Silver,3
6616,Mahindra Bolero,2015,9.94,1.19,74989,Diesel,Individual,Manual,1,2755,19.7,Ludhiana,Grey,11
6617,Hyundai Creta,2021,16.56,8.28,33778,Diesel,Individual,Manual,1,1199,19.3,Mohali,Grey,5
6618,Jeep Compass,2016,25.52,3.06,73403,Diesel,Dealer,Automatic,1,1199,17.5,Bengaluru,Grey,10
6619,Honda Amaze,2017,8.94,1.07,69040,Petrol,Dealer,Manual,1,1597,13.5,Kolkata,Blue,9
6620,Tata Tiago,2021,6.23,2.76,56000,Petrol,Individual,Manual,0,2755,22.0,Hyderabad,Black,5
6621,Hyundai Grand i10,2018,6.59,0.98,77819,Petrol,Individual,Manual,0,1199,12.8,Chandigarh,Brown,8
6622,Honda Amaze,2025,9.12,7.83,18700,Petrol,Individual,Manual,0,1498,25.3,Pune,Blue,1
6623,Honda Amaze,2024,8.05,6.02,41800,Petrol,Individual,Manual,0,1197,23.2,Mohali,Grey,2
6624,Tata Tiago,2025,6.84,5.93,18293,Petrol,Individual,Manual,0,1199,23.5,Kolkata,Black,1
6625,Tata Tiago,2021,6.82,3.51,35704,Petrol,Individual,Manual,0,1199,17.6,Mumbai,Red,5
6626,Kia Sonet,2012,12.88,1.55,66614,Petrol,Dealer,Manual,1,1956,17.8,Pune,Silver,14
6627,Ford EcoSport,2021,9.59,4.52,32185,Diesel,Individual,Manual,1,1997,19.2,Noida,Brown,5
6628,Skoda Rapid,2016,8.97,1.08,71102,Diesel,Dealer,Manual,1,1597,14.0,Pune,Red,10
6629,Tata Safari,2015,24.57,2.95,116377,Diesel,Dealer,Automatic,0,2393,19.7,Kolkata,Red,11
6630,Maruti Swift,2024,9.07,6.1,57460,Petrol,Dealer,Manual,0,2179,14.4,Amritsar,Brown,2
6631,Honda Amaze,2020,8.97,3.3,36533,Petrol,Individual,Manual,1,1597,18.8,Hyderabad,White,6
6632,Skoda Slavia,2017,15.92,1.91,109051,Petrol,Individual,Automatic,0,1197,13.7,Jaipur,Brown,9
6633,Honda Elevate,2019,14.27,3.49,66532,Petrol,Dealer,Manual,0,2179,12.9,Mohali,Black,7
6634,Maruti Ciaz,2015,12.23,1.47,85194,Petrol,Individual,Manual,0,1197,23.8,Chennai,Silver,11
6635,Renault Kiger,2020,10.01,3.56,49821,Petrol,Individual,Manual,1,1498,21.2,Hyderabad,White,6
6636,Toyota Glanza,2015,8.71,1.05,93760,Petrol,Dealer,Manual,1,1997,19.2,Kolkata,Silver,11
6637,Ford EcoSport,2017,8.67,1.04,77171,Diesel,Dealer,Manual,1,1997,18.6,Mumbai,Silver,9
6638,Mahindra Bolero,2013,10.93,1.31,124450,Diesel,Dealer,Manual,0,2393,25.0,Lucknow,White,13
6639,Maruti Dzire,2016,8.86,1.06,83740,Petrol,Individual,Manual,1,1956,13.7,Mohali,Silver,10
6640,Nissan Magnite,2016,8.2,0.98,79184,Petrol,Dealer,Manual,0,2179,19.0,Bengaluru,Black,10
6641,Toyota Fortuner,2025,40.79,31.29,32899,Diesel,Individual,Automatic,1,1498,24.6,Amritsar,Black,1
6642,Mahindra XUV700,2020,28.07,8.5,65681,Diesel,Dealer,Automatic,0,2179,23.5,Gurugram,White,6
6643,Hyundai Alcazar,2021,21.26,9.09,67844,Diesel,Individual,Automatic,0,1997,16.8,Gurugram,White,5
6644,Toyota Glanza,2019,9.57,2.45,70945,Petrol,Individual,Manual,0,2393,19.5,Bengaluru,Silver,7
6645,Maruti Baleno,2013,8.26,0.99,92725,Petrol,Individual,Manual,3,1997,16.5,Pune,Red,13
6646,Toyota Fortuner,2013,44.24,5.31,118422,Diesel,Dealer,Automatic,0,1597,14.7,Kolkata,Black,13
6647,Tata Safari,2022,26.21,17.95,2500,Diesel,Individual,Automatic,0,2179,14.5,Mohali,Black,4
6648,Kia Seltos,2024,17.1,13.55,2500,Diesel,Dealer,Manual,1,1597,16.9,Amritsar,Brown,2
6649,Maruti Ciaz,2020,10.49,3.88,47885,Petrol,Individual,Manual,2,1197,14.1,Bengaluru,Silver,6
6650,Nissan Magnite,2017,9.29,1.11,92801,Petrol,Individual,Manual,0,2179,17.7,Ludhiana,Red,9
6651,Tata Altroz,2022,8.14,4.54,44391,Petrol,Individual,Manual,1,2179,21.3,Chennai,Blue,4
6652,Toyota Innova Crysta,2016,24.78,2.97,90000,Diesel,Dealer,Manual,1,2179,14.5,Chennai,Brown,10
6653,Maruti Swift,2014,7.37,0.88,134704,Petrol,Dealer,Manual,1,1597,17.1,Hyderabad,Brown,12
6654,Skoda Slavia,2012,18.8,2.26,134237,Petrol,Dealer,Automatic,1,2755,21.5,Mumbai,Brown,14
6655,Renault Kiger,2024,8.87,6.86,18114,Petrol,Dealer,Manual,0,2755,24.4,Mumbai,White,2
6656,Honda City,2019,13.91,3.06,92829,Petrol,Dealer,Manual,0,1956,17.9,Mumbai,Silver,7
6657,Skoda Rapid,2022,9.64,5.61,39223,Diesel,Dealer,Manual,1,998,20.3,Amritsar,Black,4
6658,Tata Altroz,2018,9.47,1.14,93310,Petrol,Dealer,Manual,1,1197,12.4,Bengaluru,Grey,8
6659,Honda Amaze,2024,9.46,7.22,3599,Petrol,Dealer,Manual,2,799,14.9,Ludhiana,Black,2
6660,Hyundai Verna,2021,13.79,7.1,30515,Petrol,Dealer,Manual,2,1197,24.6,Gurugram,Red,5
6661,Toyota Fortuner,2013,42.66,5.12,169141,Diesel,Dealer,Automatic,1,1997,16.4,Mumbai,Grey,13
6662,Honda Amaze,2019,9.47,2.66,52470,Petrol,Dealer,Manual,0,1497,21.1,Gurugram,Blue,7
6663,Toyota Fortuner,2025,43.8,41.42,2500,Diesel,Dealer,Automatic,0,1498,19.1,Chennai,White,1
6664,Tata Harrier,2013,17.72,2.13,96405,Diesel,Dealer,Manual,3,799,17.6,Hyderabad,Red,13
6665,Tata Tiago,2025,6.89,5.94,13283,Petrol,Individual,Manual,1,1197,16.9,Chennai,White,1
6666,Jeep Compass,2012,24.54,2.95,102970,Diesel,Individual,Automatic,0,1199,22.8,Gurugram,Grey,14
6667,Hyundai Verna,2019,14.91,3.71,76893,Petrol,Dealer,Manual,0,1498,12.9,Chandigarh,Silver,7
6668,Maruti Alto,2012,4.6,0.55,110552,Petrol,Dealer,Manual,1,1956,17.8,Pune,Blue,14
6669,Volkswagen Polo,2022,8.03,3.64,47763,Petrol,Individual,Manual,2,1199,22.5,Amritsar,White,4
6670,Hyundai Venue,2022,11.67,5.73,45189,Petrol,Dealer,Manual,0,1498,22.3,Mumbai,Blue,4
6671,Volkswagen Polo,2014,8.5,1.02,117638,Petrol,Dealer,Manual,1,1597,18.1,Mumbai,Black,12
6672,MG Hector,2024,21.95,18.67,8781,Petrol,Individual,Automatic,0,1199,20.0,Mohali,Brown,2
6673,Maruti Alto,2022,3.93,1.95,46858,Petrol,Dealer,Manual,1,998,19.3,Ludhiana,Silver,4
6674,Maruti Wagon R,2025,6.56,5.99,11892,Petrol,Dealer,Manual,0,1199,14.1,Kolkata,Red,1
6675,Kia Seltos,2016,18.87,2.34,46894,Diesel,Dealer,Manual,0,1497,22.3,Kolkata,White,10
6676,Kia Sonet,2021,11.07,3.74,45112,Petrol,Individual,Manual,3,998,22.5,Kolkata,Silver,5
6677,Maruti Dzire,2015,10.0,1.2,139204,Petrol,Dealer,Manual,1,998,14.4,Pune,Blue,11
6678,Ford EcoSport,2020,9.38,4.6,26414,Diesel,Individual,Manual,0,1199,16.3,Chandigarh,Grey,6
6679,Nissan Magnite,2016,8.83,1.06,110278,Petrol,Individual,Manual,0,1498,17.4,Chandigarh,Silver,10
6680,Tata Safari,2025,24.89,20.27,30766,Diesel,Individual,Automatic,0,1997,19.6,Mumbai,Silver,1
6681,Renault Kiger,2019,10.07,1.74,84590,Petrol,Dealer,Manual,1,1597,17.0,Kolkata,Silver,7
6682,Maruti Brezza,2018,13.07,3.15,69795,Petrol,Dealer,Manual,0,1597,14.5,Jaipur,Silver,8
6683,Skoda Slavia,2013,17.1,2.05,93657,Petrol,Dealer,Automatic,1,1199,20.1,Noida,Black,13
6684,Kia Seltos,2018,16.42,3.67,46393,Diesel,Dealer,Manual,0,799,16.8,Chandigarh,Grey,8
6685,Skoda Slavia,2024,18.94,14.95,37311,Petrol,Dealer,Automatic,0,1497,12.7,Amritsar,Silver,2
6686,Mahindra Thar,2024,18.85,14.14,15449,Diesel,Individual,Manual,1,998,13.0,Noida,White,2
6687,Hyundai i20,2016,8.59,1.03,87099,Petrol,Dealer,Manual,1,1956,18.1,Bengaluru,Blue,10
6688,Tata Harrier,2020,21.73,11.08,20117,Diesel,Individual,Manual,0,799,18.5,Ludhiana,Brown,6
6689,Hyundai Grand i10,2025,7.23,5.55,20688,Petrol,Individual,Manual,0,998,17.6,Mumbai,White,1
6690,Honda Elevate,2012,16.33,1.96,86292,Petrol,Individual,Manual,0,1497,24.5,Hyderabad,Grey,14
6691,Honda City,2020,13.94,6.35,33752,Petrol,Individual,Manual,0,1498,14.9,Hyderabad,Red,6
6692,Skoda Slavia,2021,15.14,6.71,43778,Petrol,Dealer,Automatic,0,1956,16.9,Mumbai,White,5
6693,MG Hector,2018,19.39,2.33,77624,Petrol,Individual,Automatic,1,1997,13.7,Noida,Silver,8
6694,Toyota Innova Crysta,2013,23.71,2.85,107200,Diesel,Individual,Manual,0,1197,17.9,Noida,Red,13
6695,Kia Seltos,2019,17.69,2.35,98476,Diesel,Individual,Manual,0,799,17.6,Noida,Black,7
6696,Maruti Ertiga,2023,11.12,7.01,25317,Petrol,Dealer,Manual,1,2179,21.6,Hyderabad,White,3
6697,Hyundai i20,2017,8.48,1.02,86276,Petrol,Dealer,Manual,1,1197,18.4,Gurugram,Red,9
6698,Toyota Fortuner,2025,35.59,25.02,58068,Diesel,Dealer,Automatic,0,2393,22.8,Chennai,Blue,1
6699,Maruti Fronx,2023,8.92,4.95,61728,Petrol,Dealer,Manual,1,998,25.5,Lucknow,Silver,3
6700,Kia Sonet,2015,12.6,1.51,93247,Petrol,Individual,Manual,0,799,23.0,Bengaluru,Black,11
6701,Ford EcoSport,2022,10.29,5.09,58656,Diesel,Dealer,Manual,0,1197,13.3,Bengaluru,White,4
6702,Nissan Magnite,2015,9.05,1.09,131172,Petrol,Individual,Manual,1,1597,18.8,Chennai,Blue,11
6703,Hyundai Alcazar,2013,21.66,2.6,99114,Diesel,Individual,Automatic,0,1498,23.0,Kolkata,Silver,13
6704,Toyota Innova Crysta,2024,23.04,19.84,2500,Diesel,Individual,Manual,0,998,21.7,Amritsar,Red,2
6705,Maruti Wagon R,2012,5.34,0.64,107513,Petrol,Individual,Manual,0,1997,22.0,Chandigarh,Silver,14
6706,Hyundai Alcazar,2024,23.25,19.56,2500,Diesel,Dealer,Automatic,0,799,13.8,Kolkata,Silver,2
6707,Tata Punch,2012,8.68,1.04,131788,Petrol,Individual,Manual,0,1498,14.0,Hyderabad,Black,14
6708,Ford EcoSport,2012,8.74,1.05,102334,Diesel,Dealer,Manual,1,799,20.9,Lucknow,Blue,14
6709,Tata Nexon,2019,12.62,3.77,36886,Petrol,Individual,Manual,1,1497,23.4,Kolkata,White,7
6710,Skoda Slavia,2025,15.24,13.1,2500,Petrol,Dealer,Automatic,1,1997,18.3,Mohali,Blue,1
6711,Hyundai Verna,2021,16.52,7.4,39763,Petrol,Dealer,Manual,0,1997,21.6,Amritsar,Brown,5
6712,Kia Sonet,2013,11.81,1.42,107401,Petrol,Dealer,Manual,0,1997,14.7,Noida,Black,13
6713,Hyundai i20,2023,9.26,7.02,2500,Petrol,Dealer,Manual,0,1597,23.1,Amritsar,Silver,3
6714,Skoda Rapid,2024,9.88,8.15,15557,Diesel,Individual,Manual,0,1597,25.3,Kolkata,Red,2
6715,Toyota Glanza,2024,9.77,5.98,48303,Petrol,Dealer,Manual,1,998,21.6,Delhi,Black,2
6716,Maruti Wagon R,2021,5.72,3.06,43246,Petrol,Dealer,Manual,0,998,13.1,Hyderabad,Brown,5
6717,Toyota Glanza,2018,8.73,1.4,75623,Petrol,Dealer,Manual,0,2755,23.6,Chennai,Brown,8
6718,Ford EcoSport,2019,8.9,3.84,23542,Diesel,Individual,Manual,0,2179,15.8,Jaipur,Red,7
6719,Renault Kiger,2025,8.82,7.02,26862,Petrol,Dealer,Manual,1,1197,12.4,Jaipur,Red,1
6720,Maruti Baleno,2021,9.34,4.56,41308,Petrol,Dealer,Manual,0,2755,23.5,Gurugram,White,5
6721,Honda Elevate,2021,14.69,6.08,63366,Petrol,Dealer,Manual,0,1997,22.3,Noida,Silver,5
6722,Hyundai i20,2014,9.89,1.19,81807,Petrol,Individual,Manual,0,998,13.5,Chennai,Red,12
6723,Mahindra Thar,2020,16.62,5.21,31290,Diesel,Individual,Manual,3,1197,25.0,Jaipur,White,6
6724,Hyundai Venue,2023,11.29,8.73,2500,Petrol,Dealer,Manual,1,1497,12.3,Amritsar,Silver,3
6725,Hyundai Alcazar,2012,21.67,2.6,116790,Diesel,Dealer,Automatic,1,1956,23.1,Chandigarh,Blue,14
6726,Maruti Brezza,2025,13.74,12.41,2500,Petrol,Dealer,Manual,0,1197,19.0,Mohali,Blue,1
6727,Maruti Dzire,2019,9.13,2.58,52051,Petrol,Individual,Manual,0,2755,16.4,Noida,Silver,7
6728,Maruti Wagon R,2018,6.45,0.77,109780,Petrol,Dealer,Manual,2,1956,19.3,Pune,Black,8
6729,Hyundai Verna,2012,16.2,1.94,137682,Petrol,Dealer,Manual,0,2755,23.7,Pune,Silver,14
6730,Maruti Baleno,2017,9.68,1.16,92637,Petrol,Dealer,Manual,0,1497,16.6,Kolkata,Blue,9
6731,Mahindra Bolero,2022,10.72,5.39,38832,Diesel,Individual,Manual,1,799,12.8,Bengaluru,Blue,4
6732,Maruti Dzire,2025,8.41,6.32,38018,Petrol,Dealer,Manual,0,1956,20.9,Chandigarh,Blue,1
6733,Tata Nexon,2022,13.31,6.23,63285,Petrol,Individual,Manual,1,2755,21.8,Pune,Grey,4
6734,Jeep Compass,2015,26.05,3.13,87498,Diesel,Individual,Automatic,0,2393,16.4,Kolkata,Black,11
6735,Maruti Fronx,2017,10.19,2.04,38383,Petrol,Dealer,Manual,0,998,21.9,Chandigarh,Red,9
6736,Hyundai Grand i10,2015,6.49,0.78,108467,Petrol,Dealer,Manual,0,799,21.1,Mumbai,Red,11
6737,Maruti Baleno,2013,8.02,0.96,115027,Petrol,Individual,Manual,1,1498,25.0,Lucknow,Grey,13
6738,Skoda Rapid,2014,10.88,1.31,68808,Diesel,Dealer,Manual,1,2179,13.2,Jaipur,Silver,12
6739,Hyundai Grand i10,2017,7.57,0.91,53110,Petrol,Individual,Manual,1,1497,24.7,Delhi,Brown,9
6740,Mahindra Thar,2018,16.26,2.7,63708,Diesel,Individual,Manual,0,1497,12.8,Pune,Red,8
6741,Honda Amaze,2018,8.33,1.0,68421,Petrol,Dealer,Manual,1,1197,23.9,Bengaluru,Silver,8
6742,Maruti Fronx,2017,9.1,1.09,97271,Petrol,Individual,Manual,0,1956,13.1,Mumbai,White,9
6743,Maruti Swift,2019,8.63,2.16,68577,Petrol,Individual,Manual,1,1497,12.8,Amritsar,Red,7
6744,Nissan Magnite,2023,8.72,5.94,2500,Petrol,Individual,Manual,0,2179,14.8,Chennai,White,3
6745,Nissan Magnite,2020,9.88,3.89,40330,Petrol,Dealer,Manual,0,1997,21.3,Pune,White,6
6746,Toyota Glanza,2018,9.14,1.66,88165,Petrol,Individual,Manual,0,998,12.3,Bengaluru,Grey,8
6747,Tata Altroz,2021,8.15,3.42,59746,Petrol,Individual,Manual,0,2179,21.8,Mumbai,White,5
6748,Honda Amaze,2013,9.48,1.14,55515,Petrol,Dealer,Manual,0,1997,23.1,Amritsar,Silver,13
6749,Hyundai Venue,2020,12.91,4.43,81304,Petrol,Individual,Manual,0,1199,18.4,Kolkata,Brown,6
6750,Maruti Dzire,2025,8.31,7.44,6570,Petrol,Individual,Manual,0,1498,19.7,Noida,Brown,1
6751,Renault Kwid,2018,5.06,1.05,47018,Petrol,Individual,Manual,1,1997,12.7,Ludhiana,Grey,8
6752,Nissan Magnite,2013,7.96,0.96,118554,Petrol,Dealer,Manual,1,1197,25.2,Pune,Brown,13
6753,Skoda Rapid,2013,9.5,1.14,133194,Diesel,Individual,Manual,1,1197,16.6,Bengaluru,Red,13
6754,Volkswagen Polo,2013,8.07,0.97,98294,Petrol,Individual,Manual,0,1497,18.0,Amritsar,Black,13
6755,Tata Altroz,2018,9.22,1.82,56699,Petrol,Dealer,Manual,1,1997,13.4,Hyderabad,Brown,8
6756,Maruti Dzire,2023,9.46,4.89,39773,Petrol,Dealer,Manual,3,998,15.2,Jaipur,Brown,3
6757,Tata Altroz,2013,9.63,1.16,118275,Petrol,Dealer,Manual,0,1497,18.8,Mumbai,Blue,13
6758,Toyota Innova Crysta,2023,24.91,16.88,16998,Diesel,Individual,Manual,1,1497,23.3,Chandigarh,Blue,3
6759,Skoda Slavia,2023,18.27,11.48,35095,Petrol,Individual,Automatic,1,2755,17.0,Hyderabad,Brown,3
6760,Skoda Rapid,2022,9.38,5.07,53084,Diesel,Dealer,Manual,1,1197,15.7,Chandigarh,Brown,4
6761,Volkswagen Polo,2025,7.1,5.37,32183,Petrol,Dealer,Manual,3,2393,17.2,Gurugram,Grey,1
6762,Maruti Alto,2015,4.61,0.55,56034,Petrol,Individual,Manual,0,2179,15.7,Chennai,Blue,11
6763,Renault Kiger,2016,9.93,1.19,80621,Petrol,Dealer,Manual,1,1497,24.7,Jaipur,Grey,10
6764,Maruti Wagon R,2025,5.36,4.24,26932,Petrol,Dealer,Manual,0,799,14.3,Amritsar,Red,1
6765,Toyota Fortuner,2016,41.71,5.01,82142,Diesel,Dealer,Automatic,0,1199,22.2,Lucknow,White,10
6766,Mahindra Bolero,2017,9.43,1.52,64803,Diesel,Dealer,Manual,1,2393,13.6,Lucknow,Red,9
6767,Skoda Rapid,2015,9.49,1.14,87137,Diesel,Individual,Manual,0,1997,18.6,Lucknow,Brown,11
6768,Maruti Baleno,2020,8.41,3.44,45246,Petrol,Individual,Manual,0,998,20.1,Hyderabad,Red,6
6769,Jeep Compass,2024,26.34,18.29,43969,Diesel,Dealer,Automatic,0,1597,15.4,Lucknow,Silver,2
6770,Ford EcoSport,2014,8.55,1.03,120223,Diesel,Dealer,Manual,0,1197,14.1,Gurugram,Blue,12
6771,Toyota Innova Crysta,2019,22.69,5.72,78241,Diesel,Dealer,Manual,0,1997,12.5,Delhi,Grey,7
6772,Mahindra Thar,2014,17.91,2.15,94891,Diesel,Individual,Manual,1,1197,16.8,Amritsar,Red,12
6773,Maruti Ertiga,2015,12.43,1.49,131390,Petrol,Dealer,Manual,1,2755,23.4,Bengaluru,Brown,11
6774,Tata Nexon,2020,13.3,3.64,79187,Petrol,Dealer,Manual,1,1497,12.9,Jaipur,Silver,6
6775,Mahindra Scorpio,2013,20.3,2.44,69724,Diesel,Dealer,Manual,1,799,16.4,Pune,Blue,13
6776,Tata Safari,2013,26.8,3.22,114653,Diesel,Dealer,Automatic,0,2755,13.9,Hyderabad,Silver,13
6777,Hyundai Creta,2019,15.01,3.56,71099,Diesel,Individual,Manual,0,2179,22.4,Kolkata,Brown,7
6778,Tata Altroz,2020,8.54,1.97,59208,Petrol,Individual,Manual,3,1997,20.6,Mumbai,Brown,6
6779,Tata Harrier,2020,20.79,9.31,34094,Diesel,Individual,Manual,0,998,12.7,Jaipur,Red,6
6780,Maruti Dzire,2014,9.41,1.13,129189,Petrol,Dealer,Manual,0,1956,16.9,Chandigarh,Red,12
6781,Mahindra Thar,2023,17.21,10.3,58749,Diesel,Dealer,Manual,0,2755,17.9,Hyderabad,Blue,3
6782,Mahindra Scorpio,2024,18.38,14.46,29307,Diesel,Individual,Manual,0,1197,14.7,Chandigarh,Silver,2
6783,Skoda Slavia,2015,16.24,1.95,89025,Petrol,Dealer,Automatic,0,1199,19.9,Pune,Silver,11
6784,Maruti Brezza,2024,12.15,10.1,9742,Petrol,Dealer,Manual,0,1497,24.4,Chennai,Black,2
6785,Kia Sonet,2018,12.35,1.98,71631,Petrol,Dealer,Manual,1,2179,12.5,Noida,Brown,8
6786,Mahindra Scorpio,2022,20.03,12.85,2500,Diesel,Dealer,Manual,1,2179,16.9,Chennai,White,4
6787,Toyota Glanza,2020,9.12,3.5,30133,Petrol,Individual,Manual,1,998,23.7,Chennai,Silver,6
6788,Hyundai Alcazar,2025,22.41,16.69,27077,Diesel,Dealer,Automatic,2,1498,20.9,Lucknow,Blue,1
6789,Jeep Compass,2021,27.33,13.83,33208,Diesel,Individual,Automatic,1,1197,22.0,Lucknow,White,5
6790,Maruti Baleno,2022,8.36,4.06,51542,Petrol,Individual,Manual,1,1197,21.9,Mumbai,Brown,4
6791,Hyundai i20,2014,10.0,1.2,137208,Petrol,Dealer,Manual,1,1956,13.0,Chandigarh,Black,12
6792,Renault Kwid,2024,5.29,3.17,47539,Petrol,Dealer,Manual,2,1199,12.1,Jaipur,Red,2
6793,Volkswagen Polo,2018,8.2,1.49,48376,Petrol,Dealer,Manual,1,1997,22.6,Gurugram,Grey,8
6794,Skoda Slavia,2016,16.11,1.93,116952,Petrol,Dealer,Automatic,0,2755,16.4,Noida,Blue,10
6795,Toyota Innova Crysta,2018,23.45,5.9,62419,Diesel,Dealer,Manual,1,2755,22.7,Lucknow,Blue,8
6796,Ford EcoSport,2020,9.27,3.39,49394,Diesel,Dealer,Manual,0,1497,20.4,Chandigarh,Red,6
6797,Maruti Alto,2019,3.82,0.64,70468,Petrol,Dealer,Manual,0,1199,21.8,Chennai,Black,7
6798,Hyundai Alcazar,2014,18.7,2.24,113605,Diesel,Dealer,Automatic,0,1199,23.4,Lucknow,Black,12
6799,Hyundai Creta,2017,15.34,1.84,59088,Diesel,Dealer,Manual,0,1497,23.7,Bengaluru,Blue,9
6800,Maruti Alto,2024,3.85,2.66,41120,Petrol,Dealer,Manual,1,2179,23.8,Gurugram,Grey,2
6801,Tata Nexon,2012,12.29,1.47,70194,Petrol,Individual,Manual,0,2393,21.9,Delhi,Black,14
6802,Renault Kiger,2019,8.36,1.54,89732,Petrol,Dealer,Manual,0,1197,23.5,Kolkata,White,7
6803,Hyundai Grand i10,2013,6.78,0.81,132140,Petrol,Dealer,Manual,0,1956,13.1,Mohali,Black,13
6804,Tata Punch,2017,9.62,1.15,68207,Petrol,Dealer,Manual,0,1997,14.2,Mumbai,White,9
6805,Skoda Rapid,2012,9.68,1.16,164411,Diesel,Individual,Manual,1,1997,12.9,Lucknow,Silver,14
6806,Mahindra Thar,2015,15.93,1.91,81573,Diesel,Dealer,Manual,0,2179,24.6,Amritsar,Black,11
6807,Tata Safari,2016,23.97,2.88,110724,Diesel,Individual,Automatic,2,1997,23.5,Ludhiana,Red,10
6808,Kia Sonet,2018,13.49,3.25,62144,Petrol,Dealer,Manual,0,1199,24.3,Jaipur,Blue,8
6809,Maruti Ciaz,2016,10.8,1.3,79349,Petrol,Dealer,Manual,1,1497,19.1,Chennai,Silver,10
6810,Maruti Alto,2025,4.15,3.68,2500,Petrol,Individual,Manual,1,1997,24.7,Amritsar,White,1
6811,Toyota Innova Crysta,2013,25.83,3.1,103092,Diesel,Individual,Manual,0,2393,18.8,Delhi,Blue,13
6812,Toyota Glanza,2014,10.02,1.2,99215,Petrol,Dealer,Manual,1,1597,23.4,Jaipur,Black,12
6813,Hyundai Verna,2013,15.73,1.89,53782,Petrol,Dealer,Manual,0,1956,20.1,Jaipur,Red,13
6814,Mahindra Thar,2013,18.26,2.19,88888,Diesel,Individual,Manual,0,1497,20.8,Bengaluru,Grey,13
6815,Mahindra Bolero,2020,9.63,4.9,33542,Diesel,Individual,Manual,0,1956,14.1,Chandigarh,Silver,6
6816,Maruti Wagon R,2017,5.49,0.74,64924,Petrol,Dealer,Manual,0,1956,15.4,Amritsar,Black,9
6817,Mahindra Thar,2023,17.92,12.05,33135,Diesel,Individual,Manual,0,799,13.4,Chandigarh,White,3
6818,Toyota Glanza,2017,8.62,1.03,67762,Petrol,Dealer,Manual,1,1497,19.4,Gurugram,Silver,9
6819,Honda Elevate,2016,17.42,2.09,92184,Petrol,Dealer,Manual,0,799,19.3,Lucknow,Black,10
6820,Skoda Slavia,2015,15.63,1.88,101725,Petrol,Dealer,Automatic,0,799,19.6,Amritsar,Brown,11
6821,Kia Seltos,2023,18.21,13.68,2500,Diesel,Dealer,Manual,0,1497,17.0,Delhi,Brown,3
6822,Skoda Slavia,2016,16.25,1.95,111155,Petrol,Dealer,Automatic,1,2179,15.2,Delhi,Blue,10
6823,Kia Seltos,2021,18.87,9.12,31426,Diesel,Dealer,Manual,0,1498,14.8,Mohali,Blue,5
6824,Maruti Wagon R,2022,6.07,3.63,19387,Petrol,Individual,Manual,0,2393,19.6,Bengaluru,Blue,4
6825,Tata Nexon,2017,11.6,1.39,53694,Petrol,Dealer,Manual,0,2179,17.6,Mohali,Silver,9
6826,Maruti Ertiga,2018,10.23,2.39,43705,Petrol,Individual,Manual,0,1497,17.4,Amritsar,Blue,8
6827,Honda City,2023,13.75,10.15,23463,Petrol,Individual,Manual,1,998,21.6,Delhi,Red,3
6828,Honda City,2022,15.93,8.89,49694,Petrol,Individual,Manual,0,1597,12.1,Jaipur,Silver,4
6829,Maruti Ertiga,2016,11.16,1.34,83283,Petrol,Individual,Manual,0,2393,24.8,Chandigarh,Silver,10
6830,Volkswagen Polo,2020,8.72,3.67,39733,Petrol,Dealer,Manual,0,799,13.6,Ludhiana,Silver,6
6831,Maruti Ertiga,2020,11.29,4.15,55130,Petrol,Dealer,Manual,1,1597,15.6,Hyderabad,Black,6
6832,Maruti Swift,2017,8.91,1.07,56008,Petrol,Individual,Manual,3,2755,19.3,Bengaluru,Red,9
6833,Mahindra Bolero,2022,9.79,6.56,2500,Diesel,Dealer,Manual,0,998,13.4,Mumbai,Grey,4
6834,Maruti Baleno,2018,9.04,1.08,105480,Petrol,Dealer,Manual,0,2393,18.3,Chandigarh,White,8
6835,Toyota Innova Crysta,2013,24.42,2.93,111834,Diesel,Dealer,Manual,1,2755,22.1,Chandigarh,White,13
6836,Maruti Brezza,2017,13.41,1.61,69139,Petrol,Dealer,Manual,1,2393,16.7,Hyderabad,White,9
6837,Kia Seltos,2023,17.91,10.22,54959,Diesel,Dealer,Manual,1,799,18.4,Noida,Blue,3
6838,Toyota Innova Crysta,2023,24.25,17.32,2500,Diesel,Dealer,Manual,1,2179,18.9,Chennai,Black,3
6839,Maruti Fronx,2012,8.86,1.06,167368,Petrol,Dealer,Manual,0,2179,23.7,Chandigarh,Grey,14
6840,Maruti Brezza,2013,12.39,1.49,70718,Petrol,Individual,Manual,0,1997,19.6,Gurugram,Grey,13
6841,Kia Sonet,2021,11.88,3.37,108923,Petrol,Dealer,Manual,2,1956,21.9,Chandigarh,Blue,5
6842,Kia Seltos,2012,18.9,2.27,135097,Diesel,Individual,Manual,1,1497,23.6,Jaipur,White,14
6843,Ford EcoSport,2020,9.94,3.47,71657,Diesel,Individual,Manual,1,998,20.0,Chennai,Red,6
6844,Hyundai Alcazar,2016,23.4,2.81,103149,Diesel,Individual,Automatic,0,998,14.7,Gurugram,Grey,10
6845,Kia Sonet,2016,11.4,1.37,102761,Petrol,Dealer,Manual,0,998,18.6,Bengaluru,Silver,10
6846,Tata Safari,2023,23.4,14.62,44259,Diesel,Dealer,Automatic,1,1197,14.2,Pune,White,3
6847,Skoda Slavia,2019,16.9,6.2,11662,Petrol,Dealer,Automatic,2,2755,22.3,Pune,Brown,7
6848,Tata Tiago,2019,6.96,0.83,76320,Petrol,Individual,Manual,3,2393,14.0,Jaipur,Blue,7
6849,Hyundai Alcazar,2019,18.85,2.26,83415,Diesel,Dealer,Automatic,1,1199,19.4,Mumbai,Black,7
6850,Hyundai Verna,2025,15.05,11.49,41475,Petrol,Dealer,Manual,2,1199,18.3,Hyderabad,Red,1
6851,Maruti Swift,2014,7.88,0.95,91613,Petrol,Dealer,Manual,0,2755,13.1,Lucknow,Red,12
6852,Tata Safari,2014,25.38,3.05,93575,Diesel,Individual,Automatic,0,1497,25.2,Jaipur,Red,12
6853,Hyundai Grand i10,2024,6.49,4.34,63743,Petrol,Individual,Manual,0,1997,14.7,Lucknow,Grey,2
6854,Kia Seltos,2020,15.78,8.59,27279,Diesel,Dealer,Manual,0,1497,24.9,Noida,Brown,6
6855,Maruti Ciaz,2025,10.56,9.38,11014,Petrol,Dealer,Manual,0,1997,13.5,Amritsar,Brown,1
6856,Maruti Ertiga,2014,10.76,1.29,107953,Petrol,Dealer,Manual,0,1199,21.0,Hyderabad,Grey,12
6857,Kia Seltos,2013,17.2,2.06,126628,Diesel,Dealer,Manual,1,799,12.6,Delhi,Black,13
6858,Honda Elevate,2018,15.86,2.37,74155,Petrol,Dealer,Manual,0,2755,18.9,Delhi,Black,8
6859,Honda City,2018,15.71,2.79,89316,Petrol,Individual,Manual,0,1197,24.4,Hyderabad,Red,8
6860,Toyota Fortuner,2017,38.84,4.96,68000,Diesel,Individual,Automatic,0,1197,20.1,Mumbai,Silver,9
6861,Mahindra XUV700,2016,22.64,2.72,38073,Diesel,Dealer,Automatic,1,1997,22.7,Mohali,Red,10
6862,Ford EcoSport,2021,8.73,3.59,74753,Diesel,Individual,Manual,0,1498,13.7,Ludhiana,Grey,5
6863,Renault Kwid,2015,5.18,0.62,84839,Petrol,Dealer,Manual,0,1197,16.5,Mohali,Silver,11
6864,Hyundai Venue,2013,11.37,1.36,109598,Petrol,Dealer,Manual,0,1597,13.7,Chandigarh,White,13
6865,Skoda Rapid,2014,10.13,1.22,86480,Diesel,Dealer,Manual,0,1197,22.7,Hyderabad,Black,12
6866,Honda City,2016,15.38,1.85,101357,Petrol,Dealer,Manual,0,1997,15.3,Chennai,Grey,10
6867,Hyundai Grand i10,2014,7.65,0.92,125036,Petrol,Dealer,Manual,0,1997,17.2,Ludhiana,Red,12
6868,Maruti Baleno,2020,8.07,3.55,41805,Petrol,Dealer,Manual,0,1597,14.7,Amritsar,Blue,6
6869,Mahindra Scorpio,2022,18.94,10.34,32085,Diesel,Individual,Manual,1,799,12.5,Jaipur,Grey,4
6870,Hyundai Venue,2022,11.7,7.1,18130,Petrol,Individual,Manual,1,2755,21.4,Ludhiana,Black,4
6871,Tata Tiago,2019,7.13,1.57,70160,Petrol,Individual,Manual,0,1497,13.0,Chennai,Red,7
6872,Renault Kiger,2021,8.34,3.56,36673,Petrol,Dealer,Manual,3,2179,12.2,Chennai,Black,5
6873,Toyota Fortuner,2022,41.12,26.03,19021,Diesel,Individual,Automatic,1,1597,16.7,Lucknow,Black,4
6874,Hyundai Venue,2016,12.94,1.55,91984,Petrol,Dealer,Manual,0,1498,25.1,Kolkata,Black,10
6875,Renault Kiger,2015,9.07,1.09,63419,Petrol,Individual,Manual,0,2755,13.7,Mumbai,White,11
6876,Hyundai Venue,2024,11.31,8.82,2500,Petrol,Dealer,Manual,1,1498,22.1,Lucknow,Brown,2
6877,Hyundai Venue,2018,12.78,2.34,52264,Petrol,Dealer,Manual,2,1997,13.0,Hyderabad,Blue,8
6878,Honda Amaze,2015,9.52,1.14,90707,Petrol,Dealer,Manual,0,1597,24.2,Lucknow,Blue,11
6879,Mahindra Bolero,2012,10.27,1.23,102919,Diesel,Dealer,Manual,0,2755,12.5,Kolkata,Grey,14
6880,Maruti Brezza,2024,11.9,9.18,14552,Petrol,Dealer,Manual,0,998,25.0,Jaipur,Red,2
6881,Toyota Innova Crysta,2020,27.45,9.44,65603,Diesel,Dealer,Manual,0,1956,19.8,Noida,Black,6
6882,Maruti Swift,2024,9.03,6.9,33587,Petrol,Dealer,Manual,0,1997,15.7,Delhi,Grey,2
6883,Tata Tiago,2018,6.74,0.98,74162,Petrol,Individual,Manual,0,2179,22.5,Chandigarh,Brown,8
6884,Mahindra XUV700,2012,26.07,3.13,119080,Diesel,Dealer,Automatic,1,1497,14.7,Lucknow,Grey,14
6885,Nissan Magnite,2016,8.57,1.03,121910,Petrol,Dealer,Manual,0,1199,21.9,Noida,Black,10
6886,Hyundai i20,2025,8.08,6.93,11276,Petrol,Dealer,Manual,0,1997,22.5,Noida,Black,1
6887,Tata Altroz,2016,9.59,1.15,76396,Petrol,Individual,Manual,0,1597,14.5,Lucknow,Brown,10
6888,Ford EcoSport,2016,10.13,1.22,97558,Diesel,Dealer,Manual,2,1497,17.2,Chennai,Blue,10
6889,Honda Amaze,2016,8.04,0.97,72127,Petrol,Dealer,Manual,0,1197,24.3,Jaipur,Black,10
6890,Ford EcoSport,2024,9.21,7.37,16356,Diesel,Dealer,Manual,0,799,15.7,Mohali,Silver,2
6891,Volkswagen Polo,2015,8.2,0.98,84913,Petrol,Individual,Manual,0,2755,17.7,Pune,Red,11
6892,Hyundai Creta,2015,18.41,2.21,103948,Diesel,Dealer,Manual,2,2393,22.7,Mohali,Red,11
6893,Maruti Swift,2012,8.47,1.02,90754,Petrol,Dealer,Manual,2,1199,16.9,Bengaluru,Red,14
6894,Maruti Swift,2019,8.26,1.46,77399,Petrol,Dealer,Manual,1,1199,22.1,Mumbai,Brown,7
6895,Volkswagen Polo,2020,7.64,3.25,39456,Petrol,Individual,Manual,0,1997,20.0,Amritsar,Brown,6
6896,Mahindra XUV700,2021,27.91,12.13,55909,Diesel,Individual,Automatic,2,2755,21.0,Mumbai,White,5
6897,Hyundai Alcazar,2013,23.72,2.85,112718,Diesel,Individual,Automatic,1,998,15.9,Delhi,White,13
6898,Volkswagen Virtus,2018,15.26,3.31,63571,Petrol,Dealer,Automatic,0,1497,14.5,Amritsar,Silver,8
6899,Hyundai Alcazar,2014,23.46,2.82,124095,Diesel,Dealer,Automatic,1,1956,16.6,Jaipur,Brown,12
6900,Hyundai Creta,2018,17.19,2.38,65284,Diesel,Dealer,Manual,1,799,21.9,Bengaluru,Black,8
6901,Tata Safari,2015,26.65,3.2,68450,Diesel,Dealer,Automatic,0,1997,23.7,Mohali,Black,11
6902,Toyota Innova Crysta,2015,23.9,2.87,87553,Diesel,Individual,Manual,0,2179,16.9,Amritsar,Red,11
6903,Kia Seltos,2017,16.52,2.25,53828,Diesel,Dealer,Manual,0,1956,21.5,Gurugram,Grey,9
6904,Maruti Wagon R,2016,5.38,0.65,64975,Petrol,Individual,Manual,1,2179,16.8,Chandigarh,Silver,10
6905,Maruti Dzire,2013,8.83,1.06,94287,Petrol,Individual,Manual,0,1197,22.6,Ludhiana,Grey,13
6906,Tata Harrier,2018,20.85,2.5,78490,Diesel,Dealer,Manual,1,799,13.0,Hyderabad,White,8
6907,Jeep Compass,2012,22.73,2.73,113999,Diesel,Dealer,Automatic,1,1997,22.3,Chandigarh,Silver,14
6908,Jeep Compass,2018,23.25,3.39,60968,Diesel,Dealer,Automatic,1,2393,20.5,Mumbai,Black,8
6909,Hyundai Creta,2022,18.73,9.0,68715,Diesel,Dealer,Manual,0,2179,18.4,Hyderabad,Blue,4
6910,Maruti Dzire,2017,8.64,1.04,76163,Petrol,Dealer,Manual,0,1956,14.0,Amritsar,Brown,9
6911,Skoda Rapid,2021,10.3,4.09,31779,Diesel,Dealer,Manual,2,2393,22.3,Ludhiana,Grey,5
6912,Volkswagen Virtus,2016,15.57,1.87,85607,Petrol,Dealer,Automatic,1,1956,20.9,Bengaluru,Red,10
6913,Maruti Brezza,2025,11.82,10.03,26771,Petrol,Dealer,Manual,0,1498,24.6,Lucknow,White,1
6914,Tata Harrier,2025,17.76,14.45,39556,Diesel,Individual,Manual,0,1197,23.7,Pune,Grey,1
6915,Hyundai Alcazar,2023,24.14,18.13,2500,Diesel,Individual,Automatic,1,1956,21.7,Mohali,White,3
6916,Ford EcoSport,2015,9.21,1.1,40909,Diesel,Dealer,Manual,1,998,15.4,Amritsar,Silver,11
6917,Maruti Ciaz,2022,10.59,6.15,15600,Petrol,Dealer,Manual,1,1197,14.0,Hyderabad,White,4
6918,Maruti Fronx,2024,9.59,7.57,2500,Petrol,Dealer,Manual,1,2755,21.8,Mumbai,Brown,2
6919,Kia Seltos,2024,15.84,13.23,11443,Diesel,Dealer,Manual,1,2755,20.7,Mohali,White,2
6920,Maruti Fronx,2016,11.06,1.33,109176,Petrol,Dealer,Manual,2,2755,14.6,Gurugram,Brown,10
6921,Hyundai Verna,2020,13.4,5.23,30498,Petrol,Dealer,Manual,0,1197,13.3,Jaipur,Red,6
6922,Ford EcoSport,2018,9.42,1.13,84072,Diesel,Individual,Manual,0,2755,17.3,Hyderabad,White,8
6923,Honda Elevate,2025,15.59,14.08,2858,Petrol,Individual,Manual,1,2179,19.9,Noida,Red,1
6924,Kia Sonet,2013,13.59,1.63,137257,Petrol,Dealer,Manual,2,1597,12.6,Ludhiana,Blue,13
6925,Honda City,2017,13.82,1.66,101821,Petrol,Individual,Manual,0,1199,12.6,Amritsar,Black,9
6926,Kia Seltos,2018,15.83,3.39,53058,Diesel,Individual,Manual,0,1197,20.0,Jaipur,Grey,8
6927,Nissan Magnite,2016,8.12,0.97,84097,Petrol,Dealer,Manual,1,1199,23.1,Chandigarh,Red,10
6928,Tata Altroz,2021,9.57,3.22,76622,Petrol,Individual,Manual,0,2393,12.5,Gurugram,Grey,5
6929,Maruti Fronx,2024,9.97,7.08,23673,Petrol,Dealer,Manual,0,799,16.4,Pune,Red,2
6930,Maruti Ertiga,2018,10.2,1.23,68145,Petrol,Individual,Manual,1,1497,12.1,Lucknow,Grey,8
6931,Mahindra Bolero,2014,9.34,1.12,106593,Diesel,Dealer,Manual,2,1497,15.8,Lucknow,Silver,12
6932,Hyundai Creta,2017,17.99,4.26,41767,Diesel,Dealer,Manual,0,1498,15.8,Delhi,Grey,9
6933,Hyundai Creta,2022,16.35,8.87,41892,Diesel,Dealer,Manual,0,1956,19.8,Gurugram,Red,4
6934,Volkswagen Polo,2015,8.83,1.06,102253,Petrol,Dealer,Manual,0,1997,17.0,Delhi,White,11
6935,Maruti Wagon R,2025,5.72,4.28,18107,Petrol,Dealer,Manual,2,1199,12.1,Pune,White,1
6936,Honda Amaze,2022,8.0,5.28,6874,Petrol,Individual,Manual,1,1199,12.6,Ludhiana,Brown,4
6937,Hyundai Venue,2014,11.91,1.43,92572,Petrol,Dealer,Manual,0,1597,19.0,Amritsar,Brown,12
6938,Honda Amaze,2018,8.37,1.0,85050,Petrol,Dealer,Manual,1,1197,12.1,Mohali,Black,8
6939,Hyundai Venue,2017,12.72,1.53,54306,Petrol,Dealer,Manual,1,1199,13.4,Ludhiana,Blue,9
6940,Hyundai Venue,2024,12.34,8.03,54761,Petrol,Individual,Manual,0,1956,23.0,Chandigarh,Red,2
6941,Maruti Wagon R,2025,6.59,5.61,18350,Petrol,Dealer,Manual,0,1956,22.5,Noida,Brown,1
6942,MG Hector,2022,18.6,11.13,15728,Petrol,Individual,Automatic,0,1597,22.8,Gurugram,Silver,4
6943,Hyundai Grand i10,2015,6.65,0.8,85179,Petrol,Individual,Manual,0,1997,12.8,Mohali,White,11
6944,Hyundai Verna,2024,14.02,10.02,17291,Petrol,Individual,Manual,0,799,19.2,Lucknow,Brown,2
6945,Honda City,2013,14.21,1.71,107375,Petrol,Individual,Manual,0,1597,15.1,Ludhiana,Silver,13
6946,Tata Punch,2014,8.94,1.07,105539,Petrol,Dealer,Manual,0,998,20.0,Bengaluru,Black,12
6947,Hyundai Alcazar,2014,22.7,2.72,93581,Diesel,Dealer,Automatic,2,1197,13.5,Bengaluru,Red,12
6948,Maruti Ertiga,2012,11.39,1.37,102207,Petrol,Individual,Manual,0,1956,19.3,Kolkata,Silver,14
6949,Maruti Ciaz,2021,12.41,5.09,45275,Petrol,Dealer,Manual,1,1956,19.6,Mumbai,Red,5
6950,Maruti Wagon R,2013,6.0,0.72,114437,Petrol,Individual,Manual,0,799,13.3,Amritsar,Blue,13
6951,Toyota Fortuner,2016,41.93,5.03,95591,Diesel,Individual,Automatic,0,1199,24.9,Chandigarh,Silver,10
6952,Hyundai Verna,2025,14.85,12.63,20564,Petrol,Dealer,Manual,1,799,16.0,Kolkata,Red,1
6953,Skoda Rapid,2016,9.34,1.12,76238,Diesel,Dealer,Manual,0,799,22.0,Kolkata,White,10
6954,Maruti Alto,2013,3.96,0.55,74373,Petrol,Dealer,Manual,0,998,15.6,Gurugram,Brown,13
6955,Maruti Ciaz,2018,11.04,1.32,118098,Petrol,Dealer,Manual,1,2179,22.4,Amritsar,Blue,8
6956,Skoda Rapid,2020,10.12,3.91,26292,Diesel,Individual,Manual,2,2179,22.0,Lucknow,Red,6
6957,Maruti Baleno,2012,8.57,1.03,115774,Petrol,Dealer,Manual,0,1997,14.7,Delhi,White,14
6958,Nissan Magnite,2018,9.46,1.14,77067,Petrol,Individual,Manual,0,1199,15.8,Chandigarh,Grey,8
6959,Volkswagen Virtus,2023,16.04,12.25,2500,Petrol,Individual,Automatic,0,1197,18.8,Mumbai,Red,3
6960,Maruti Alto,2014,3.85,0.55,102979,Petrol,Individual,Manual,2,1497,24.7,Pune,Red,12
6961,Hyundai Creta,2016,15.72,1.89,80552,Diesel,Dealer,Manual,1,1197,21.4,Lucknow,Brown,10
6962,Mahindra Scorpio,2025,18.29,15.12,16935,Diesel,Dealer,Manual,0,2393,24.1,Lucknow,Red,1
6963,Honda Elevate,2015,17.56,2.11,68232,Petrol,Individual,Manual,0,2393,14.5,Ludhiana,Black,11
6964,MG Hector,2020,18.54,8.57,28117,Petrol,Dealer,Automatic,0,1597,23.7,Noida,Brown,6
6965,Mahindra XUV700,2014,28.43,3.41,89953,Diesel,Dealer,Automatic,0,799,20.9,Chandigarh,Black,12
6966,Skoda Rapid,2022,9.43,4.45,40359,Diesel,Individual,Manual,0,1199,24.6,Bengaluru,Red,4
6967,Kia Seltos,2014,16.39,1.97,105756,Diesel,Dealer,Manual,0,998,17.9,Mohali,Black,12
6968,Tata Punch,2015,8.55,1.03,42681,Petrol,Dealer,Manual,1,1997,14.7,Ludhiana,Silver,11
6969,Kia Sonet,2012,13.73,1.65,109851,Petrol,Dealer,Manual,1,799,15.6,Bengaluru,Black,14
6970,Tata Punch,2018,8.37,1.56,74802,Petrol,Dealer,Manual,0,998,15.1,Chennai,Red,8
6971,Maruti Fronx,2013,9.98,1.2,80867,Petrol,Dealer,Manual,1,1956,13.9,Gurugram,White,13
6972,Volkswagen Virtus,2013,18.62,2.23,121736,Petrol,Dealer,Automatic,0,1197,16.4,Mohali,Blue,13
6973,Renault Kiger,2016,9.55,1.15,102983,Petrol,Individual,Manual,1,1597,21.2,Gurugram,Grey,10
6974,Honda Amaze,2022,9.48,5.55,47381,Petrol,Individual,Manual,0,1497,17.9,Amritsar,White,4
6975,Honda Amaze,2015,9.78,1.17,50943,Petrol,Individual,Manual,0,2393,17.1,Gurugram,Blue,11
6976,Tata Safari,2015,26.74,3.21,57967,Diesel,Dealer,Automatic,1,2393,22.3,Delhi,Brown,11
6977,Maruti Ertiga,2016,10.31,1.24,73628,Petrol,Dealer,Manual,0,1997,25.0,Chandigarh,Red,10
6978,Honda City,2013,15.79,1.9,111597,Petrol,Individual,Manual,1,1597,20.3,Hyderabad,Brown,13
6979,Hyundai Verna,2019,13.9,3.81,82578,Petrol,Dealer,Manual,1,998,12.4,Amritsar,Blue,7
6980,Mahindra Bolero,2024,10.97,7.56,27782,Diesel,Individual,Manual,2,799,23.3,Gurugram,Red,2
6981,Renault Kwid,2014,5.53,0.66,93739,Petrol,Individual,Manual,0,1199,14.8,Chennai,Silver,12
6982,Jeep Compass,2016,28.17,3.38,95575,Diesel,Dealer,Automatic,1,1497,17.7,Mumbai,Silver,10
6983,Maruti Wagon R,2019,5.3,1.4,70946,Petrol,Dealer,Manual,1,1997,14.9,Pune,Black,7
6984,Hyundai Grand i10,2020,6.81,2.57,32046,Petrol,Dealer,Manual,2,1199,21.3,Pune,Blue,6
6985,Maruti Dzire,2015,8.97,1.08,61959,Petrol,Dealer,Manual,1,1199,12.3,Noida,Red,11
6986,Maruti Wagon R,2012,6.58,0.79,119604,Petrol,Individual,Manual,2,2755,17.9,Kolkata,Red,14
6987,Nissan Magnite,2025,8.59,8.11,2500,Petrol,Individual,Manual,0,2755,14.0,Amritsar,Silver,1
6988,Skoda Rapid,2020,9.21,3.1,58533,Diesel,Dealer,Manual,0,799,24.1,Chandigarh,Silver,6
6989,Hyundai Alcazar,2023,22.9,14.72,39265,Diesel,Dealer,Automatic,0,1497,12.7,Chennai,Grey,3
6990,Tata Nexon,2013,10.59,1.27,118306,Petrol,Individual,Manual,1,1497,12.5,Lucknow,Black,13
6991,Maruti Wagon R,2020,6.71,2.56,53390,Petrol,Dealer,Manual,0,1956,16.7,Lucknow,White,6
6992,Skoda Slavia,2019,15.53,1.92,98382,Petrol,Dealer,Automatic,1,1597,22.2,Hyderabad,Blue,7
6993,Mahindra Scorpio,2023,19.0,11.67,43974,Diesel,Individual,Manual,0,1197,12.2,Noida,Black,3
6994,Maruti Baleno,2018,9.18,2.48,46800,Petrol,Individual,Manual,0,1597,21.6,Bengaluru,Grey,8
6995,Hyundai Venue,2024,12.53,10.5,2500,Petrol,Dealer,Manual,0,1997,23.8,Mohali,White,2
6996,Honda Amaze,2018,8.3,1.0,97399,Petrol,Individual,Manual,1,1956,15.5,Ludhiana,Black,8
6997,Hyundai Creta,2022,16.56,10.93,2500,Diesel,Dealer,Manual,0,1956,22.2,Chandigarh,Black,4
6998,Maruti Ciaz,2020,12.35,4.67,52471,Petrol,Individual,Manual,0,799,19.1,Mumbai,White,6
6999,Jeep Compass,2012,23.89,2.87,129711,Diesel,Individual,Automatic,2,2393,18.2,Amritsar,White,14
7000,Tata Safari,2016,23.43,2.86,41734,Diesel,Dealer,Automatic,0,1197,13.1,Lucknow,Silver,10
7001,Tata Harrier,2025,19.86,16.42,2500,Diesel,Individual,Manual,3,2393,18.5,Hyderabad,Red,1
7002,Nissan Magnite,2017,9.05,1.09,84986,Petrol,Dealer,Manual,2,1997,21.0,Bengaluru,Grey,9
7003,Maruti Wagon R,2022,6.07,2.86,33060,Petrol,Dealer,Manual,2,1498,21.9,Kolkata,Blue,4
7004,Mahindra Bolero,2018,10.0,1.2,71220,Diesel,Individual,Manual,1,2393,25.3,Delhi,Grey,8
7005,Mahindra Thar,2018,17.12,3.85,74850,Diesel,Dealer,Manual,0,1997,18.0,Lucknow,Black,8
7006,Hyundai i20,2022,8.57,4.81,35400,Petrol,Individual,Manual,1,998,25.2,Gurugram,Black,4
7007,Hyundai i20,2015,8.4,1.01,68192,Petrol,Dealer,Manual,2,799,23.8,Chennai,Grey,11
7008,Mahindra XUV700,2025,26.91,23.13,14455,Diesel,Dealer,Automatic,0,1199,16.3,Delhi,Red,1
7009,Hyundai Verna,2018,14.79,2.13,79403,Petrol,Dealer,Manual,1,998,22.0,Ludhiana,Silver,8
7010,Tata Nexon,2018,12.86,1.54,104249,Petrol,Individual,Manual,0,2179,16.0,Noida,Brown,8
7011,Hyundai Grand i10,2014,7.17,0.86,84581,Petrol,Dealer,Manual,1,1497,25.3,Jaipur,Brown,12
7012,Toyota Glanza,2016,9.09,1.09,73892,Petrol,Dealer,Manual,0,1956,24.7,Kolkata,Red,10
7013,Skoda Rapid,2020,10.21,3.24,36487,Diesel,Dealer,Manual,2,998,20.7,Ludhiana,Red,6
7014,Hyundai Verna,2020,15.84,7.02,37005,Petrol,Individual,Manual,0,998,13.3,Hyderabad,Silver,6
7015,Nissan Magnite,2015,8.19,0.98,97945,Petrol,Dealer,Manual,0,1956,12.1,Mumbai,Brown,11
7016,Volkswagen Virtus,2020,17.05,5.58,70004,Petrol,Individual,Automatic,1,2179,18.6,Pune,Grey,6
7017,Tata Harrier,2017,21.86,3.48,57985,Diesel,Individual,Manual,0,1597,23.5,Noida,Brown,9
7018,Kia Sonet,2018,11.71,1.57,63103,Petrol,Individual,Manual,1,1597,13.8,Noida,Red,8
7019,Maruti Ertiga,2017,11.49,1.38,78133,Petrol,Individual,Manual,1,1597,17.9,Mumbai,Blue,9
7020,Honda Amaze,2019,8.25,2.58,53107,Petrol,Dealer,Manual,0,1498,21.9,Kolkata,Blue,7
7021,Tata Harrier,2017,20.64,2.48,78058,Diesel,Dealer,Manual,1,2179,12.5,Mohali,Grey,9
7022,Hyundai Grand i10,2023,6.9,3.8,34939,Petrol,Individual,Manual,1,998,20.7,Chandigarh,Black,3
7023,Mahindra Thar,2024,18.31,16.45,2500,Diesel,Individual,Manual,0,1997,13.9,Jaipur,White,2
7024,Kia Sonet,2019,12.71,4.41,22692,Petrol,Individual,Manual,2,1597,14.9,Gurugram,Brown,7
7025,Hyundai Creta,2016,16.26,2.71,25057,Diesel,Individual,Manual,0,998,14.0,Chennai,Red,10
7026,MG Hector,2014,23.46,2.82,92364,Petrol,Dealer,Automatic,1,1197,25.1,Mumbai,Grey,12
7027,Tata Tiago,2015,6.71,0.81,83766,Petrol,Dealer,Manual,0,2393,15.5,Mumbai,Black,11
7028,MG Hector,2023,22.75,16.16,38583,Petrol,Dealer,Automatic,0,1197,18.5,Mumbai,Blue,3
7029,Maruti Dzire,2020,8.46,3.21,36679,Petrol,Dealer,Manual,0,799,19.3,Mumbai,White,6
7030,Toyota Glanza,2016,8.8,1.06,120632,Petrol,Individual,Manual,0,1498,23.4,Noida,Brown,10
7031,Mahindra Bolero,2013,9.92,1.19,78201,Diesel,Dealer,Manual,1,1497,24.0,Amritsar,Brown,13
7032,Skoda Slavia,2012,17.03,2.04,114436,Petrol,Individual,Automatic,0,998,24.3,Chennai,Silver,14
7033,Maruti Fronx,2021,9.23,4.29,41298,Petrol,Individual,Manual,0,2393,24.2,Hyderabad,Grey,5
7034,Maruti Baleno,2025,9.38,8.27,2500,Petrol,Individual,Manual,1,1497,15.9,Kolkata,Red,1
7035,Honda Amaze,2018,9.27,1.11,112183,Petrol,Dealer,Manual,2,2755,16.7,Kolkata,Silver,8
7036,Volkswagen Polo,2023,7.37,4.89,32775,Petrol,Dealer,Manual,0,1997,20.6,Amritsar,Blue,3
7037,MG Hector,2012,21.1,2.53,125768,Petrol,Individual,Automatic,0,2393,20.0,Delhi,Grey,14
7038,Tata Nexon,2021,11.86,5.02,52706,Petrol,Individual,Manual,0,1956,18.3,Kolkata,Brown,5
7039,Kia Sonet,2018,11.55,2.41,49467,Petrol,Individual,Manual,1,1199,15.1,Chandigarh,Grey,8
7040,Skoda Rapid,2014,9.87,1.18,78251,Diesel,Dealer,Manual,1,1197,19.0,Amritsar,Red,12
7041,Hyundai Alcazar,2016,21.16,2.54,80768,Diesel,Dealer,Automatic,0,2179,12.9,Kolkata,Silver,10
7042,Maruti Baleno,2022,8.43,4.4,51298,Petrol,Dealer,Manual,1,2755,15.0,Chennai,Grey,4
7043,Mahindra Bolero,2019,9.89,3.31,62507,Diesel,Individual,Manual,0,1956,22.1,Chennai,Blue,7
7044,MG Hector,2016,19.58,2.35,68431,Petrol,Dealer,Automatic,0,1498,15.0,Hyderabad,Blue,10
7045,Skoda Rapid,2016,8.94,1.07,91459,Diesel,Dealer,Manual,1,2393,14.9,Bengaluru,Red,10
7046,Skoda Rapid,2013,10.49,1.26,141174,Diesel,Individual,Manual,2,2393,25.2,Delhi,Silver,13
7047,Hyundai i20,2019,9.98,2.21,61091,Petrol,Dealer,Manual,1,799,20.5,Hyderabad,White,7
7048,Maruti Wagon R,2021,6.11,3.88,2500,Petrol,Dealer,Manual,0,799,15.0,Bengaluru,Brown,5
7049,Kia Sonet,2025,12.36,10.71,34874,Petrol,Dealer,Manual,0,2179,23.5,Delhi,Black,1
7050,Honda Elevate,2016,16.07,1.93,123028,Petrol,Dealer,Manual,3,2179,19.5,Gurugram,Brown,10
7051,Honda City,2024,14.89,10.66,3136,Petrol,Dealer,Manual,0,1956,25.3,Pune,Grey,2
7052,Hyundai Grand i10,2025,7.49,6.2,2500,Petrol,Dealer,Manual,0,1498,12.9,Amritsar,Blue,1
7053,Honda Elevate,2013,16.36,1.96,104619,Petrol,Individual,Manual,0,1597,13.7,Mumbai,Brown,13
7054,Toyota Glanza,2024,8.99,6.78,27473,Petrol,Individual,Manual,0,1497,20.6,Mohali,Silver,2
7055,Tata Safari,2024,22.37,15.91,32295,Diesel,Dealer,Automatic,1,1197,20.1,Kolkata,Silver,2
7056,Jeep Compass,2019,24.8,3.5,68061,Diesel,Individual,Automatic,2,1497,12.1,Bengaluru,Black,7
7057,Tata Altroz,2024,9.79,7.14,28787,Petrol,Individual,Manual,0,2393,19.3,Gurugram,Grey,2
7058,Maruti Brezza,2023,12.9,8.74,2500,Petrol,Dealer,Manual,1,2755,14.7,Kolkata,Red,3
7059,Toyota Glanza,2024,9.96,6.87,40819,Petrol,Dealer,Manual,0,1197,19.9,Gurugram,Silver,2
7060,Toyota Glanza,2022,9.98,4.51,71644,Petrol,Dealer,Manual,0,2393,14.6,Chennai,Blue,4
7061,Hyundai i20,2022,10.06,6.33,17177,Petrol,Individual,Manual,0,1597,12.3,Jaipur,Grey,4
7062,Volkswagen Virtus,2017,17.59,2.11,49370,Petrol,Individual,Automatic,1,1497,17.6,Mumbai,Black,9
7063,Honda Amaze,2014,8.5,1.02,138617,Petrol,Dealer,Manual,0,1497,14.8,Delhi,Black,12
7064,Hyundai Grand i10,2020,7.82,2.59,68608,Petrol,Dealer,Manual,0,1197,24.7,Chennai,Grey,6
7065,Kia Seltos,2014,19.25,2.31,126103,Diesel,Individual,Manual,1,2393,14.3,Lucknow,Blue,12
7066,MG Hector,2021,19.21,5.55,75172,Petrol,Dealer,Automatic,1,799,20.0,Jaipur,Blue,5
7067,Toyota Innova Crysta,2013,26.19,3.14,80144,Diesel,Individual,Manual,3,799,23.0,Lucknow,Blue,13
7068,Jeep Compass,2023,28.11,18.01,39942,Diesel,Individual,Automatic,0,998,18.5,Bengaluru,Red,3
7069,Tata Nexon,2018,10.96,1.35,96240,Petrol,Dealer,Manual,0,799,15.2,Mumbai,Blue,8
7070,Tata Harrier,2023,19.58,14.17,26242,Diesel,Individual,Manual,0,1597,16.5,Chandigarh,Brown,3
7071,Maruti Baleno,2012,9.57,1.15,150440,Petrol,Individual,Manual,2,998,15.0,Amritsar,Brown,14
7072,Jeep Compass,2021,25.23,13.02,40324,Diesel,Individual,Automatic,0,1997,25.0,Kolkata,Brown,5
7073,Hyundai Grand i10,2015,6.71,0.81,98991,Petrol,Dealer,Manual,0,2393,18.4,Hyderabad,Red,11
7074,Maruti Ertiga,2013,10.92,1.31,77786,Petrol,Dealer,Manual,0,799,23.1,Hyderabad,Red,13
7075,Maruti Brezza,2018,13.57,1.86,70178,Petrol,Individual,Manual,0,1956,22.8,Chandigarh,Red,8
7076,Kia Seltos,2019,15.74,3.71,82583,Diesel,Dealer,Manual,0,1597,24.7,Chennai,White,7
7077,Tata Harrier,2013,20.87,2.5,135042,Diesel,Dealer,Manual,0,2755,24.4,Noida,Blue,13
7078,Hyundai Venue,2019,11.88,4.0,45538,Petrol,Dealer,Manual,0,2393,19.5,Hyderabad,Brown,7
7079,Hyundai Creta,2013,15.38,1.85,109927,Diesel,Individual,Manual,1,2393,23.2,Jaipur,Grey,13
7080,Renault Kiger,2020,8.16,3.28,43539,Petrol,Dealer,Manual,1,998,15.1,Jaipur,Black,6
7081,Maruti Alto,2018,4.26,1.52,13802,Petrol,Dealer,Manual,1,998,22.5,Gurugram,Black,8
7082,Skoda Slavia,2019,17.17,6.68,29340,Petrol,Dealer,Automatic,0,1199,17.9,Chandigarh,Grey,7
7083,Maruti Fronx,2019,10.33,3.45,17345,Petrol,Dealer,Manual,1,1498,14.3,Kolkata,Black,7
7084,Maruti Ciaz,2016,12.43,1.49,107886,Petrol,Individual,Manual,2,2755,22.9,Chennai,Black,10
7085,MG Hector,2025,19.35,14.93,29219,Petrol,Dealer,Automatic,2,1199,14.0,Pune,White,1
7086,Mahindra Thar,2017,18.87,2.26,68919,Diesel,Individual,Manual,1,2393,16.5,Hyderabad,Grey,9
7087,Tata Harrier,2015,22.1,2.65,61142,Diesel,Individual,Manual,2,1497,18.6,Ludhiana,Silver,11
7088,Maruti Ertiga,2017,11.05,1.33,83337,Petrol,Individual,Manual,2,998,24.3,Amritsar,Silver,9
7089,Maruti Ertiga,2014,12.67,1.52,64570,Petrol,Dealer,Manual,0,1597,12.8,Jaipur,Black,12
7090,Skoda Rapid,2017,8.92,1.07,78687,Diesel,Individual,Manual,0,2755,17.5,Noida,Red,9
7091,Ford EcoSport,2023,9.75,5.06,50879,Diesel,Dealer,Manual,1,1199,24.0,Noida,Red,3
7092,Mahindra Scorpio,2016,18.2,2.18,84508,Diesel,Individual,Manual,0,1597,13.2,Kolkata,Blue,10
7093,Maruti Fronx,2013,10.94,1.31,121966,Petrol,Individual,Manual,1,2393,20.1,Mumbai,Blue,13
7094,Mahindra Scorpio,2013,20.16,2.42,105425,Diesel,Dealer,Manual,0,1197,16.9,Amritsar,Blue,13
7095,Maruti Wagon R,2013,6.19,0.74,153297,Petrol,Dealer,Manual,0,998,18.9,Noida,Silver,13
7096,Maruti Baleno,2022,7.96,4.47,42314,Petrol,Dealer,Manual,0,1597,23.4,Jaipur,Grey,4
7097,Toyota Fortuner,2014,39.29,4.71,96754,Diesel,Dealer,Automatic,0,2755,25.5,Bengaluru,White,12
7098,Toyota Glanza,2015,9.39,1.13,87994,Petrol,Individual,Manual,3,998,24.2,Mohali,Brown,11
7099,Mahindra XUV700,2020,28.47,12.97,20323,Diesel,Individual,Automatic,0,1498,16.9,Chennai,Blue,6
7100,Skoda Rapid,2018,11.15,1.34,87147,Diesel,Dealer,Manual,2,2393,14.9,Mumbai,Blue,8
7101,Maruti Fronx,2018,9.36,1.13,98022,Petrol,Dealer,Manual,1,1597,17.7,Noida,Brown,8
7102,Ford EcoSport,2012,9.28,1.11,116786,Diesel,Individual,Manual,1,1997,16.0,Bengaluru,Silver,14
7103,Volkswagen Virtus,2020,17.03,6.71,20582,Petrol,Dealer,Automatic,1,799,23.4,Kolkata,Black,6
7104,Honda Elevate,2023,14.82,8.16,57347,Petrol,Individual,Manual,0,2755,12.1,Kolkata,Black,3
7105,Jeep Compass,2022,24.78,17.57,17817,Diesel,Individual,Automatic,0,998,16.5,Delhi,Red,4
7106,Skoda Rapid,2014,9.01,1.08,95449,Diesel,Dealer,Manual,2,998,23.9,Chennai,Red,12
7107,Hyundai Venue,2013,12.57,1.51,62003,Petrol,Individual,Manual,0,1197,17.3,Mumbai,Silver,13
7108,Toyota Glanza,2012,10.0,1.2,177698,Petrol,Dealer,Manual,0,2755,20.0,Amritsar,Silver,14
7109,Skoda Slavia,2012,16.86,2.02,90264,Petrol,Dealer,Automatic,3,1997,14.5,Pune,White,14
7110,Maruti Fronx,2025,10.6,7.72,52837,Petrol,Dealer,Manual,2,1956,24.1,Lucknow,Black,1
7111,Tata Tiago,2023,7.48,4.83,30987,Petrol,Dealer,Manual,0,1956,25.5,Amritsar,Red,3
7112,Toyota Fortuner,2013,35.2,4.22,98555,Diesel,Individual,Automatic,2,1597,23.8,Mohali,Brown,13
7113,Maruti Brezza,2022,12.37,7.62,26979,Petrol,Individual,Manual,1,799,25.3,Kolkata,Blue,4
7114,Toyota Fortuner,2021,42.66,17.39,63644,Diesel,Dealer,Automatic,0,1597,19.0,Delhi,Red,5
7115,Mahindra Thar,2014,18.21,2.18,108654,Diesel,Individual,Manual,0,799,14.3,Delhi,Black,12
7116,Volkswagen Virtus,2020,16.25,3.38,81721,Petrol,Dealer,Automatic,0,2393,21.4,Mohali,Blue,6
7117,Tata Punch,2015,10.06,1.21,89677,Petrol,Dealer,Manual,0,799,13.2,Delhi,Brown,11
7118,Renault Kiger,2023,10.03,5.34,63737,Petrol,Individual,Manual,1,2393,13.4,Pune,Black,3
7119,Honda City,2025,15.53,13.86,10848,Petrol,Dealer,Manual,0,998,24.8,Delhi,Brown,1
7120,Maruti Swift,2012,8.26,0.99,74577,Petrol,Individual,Manual,0,1197,19.7,Gurugram,White,14
7121,Hyundai Grand i10,2016,6.83,0.82,49193,Petrol,Dealer,Manual,1,1956,14.8,Hyderabad,Blue,10
7122,Mahindra XUV700,2025,27.54,23.91,8732,Diesel,Dealer,Automatic,0,1197,17.8,Amritsar,Red,1
7123,Maruti Wagon R,2016,6.61,0.79,76745,Petrol,Individual,Manual,1,1197,21.1,Pune,Blue,10
7124,Tata Nexon,2023,11.31,7.32,45059,Petrol,Dealer,Manual,0,1199,17.3,Kolkata,Red,3
7125,Tata Altroz,2017,9.39,1.88,50196,Petrol,Dealer,Manual,0,1498,23.6,Lucknow,Red,9
7126,Volkswagen Virtus,2013,15.27,1.83,159503,Petrol,Individual,Automatic,0,1197,21.7,Hyderabad,White,13
7127,Renault Kiger,2012,10.04,1.21,133832,Petrol,Individual,Manual,0,1997,17.1,Kolkata,Brown,14
7128,Honda Elevate,2016,17.08,2.05,78030,Petrol,Dealer,Manual,0,799,22.0,Mohali,Blue,10
7129,Maruti Ciaz,2024,12.45,9.63,21260,Petrol,Dealer,Manual,0,1956,21.8,Amritsar,Red,2
7130,Honda Amaze,2016,8.07,0.97,92050,Petrol,Individual,Manual,0,2179,16.6,Noida,White,10
7131,Kia Seltos,2023,17.94,11.64,28585,Diesel,Dealer,Manual,1,998,13.9,Amritsar,Silver,3
7132,Mahindra Thar,2014,16.03,1.92,80547,Diesel,Individual,Manual,0,998,18.8,Hyderabad,Blue,12
7133,Hyundai Creta,2025,16.03,13.52,20257,Diesel,Dealer,Manual,0,2179,14.2,Amritsar,Brown,1
7134,Mahindra Scorpio,2019,17.95,6.45,22677,Diesel,Individual,Manual,0,799,23.6,Amritsar,Grey,7
7135,Hyundai Creta,2014,17.74,2.13,112664,Diesel,Individual,Manual,0,1199,15.4,Mohali,Brown,12
7136,Hyundai i20,2015,8.72,1.05,125940,Petrol,Dealer,Manual,1,1497,21.0,Mohali,White,11
7137,Hyundai Verna,2017,15.82,1.9,66266,Petrol,Dealer,Manual,0,1199,14.6,Noida,Silver,9
7138,Tata Nexon,2016,12.69,1.52,88421,Petrol,Individual,Manual,1,2179,24.1,Kolkata,Black,10
7139,Hyundai Venue,2025,10.72,10.2,10083,Petrol,Individual,Manual,0,2179,23.3,Lucknow,Black,1
7140,Renault Kiger,2022,9.34,6.11,13634,Petrol,Dealer,Manual,1,799,16.0,Chandigarh,Black,4
7141,Maruti Alto,2014,4.06,0.55,90945,Petrol,Individual,Manual,0,1956,18.6,Mohali,Blue,12
7142,Hyundai Verna,2015,13.41,1.61,110492,Petrol,Individual,Manual,1,1956,23.7,Chandigarh,Silver,11
7143,Tata Nexon,2021,12.24,5.84,44096,Petrol,Individual,Manual,0,1597,16.5,Amritsar,Grey,5
7144,Maruti Wagon R,2012,5.66,0.68,135843,Petrol,Dealer,Manual,0,1497,19.5,Pune,Red,14
7145,Renault Kiger,2025,8.84,8.29,2500,Petrol,Dealer,Manual,0,1956,17.7,Mohali,Red,1
7146,Hyundai Venue,2022,10.96,7.54,3463,Petrol,Dealer,Manual,0,1197,14.2,Amritsar,Brown,4
7147,Volkswagen Polo,2019,8.89,2.05,75913,Petrol,Dealer,Manual,0,998,23.7,Mumbai,Grey,7
7148,Kia Sonet,2012,13.21,1.59,78446,Petrol,Dealer,Manual,0,2755,19.5,Jaipur,White,14
7149,Toyota Glanza,2022,9.85,4.8,49157,Petrol,Individual,Manual,1,1498,23.4,Jaipur,Grey,4
7150,Kia Sonet,2023,13.52,9.31,19386,Petrol,Individual,Manual,0,1497,24.1,Chennai,Grey,3
7151,Maruti Dzire,2019,9.79,1.52,94785,Petrol,Individual,Manual,0,1197,23.5,Amritsar,Black,7
7152,Tata Safari,2022,23.18,14.63,2500,Diesel,Dealer,Automatic,0,2179,23.7,Kolkata,White,4
7153,Maruti Swift,2024,7.31,4.96,30701,Petrol,Dealer,Manual,2,799,16.5,Chennai,Grey,2
7154,Maruti Fronx,2025,9.32,7.81,2500,Petrol,Dealer,Manual,1,1956,25.0,Lucknow,Silver,1
7155,Skoda Rapid,2024,8.81,6.93,18865,Diesel,Individual,Manual,0,1997,23.1,Mumbai,Silver,2
7156,Hyundai i20,2015,8.93,1.07,112024,Petrol,Individual,Manual,0,2393,14.8,Pune,Grey,11
7157,Maruti Brezza,2012,13.83,1.66,116815,Petrol,Dealer,Manual,1,1597,18.9,Gurugram,Red,14
7158,Volkswagen Polo,2025,7.35,5.91,40217,Petrol,Dealer,Manual,0,799,18.4,Noida,Silver,1
7159,Maruti Wagon R,2012,6.2,0.74,69423,Petrol,Dealer,Manual,0,1497,13.9,Bengaluru,Red,14
7160,Maruti Fronx,2018,10.42,2.8,27549,Petrol,Dealer,Manual,2,998,12.2,Gurugram,Red,8
7161,Maruti Ertiga,2021,11.33,4.05,70421,Petrol,Dealer,Manual,2,1597,23.0,Amritsar,Brown,5
7162,Hyundai i20,2016,8.01,0.96,59315,Petrol,Dealer,Manual,1,1199,15.8,Mohali,Red,10
7163,Honda Elevate,2012,16.37,1.96,105390,Petrol,Individual,Manual,1,998,25.4,Pune,Black,14
7164,Ford EcoSport,2023,9.59,6.57,32447,Diesel,Dealer,Manual,0,1597,23.1,Gurugram,Brown,3
7165,Renault Kiger,2016,8.85,1.06,117592,Petrol,Individual,Manual,0,2179,16.0,Ludhiana,White,10
7166,Toyota Fortuner,2014,40.36,4.84,106411,Diesel,Individual,Automatic,0,1197,16.5,Gurugram,Red,12
7167,Volkswagen Polo,2019,7.47,1.8,52653,Petrol,Individual,Manual,3,1197,23.6,Lucknow,Grey,7
7168,Maruti Dzire,2024,9.28,7.57,8859,Petrol,Dealer,Manual,0,799,17.1,Kolkata,White,2
7169,Maruti Fronx,2014,9.92,1.19,54486,Petrol,Dealer,Manual,1,998,19.2,Jaipur,Silver,12
7170,Mahindra Scorpio,2024,20.9,18.01,5138,Diesel,Dealer,Manual,0,2179,24.7,Kolkata,Blue,2
7171,Renault Kwid,2013,5.04,0.61,122246,Petrol,Individual,Manual,1,1997,24.6,Amritsar,Blue,13
7172,Mahindra Bolero,2024,10.54,7.72,18301,Diesel,Individual,Manual,1,1199,19.9,Chennai,Grey,2
7173,Maruti Ertiga,2025,10.51,8.28,13441,Petrol,Dealer,Manual,1,2755,16.3,Mumbai,Black,1
7174,Honda City,2020,15.25,6.67,41246,Petrol,Individual,Manual,0,1997,12.4,Noida,Blue,6
7175,Toyota Fortuner,2014,45.06,5.41,128216,Diesel,Dealer,Automatic,1,1956,16.6,Hyderabad,White,12
7176,Maruti Swift,2020,8.21,3.97,29995,Petrol,Dealer,Manual,0,1956,14.5,Chennai,White,6
7177,Hyundai Verna,2020,14.6,5.22,53488,Petrol,Individual,Manual,1,998,16.0,Mohali,Silver,6
7178,Toyota Innova Crysta,2014,26.59,3.19,70953,Diesel,Individual,Manual,1,1199,17.1,Bengaluru,Silver,12
7179,Skoda Slavia,2020,17.5,5.0,65492,Petrol,Dealer,Automatic,0,1197,20.1,Jaipur,Blue,6
7180,Toyota Innova Crysta,2025,23.7,19.35,14926,Diesel,Dealer,Manual,1,1497,23.8,Gurugram,Silver,1
7181,Maruti Baleno,2018,9.07,1.09,86905,Petrol,Dealer,Manual,3,1956,12.9,Lucknow,Red,8
7182,Skoda Slavia,2024,17.03,13.4,2500,Petrol,Dealer,Automatic,1,1597,14.2,Mohali,Silver,2
7183,Tata Safari,2017,24.9,2.99,82339,Diesel,Dealer,Automatic,0,2393,18.0,Jaipur,Red,9
7184,Tata Nexon,2020,11.81,3.44,43005,Petrol,Dealer,Manual,2,1497,15.8,Chennai,White,6
7185,Hyundai Alcazar,2013,18.52,2.22,79263,Diesel,Individual,Automatic,1,1498,18.1,Chennai,Grey,13
7186,Hyundai i20,2017,9.92,1.21,65023,Petrol,Dealer,Manual,2,1597,22.8,Mumbai,White,9
7187,Tata Harrier,2012,21.35,2.56,107925,Diesel,Individual,Manual,1,1197,17.2,Noida,Blue,14
7188,Honda City,2015,16.06,1.93,61009,Petrol,Individual,Manual,1,2393,22.2,Pune,White,11
7189,Ford EcoSport,2017,8.77,1.13,54769,Diesel,Dealer,Manual,0,1597,22.9,Mohali,Silver,9
7190,Hyundai Alcazar,2013,19.22,2.31,87873,Diesel,Individual,Automatic,1,2755,23.7,Gurugram,Black,13
7191,Hyundai Grand i10,2019,7.27,1.97,46308,Petrol,Dealer,Manual,1,2179,16.0,Chennai,Black,7
7192,Honda City,2013,15.73,1.89,111341,Petrol,Dealer,Manual,0,2393,15.0,Amritsar,Brown,13
7193,Toyota Innova Crysta,2018,26.21,3.15,91693,Diesel,Dealer,Manual,1,2393,21.2,Noida,Silver,8
7194,Toyota Fortuner,2019,40.0,7.68,66825,Diesel,Dealer,Automatic,2,2393,15.8,Lucknow,Red,7
7195,Renault Kiger,2021,8.7,2.95,67498,Petrol,Dealer,Manual,2,2179,17.6,Bengaluru,White,5
7196,Maruti Dzire,2017,10.08,1.21,104383,Petrol,Individual,Manual,0,2179,22.2,Bengaluru,Red,9
7197,Nissan Magnite,2022,9.98,6.42,32953,Petrol,Individual,Manual,0,2755,23.6,Amritsar,White,4
7198,Nissan Magnite,2020,8.85,3.89,41428,Petrol,Individual,Manual,0,1597,22.4,Mohali,Grey,6
7199,Hyundai Venue,2013,11.14,1.34,114036,Petrol,Dealer,Manual,1,998,23.3,Noida,Grey,13
7200,Hyundai Alcazar,2023,23.28,14.49,44192,Diesel,Dealer,Automatic,0,1197,24.5,Mohali,White,3
7201,Skoda Rapid,2019,9.9,3.54,48627,Diesel,Dealer,Manual,1,1197,18.4,Kolkata,White,7
7202,Toyota Fortuner,2018,43.14,9.19,51740,Diesel,Dealer,Automatic,0,998,24.6,Gurugram,Black,8
7203,Tata Altroz,2018,8.8,1.47,76081,Petrol,Dealer,Manual,0,799,16.1,Gurugram,Red,8
7204,Maruti Ertiga,2014,10.57,1.27,134044,Petrol,Individual,Manual,1,799,13.2,Hyderabad,Red,12
7205,Mahindra Thar,2022,16.65,7.53,54134,Diesel,Dealer,Manual,2,2755,20.4,Chandigarh,Black,4
7206,Maruti Ciaz,2015,10.24,1.23,94663,Petrol,Dealer,Manual,1,998,24.2,Hyderabad,Silver,11
7207,Hyundai Alcazar,2018,18.55,3.82,31707,Diesel,Dealer,Automatic,1,1498,24.2,Delhi,Brown,8
7208,Maruti Wagon R,2015,6.53,0.78,91879,Petrol,Dealer,Manual,1,1997,12.5,Chandigarh,Red,11
7209,Maruti Fronx,2012,10.81,1.3,113620,Petrol,Individual,Manual,0,1997,14.9,Mumbai,White,14
7210,Nissan Magnite,2019,8.49,2.21,49287,Petrol,Individual,Manual,0,1199,23.7,Mumbai,White,7
7211,Hyundai Venue,2012,11.22,1.35,97503,Petrol,Dealer,Manual,1,1197,13.3,Lucknow,Silver,14
7212,Hyundai i20,2017,8.63,1.04,69806,Petrol,Dealer,Manual,1,998,19.1,Jaipur,Blue,9
7213,Tata Punch,2020,8.96,2.17,76472,Petrol,Individual,Manual,1,2179,16.1,Bengaluru,Blue,6
7214,Tata Harrier,2013,19.39,2.33,109941,Diesel,Individual,Manual,0,1597,19.6,Jaipur,Blue,13
7215,Mahindra XUV700,2024,28.52,18.13,35786,Diesel,Individual,Automatic,2,2393,19.0,Chandigarh,Red,2
7216,Mahindra Thar,2019,18.33,7.18,26419,Diesel,Individual,Manual,1,799,13.1,Gurugram,Blue,7
7217,Maruti Swift,2017,8.25,1.52,44972,Petrol,Dealer,Manual,0,2393,22.0,Chandigarh,Grey,9
7218,Jeep Compass,2015,23.73,2.85,102139,Diesel,Dealer,Automatic,0,1199,15.1,Amritsar,Silver,11
7219,Mahindra Bolero,2015,10.4,1.25,50791,Diesel,Dealer,Manual,0,1197,12.2,Ludhiana,White,11
7220,Renault Kiger,2023,7.94,5.17,55845,Petrol,Individual,Manual,0,1597,21.6,Delhi,Blue,3
7221,Nissan Magnite,2012,8.51,1.02,112328,Petrol,Individual,Manual,0,2179,17.1,Chandigarh,Red,14
7222,Maruti Baleno,2023,8.36,4.28,54915,Petrol,Individual,Manual,2,1597,23.0,Bengaluru,Silver,3
7223,Maruti Wagon R,2015,5.66,0.68,66989,Petrol,Dealer,Manual,0,1997,15.2,Ludhiana,White,11
7224,Maruti Baleno,2020,8.8,2.75,87007,Petrol,Dealer,Manual,1,998,22.3,Lucknow,White,6
7225,Maruti Dzire,2018,10.02,2.05,75549,Petrol,Individual,Manual,0,1199,15.4,Chandigarh,Silver,8
7226,Maruti Baleno,2014,8.86,1.06,95029,Petrol,Dealer,Manual,0,1199,17.4,Mumbai,White,12
7227,Hyundai Verna,2012,13.23,1.59,96144,Petrol,Individual,Manual,1,2393,12.3,Jaipur,Brown,14
7228,Toyota Glanza,2019,8.55,1.72,94518,Petrol,Individual,Manual,0,1956,23.6,Ludhiana,White,7
7229,Mahindra Bolero,2025,9.65,8.42,26499,Diesel,Dealer,Manual,0,998,22.4,Jaipur,Brown,1
7230,Hyundai Alcazar,2022,23.62,14.27,22877,Diesel,Dealer,Automatic,0,1997,15.8,Noida,Silver,4
7231,Hyundai i20,2025,9.24,7.93,2500,Petrol,Dealer,Manual,0,1497,21.6,Delhi,Blue,1
7232,Mahindra Bolero,2012,8.89,1.07,87578,Diesel,Dealer,Manual,1,2179,24.1,Ludhiana,White,14
7233,Skoda Rapid,2012,10.3,1.24,101270,Diesel,Dealer,Manual,0,799,15.1,Amritsar,Red,14
7234,Tata Punch,2015,7.93,0.95,94084,Petrol,Individual,Manual,1,2755,24.3,Mohali,Brown,11
7235,Maruti Alto,2014,4.2,0.55,78280,Petrol,Dealer,Manual,1,799,15.6,Lucknow,Brown,12
7236,Honda Elevate,2022,14.09,6.42,50466,Petrol,Dealer,Manual,0,2755,25.1,Pune,Red,4
7237,Tata Nexon,2022,11.47,7.47,24011,Petrol,Dealer,Manual,0,1956,18.0,Amritsar,Black,4
7238,Nissan Magnite,2021,8.17,3.84,35475,Petrol,Individual,Manual,0,2755,14.4,Lucknow,Brown,5
7239,Hyundai Grand i10,2015,6.32,0.76,82826,Petrol,Dealer,Manual,1,1956,14.8,Mohali,Brown,11
7240,Toyota Fortuner,2015,41.42,4.97,87446,Diesel,Dealer,Automatic,0,1497,14.6,Chandigarh,White,11
7241,Volkswagen Polo,2013,8.63,1.04,108010,Petrol,Dealer,Manual,1,2393,14.2,Mumbai,Silver,13
7242,Volkswagen Virtus,2012,18.65,2.24,139715,Petrol,Dealer,Automatic,0,1199,21.6,Delhi,Silver,14
7243,Kia Sonet,2023,11.41,6.9,40154,Petrol,Dealer,Manual,0,1498,14.8,Gurugram,Red,3
7244,Maruti Dzire,2015,9.33,1.12,95802,Petrol,Individual,Manual,2,1956,16.1,Ludhiana,Brown,11
7245,Maruti Dzire,2017,8.15,1.02,62488,Petrol,Individual,Manual,0,799,25.4,Chennai,Black,9
7246,Toyota Glanza,2025,9.07,6.1,56113,Petrol,Individual,Manual,2,1497,16.7,Jaipur,Black,1
7247,Hyundai Venue,2013,12.61,1.51,119377,Petrol,Individual,Manual,0,799,23.1,Bengaluru,Black,13
7248,Maruti Fronx,2025,9.16,7.37,18426,Petrol,Individual,Manual,2,1597,16.9,Bengaluru,Red,1
7249,Honda Elevate,2018,15.87,3.22,73072,Petrol,Dealer,Manual,0,1197,19.6,Mohali,Blue,8
7250,Volkswagen Polo,2015,8.58,1.03,78596,Petrol,Dealer,Manual,1,1997,17.3,Kolkata,Blue,11
7251,Hyundai Venue,2024,13.44,9.74,33895,Petrol,Dealer,Manual,1,1197,25.4,Ludhiana,Brown,2
7252,Hyundai Grand i10,2019,6.57,2.82,33426,Petrol,Dealer,Manual,0,2393,24.5,Amritsar,White,7
7253,Toyota Fortuner,2019,39.8,14.27,43402,Diesel,Dealer,Automatic,0,1497,17.7,Ludhiana,Red,7
7254,Hyundai Venue,2020,11.42,3.72,50982,Petrol,Dealer,Manual,0,1997,17.8,Ludhiana,Blue,6
7255,Skoda Rapid,2017,9.63,2.48,17000,Diesel,Dealer,Manual,0,2393,16.1,Lucknow,Brown,9
7256,Kia Sonet,2021,12.53,5.05,57616,Petrol,Individual,Manual,0,1497,15.5,Mumbai,Grey,5
7257,Hyundai Verna,2022,16.39,10.26,38693,Petrol,Individual,Manual,0,1497,16.8,Pune,White,4
7258,Honda City,2013,14.42,1.73,57148,Petrol,Individual,Manual,0,2393,15.4,Mohali,Red,13
7259,Toyota Fortuner,2013,39.61,4.75,112610,Diesel,Dealer,Automatic,0,998,16.1,Pune,Silver,13
7260,Nissan Magnite,2020,8.92,3.3,49415,Petrol,Individual,Manual,1,799,21.5,Ludhiana,Grey,6
7261,Hyundai Grand i10,2019,6.47,1.76,38063,Petrol,Individual,Manual,2,1497,17.4,Chandigarh,Black,7
7262,Tata Harrier,2022,19.62,14.25,2500,Diesel,Individual,Manual,0,799,18.7,Bengaluru,Silver,4
7263,Toyota Fortuner,2012,44.71,5.37,126113,Diesel,Dealer,Automatic,1,1997,16.3,Mumbai,Grey,14
7264,Tata Altroz,2014,9.93,1.19,121038,Petrol,Dealer,Manual,1,1997,17.2,Chandigarh,Blue,12
7265,Tata Harrier,2023,19.55,12.69,17789,Diesel,Dealer,Manual,0,1597,19.6,Chandigarh,Silver,3
7266,Jeep Compass,2022,26.25,11.57,59194,Diesel,Dealer,Automatic,1,2393,19.5,Chennai,Red,4
7267,Maruti Baleno,2020,8.09,2.96,36946,Petrol,Individual,Manual,0,1199,18.2,Mohali,Red,6
7268,Toyota Innova Crysta,2020,26.92,8.71,64772,Diesel,Individual,Manual,0,1199,12.8,Ludhiana,Black,6
7269,Tata Altroz,2017,8.67,1.04,81971,Petrol,Dealer,Manual,0,1597,22.2,Noida,Grey,9
7270,Volkswagen Virtus,2020,19.22,4.51,80221,Petrol,Individual,Automatic,0,1497,12.4,Chandigarh,White,6
7271,Honda City,2014,14.27,1.71,120257,Petrol,Individual,Manual,0,1997,23.8,Noida,Grey,12
7272,Renault Kwid,2025,4.68,3.53,42652,Petrol,Individual,Manual,0,1497,16.1,Pune,Black,1
7273,Honda Amaze,2024,8.39,6.57,31963,Petrol,Dealer,Manual,0,2755,16.8,Chandigarh,Brown,2
7274,MG Hector,2022,21.37,12.21,31383,Petrol,Dealer,Automatic,2,2179,14.3,Mumbai,Blue,4
7275,Maruti Alto,2020,3.7,1.49,38277,Petrol,Dealer,Manual,0,799,20.6,Pune,Silver,6
7276,Skoda Rapid,2018,9.77,2.03,30180,Diesel,Dealer,Manual,2,1597,16.4,Amritsar,Blue,8
7277,Skoda Rapid,2022,10.1,4.53,74430,Diesel,Dealer,Manual,0,1997,16.4,Amritsar,Black,4
7278,Maruti Ciaz,2018,12.07,2.96,53145,Petrol,Dealer,Manual,0,1497,25.5,Kolkata,Blue,8
7279,Mahindra Scorpio,2023,19.92,11.48,44010,Diesel,Individual,Manual,0,1597,15.0,Mohali,Grey,3
7280,Tata Punch,2022,9.57,6.49,19466,Petrol,Individual,Manual,0,998,24.4,Bengaluru,Grey,4
7281,Maruti Wagon R,2018,6.15,1.11,59526,Petrol,Individual,Manual,0,1498,14.8,Chennai,Black,8
7282,Volkswagen Virtus,2017,17.15,2.06,64695,Petrol,Individual,Automatic,1,1997,22.9,Kolkata,Blue,9
7283,Kia Sonet,2018,11.56,1.83,64220,Petrol,Dealer,Manual,0,1199,14.7,Pune,Brown,8
7284,Ford EcoSport,2019,10.28,3.23,55923,Diesel,Dealer,Manual,0,1597,19.9,Ludhiana,White,7
7285,Tata Altroz,2014,9.6,1.15,140097,Petrol,Dealer,Manual,0,799,25.0,Chennai,Red,12
7286,Honda Elevate,2017,15.67,1.88,71962,Petrol,Dealer,Manual,1,1497,22.4,Mohali,Black,9
7287,Tata Harrier,2023,18.25,13.22,21114,Diesel,Individual,Manual,1,998,21.4,Ludhiana,Red,3
7288,Renault Kiger,2019,9.79,3.39,36854,Petrol,Individual,Manual,0,2179,13.9,Noida,Grey,7
7289,Maruti Alto,2014,4.28,0.55,81352,Petrol,Dealer,Manual,2,2755,15.4,Kolkata,Silver,12
7290,Honda Amaze,2019,9.61,2.98,43305,Petrol,Dealer,Manual,0,998,23.1,Ludhiana,Brown,7
7291,Maruti Brezza,2023,13.18,8.45,48961,Petrol,Dealer,Manual,0,1597,20.5,Noida,Brown,3
7292,Maruti Baleno,2023,7.99,4.07,97559,Petrol,Dealer,Manual,0,1497,19.5,Bengaluru,Brown,3
7293,Maruti Brezza,2025,12.05,10.52,20169,Petrol,Individual,Manual,0,1197,24.7,Chennai,Grey,1
7294,Maruti Ertiga,2014,12.28,1.47,100072,Petrol,Dealer,Manual,0,2393,22.8,Pune,Brown,12
7295,Ford EcoSport,2021,9.45,3.82,56261,Diesel,Dealer,Manual,0,2393,19.5,Jaipur,Red,5
7296,Volkswagen Virtus,2020,16.96,4.88,52365,Petrol,Dealer,Automatic,3,2393,23.7,Bengaluru,Blue,6
7297,Nissan Magnite,2017,9.89,1.19,55735,Petrol,Dealer,Manual,0,1199,13.8,Noida,Blue,9
7298,Skoda Slavia,2012,16.53,1.98,98263,Petrol,Individual,Automatic,0,1199,14.4,Delhi,Red,14
7299,Tata Safari,2017,22.5,2.7,72340,Diesel,Dealer,Automatic,0,1956,24.5,Chandigarh,Silver,9
7300,Renault Kwid,2020,5.29,2.26,27294,Petrol,Dealer,Manual,0,998,18.6,Kolkata,White,6
7301,Volkswagen Virtus,2013,18.25,2.19,83058,Petrol,Individual,Automatic,0,2393,14.8,Gurugram,Grey,13
7302,Mahindra Bolero,2017,10.17,1.94,31078,Diesel,Dealer,Manual,1,1956,17.6,Noida,Silver,9
7303,Hyundai Venue,2018,11.8,3.63,24966,Petrol,Dealer,Manual,1,2755,23.2,Chennai,Silver,8
7304,Ford EcoSport,2015,8.79,1.06,89351,Diesel,Individual,Manual,1,2755,20.9,Delhi,Black,11
7305,Tata Nexon,2014,12.59,1.51,99914,Petrol,Individual,Manual,0,1497,22.2,Mohali,White,12
7306,Skoda Slavia,2025,18.51,14.7,14507,Petrol,Individual,Automatic,3,2179,20.2,Delhi,Brown,1
7307,Ford EcoSport,2013,8.88,1.07,145886,Diesel,Dealer,Manual,1,1199,20.1,Gurugram,Black,13
7308,Hyundai Creta,2019,16.06,3.26,67669,Diesel,Individual,Manual,1,1199,25.3,Chandigarh,White,7
7309,Tata Harrier,2013,20.66,2.48,133778,Diesel,Individual,Manual,1,1956,14.9,Mohali,Black,13
7310,Kia Seltos,2018,17.32,2.74,71238,Diesel,Dealer,Manual,1,1197,19.7,Chandigarh,Silver,8
7311,Hyundai Verna,2025,16.11,14.04,2500,Petrol,Dealer,Manual,1,1497,12.6,Hyderabad,Grey,1
7312,Maruti Wagon R,2023,5.33,3.48,23998,Petrol,Dealer,Manual,1,1997,24.4,Lucknow,Grey,3
7313,Tata Tiago,2021,7.47,2.58,102727,Petrol,Dealer,Manual,0,1597,13.4,Jaipur,Red,5
7314,Renault Kiger,2020,8.37,2.53,70426,Petrol,Dealer,Manual,0,2755,20.7,Bengaluru,Blue,6
7315,Honda Elevate,2018,16.7,4.23,37723,Petrol,Dealer,Manual,0,1199,23.0,Gurugram,Blue,8
7316,Kia Sonet,2012,11.92,1.43,92489,Petrol,Individual,Manual,0,799,14.9,Amritsar,Red,14
7317,Hyundai Verna,2016,16.25,1.95,89956,Petrol,Dealer,Manual,1,2179,15.5,Kolkata,Red,10
7318,Ford EcoSport,2012,9.0,1.08,84168,Diesel,Individual,Manual,0,2393,15.4,Amritsar,Blue,14
7319,Tata Altroz,2022,9.78,5.79,24664,Petrol,Individual,Manual,0,799,16.7,Noida,Blue,4
7320,Renault Kwid,2016,5.32,0.64,90773,Petrol,Dealer,Manual,0,1956,15.4,Pune,White,10
7321,Tata Altroz,2015,8.71,1.04,101730,Petrol,Individual,Manual,1,2179,15.6,Amritsar,Grey,11
7322,Maruti Dzire,2025,8.21,7.3,18169,Petrol,Dealer,Manual,0,1498,16.5,Jaipur,Blue,1
7323,Skoda Slavia,2025,18.73,14.56,36854,Petrol,Individual,Automatic,1,1956,13.3,Amritsar,Grey,1
7324,Kia Sonet,2013,11.34,1.36,96352,Petrol,Dealer,Manual,0,1498,18.8,Chennai,Blue,13
7325,Maruti Dzire,2012,8.72,1.05,49445,Petrol,Dealer,Manual,1,2755,19.1,Bengaluru,Red,14
7326,Volkswagen Virtus,2013,15.76,1.89,93084,Petrol,Dealer,Automatic,0,998,20.4,Amritsar,Grey,13
7327,Toyota Glanza,2025,9.94,7.13,50622,Petrol,Dealer,Manual,0,1197,14.9,Gurugram,Silver,1
7328,Skoda Rapid,2018,8.83,1.44,58405,Diesel,Dealer,Manual,0,799,22.3,Mumbai,Silver,8
7329,Maruti Wagon R,2025,5.97,5.3,29268,Petrol,Individual,Manual,0,1498,14.7,Chennai,Grey,1
7330,Maruti Alto,2021,3.74,2.01,32272,Petrol,Individual,Manual,0,1597,18.3,Pune,Brown,5
7331,Tata Harrier,2023,21.68,13.79,53895,Diesel,Dealer,Manual,0,2179,16.6,Kolkata,Red,3
7332,Hyundai Alcazar,2012,20.42,2.45,141873,Diesel,Dealer,Automatic,0,1199,14.6,Mumbai,Brown,14
7333,Tata Nexon,2024,11.01,6.84,53269,Petrol,Individual,Manual,1,1997,19.3,Chandigarh,Brown,2
7334,Mahindra Thar,2012,16.37,1.96,129223,Diesel,Dealer,Manual,1,1956,24.4,Chandigarh,Blue,14
7335,Toyota Glanza,2015,7.96,0.96,82783,Petrol,Dealer,Manual,0,1199,19.7,Pune,Black,11
7336,Maruti Brezza,2018,13.79,1.94,77292,Petrol,Individual,Manual,1,2179,13.3,Kolkata,Red,8
7337,Hyundai i20,2015,9.11,1.09,67423,Petrol,Individual,Manual,2,998,14.0,Chandigarh,White,11
7338,Tata Punch,2021,9.48,4.7,35503,Petrol,Individual,Manual,0,1498,21.4,Ludhiana,Blue,5
7339,Kia Seltos,2013,18.2,2.18,81385,Diesel,Individual,Manual,0,1597,24.2,Mohali,Brown,13
7340,Skoda Rapid,2012,9.69,1.16,125173,Diesel,Dealer,Manual,0,2393,18.6,Bengaluru,Silver,14
7341,Ford EcoSport,2017,8.77,1.05,82552,Diesel,Individual,Manual,1,1197,22.0,Gurugram,Brown,9
7342,Skoda Rapid,2023,8.89,6.11,2500,Diesel,Dealer,Manual,3,799,22.2,Kolkata,Silver,3
7343,Hyundai Alcazar,2014,23.66,2.84,70349,Diesel,Dealer,Automatic,0,1956,25.3,Amritsar,Black,12
7344,Mahindra Bolero,2017,10.27,1.23,84596,Diesel,Dealer,Manual,2,1597,21.4,Gurugram,Grey,9
7345,Maruti Ertiga,2013,11.3,1.36,122852,Petrol,Individual,Manual,1,1997,12.8,Ludhiana,Brown,13
7346,Maruti Ertiga,2013,10.56,1.27,92526,Petrol,Individual,Manual,0,799,19.4,Delhi,Brown,13
7347,Maruti Ertiga,2012,10.88,1.31,71673,Petrol,Individual,Manual,0,1956,19.2,Chandigarh,Brown,14
7348,Volkswagen Virtus,2018,17.54,2.8,69643,Petrol,Individual,Automatic,2,1497,18.4,Ludhiana,Black,8
7349,Mahindra Bolero,2013,10.62,1.27,145630,Diesel,Individual,Manual,0,799,20.6,Bengaluru,Blue,13
7350,Maruti Fronx,2012,8.98,1.08,97310,Petrol,Individual,Manual,0,1997,23.7,Gurugram,Blue,14
7351,Hyundai Alcazar,2013,19.34,2.32,85233,Diesel,Individual,Automatic,1,1597,15.2,Noida,Black,13
7352,Maruti Dzire,2012,9.83,1.18,133136,Petrol,Dealer,Manual,3,2393,23.7,Ludhiana,Brown,14
7353,Skoda Slavia,2012,18.24,2.19,141419,Petrol,Dealer,Automatic,1,1956,19.7,Pune,Red,14
7354,Skoda Slavia,2012,18.95,2.27,104331,Petrol,Individual,Automatic,1,1498,22.2,Mumbai,Grey,14
7355,Renault Kiger,2014,9.72,1.17,76068,Petrol,Individual,Manual,0,1199,13.9,Lucknow,White,12
7356,Maruti Ertiga,2019,10.91,2.37,109183,Petrol,Dealer,Manual,0,799,19.4,Delhi,Blue,7
7357,Renault Kwid,2022,5.38,3.41,44996,Petrol,Individual,Manual,0,2755,24.9,Ludhiana,White,4
7358,Tata Altroz,2015,8.25,0.99,126421,Petrol,Dealer,Manual,0,1199,16.1,Gurugram,Grey,11
7359,Nissan Magnite,2012,8.51,1.02,156479,Petrol,Individual,Manual,0,998,24.1,Noida,White,14
7360,Mahindra XUV700,2018,28.56,3.43,96233,Diesel,Dealer,Automatic,1,1498,24.6,Bengaluru,Black,8
7361,Honda City,2017,14.19,1.7,85324,Petrol,Dealer,Manual,1,1597,17.0,Pune,Black,9
7362,Maruti Brezza,2015,11.81,1.42,70173,Petrol,Dealer,Manual,0,1597,18.8,Noida,Red,11
7363,Tata Nexon,2018,13.12,1.57,94491,Petrol,Individual,Manual,0,2179,17.3,Noida,White,8
7364,Hyundai Creta,2015,16.47,1.98,77082,Diesel,Dealer,Manual,0,998,16.1,Amritsar,Blue,11
7365,Kia Sonet,2018,12.13,1.46,98880,Petrol,Dealer,Manual,0,2179,17.8,Lucknow,Grey,8
7366,Toyota Innova Crysta,2024,24.29,17.39,8559,Diesel,Dealer,Manual,2,998,14.5,Bengaluru,White,2
7367,Tata Punch,2025,8.44,7.99,2500,Petrol,Dealer,Manual,0,2755,16.9,Ludhiana,Red,1
7368,Maruti Wagon R,2016,5.33,0.64,81775,Petrol,Individual,Manual,1,1197,19.1,Jaipur,Silver,10
7369,Nissan Magnite,2015,9.39,1.13,62510,Petrol,Dealer,Manual,0,1597,17.8,Mohali,Black,11
7370,Nissan Magnite,2022,8.16,5.12,2500,Petrol,Dealer,Manual,0,799,14.5,Mumbai,Brown,4
7371,Tata Tiago,2018,7.68,1.09,80563,Petrol,Individual,Manual,0,2755,23.3,Ludhiana,Grey,8
7372,Maruti Ertiga,2015,12.2,1.46,60795,Petrol,Individual,Manual,1,1597,16.9,Chennai,Blue,11
7373,Maruti Swift,2023,7.46,4.45,28959,Petrol,Individual,Manual,2,1497,12.0,Hyderabad,Black,3
7374,Tata Tiago,2019,7.57,2.46,59079,Petrol,Dealer,Manual,0,1199,12.1,Chennai,Black,7
7375,Kia Seltos,2023,17.57,11.59,31552,Diesel,Dealer,Manual,0,2179,14.3,Chandigarh,Blue,3
7376,Tata Altroz,2018,9.54,2.5,58384,Petrol,Individual,Manual,0,2179,12.5,Pune,Blue,8
7377,Hyundai Grand i10,2019,6.56,1.86,40903,Petrol,Dealer,Manual,0,1997,21.8,Ludhiana,Grey,7
7378,Renault Kwid,2013,5.54,0.67,122982,Petrol,Dealer,Manual,0,1197,20.6,Mumbai,Brown,13
7379,Jeep Compass,2016,27.16,3.26,81458,Diesel,Dealer,Automatic,2,2755,18.7,Amritsar,Grey,10
7380,Toyota Innova Crysta,2016,24.5,2.94,79805,Diesel,Individual,Manual,0,2755,24.7,Jaipur,Brown,10
7381,Mahindra XUV700,2025,27.2,22.81,12008,Diesel,Dealer,Automatic,0,2755,16.3,Noida,Silver,1
7382,Maruti Wagon R,2015,6.06,0.73,98676,Petrol,Individual,Manual,0,1997,18.7,Mohali,Red,11
7383,Honda Elevate,2018,17.86,2.14,93640,Petrol,Dealer,Manual,0,1597,13.1,Mumbai,Brown,8
7384,Hyundai Creta,2018,16.53,1.98,58132,Diesel,Dealer,Manual,1,998,24.7,Delhi,Blue,8
7385,Toyota Innova Crysta,2018,27.03,3.24,87934,Diesel,Dealer,Manual,1,1956,19.2,Hyderabad,White,8
7386,MG Hector,2022,20.53,12.0,46359,Petrol,Dealer,Automatic,0,1956,20.8,Jaipur,Red,4
7387,Mahindra XUV700,2018,25.79,3.09,121908,Diesel,Individual,Automatic,0,1197,13.7,Noida,Brown,8
7388,Hyundai Creta,2016,15.15,1.82,91895,Diesel,Individual,Manual,0,1997,13.1,Bengaluru,Red,10
7389,Renault Kiger,2025,8.94,7.72,20605,Petrol,Dealer,Manual,0,2393,15.4,Noida,Black,1
7390,Hyundai Grand i10,2018,7.3,1.55,55513,Petrol,Dealer,Manual,0,1597,21.6,Mumbai,White,8
7391,Tata Nexon,2014,11.0,1.32,101993,Petrol,Dealer,Manual,0,1956,15.3,Kolkata,Silver,12
7392,MG Hector,2013,19.02,2.28,105222,Petrol,Individual,Automatic,0,1498,13.6,Kolkata,Grey,13
7393,Mahindra XUV700,2013,26.37,3.16,84360,Diesel,Individual,Automatic,0,2393,16.4,Hyderabad,Black,13
7394,Maruti Ertiga,2012,11.41,1.37,145310,Petrol,Dealer,Manual,0,2393,19.7,Hyderabad,Blue,14
7395,Volkswagen Polo,2017,7.47,0.9,81238,Petrol,Dealer,Manual,3,1997,14.2,Delhi,Blue,9
7396,Maruti Fronx,2012,9.81,1.18,122664,Petrol,Dealer,Manual,0,1997,14.4,Pune,Silver,14
7397,Renault Kiger,2020,8.24,3.0,65702,Petrol,Dealer,Manual,0,1199,14.6,Chennai,Blue,6
7398,Toyota Fortuner,2020,38.86,13.03,53983,Diesel,Individual,Automatic,1,1498,19.1,Bengaluru,White,6
7399,Kia Sonet,2024,12.44,8.64,36066,Petrol,Individual,Manual,0,799,21.0,Hyderabad,Black,2
7400,Hyundai Grand i10,2014,6.9,0.83,131548,Petrol,Dealer,Manual,0,2393,17.4,Mumbai,Grey,12
7401,Toyota Innova Crysta,2019,23.12,3.12,87258,Diesel,Dealer,Manual,1,1956,14.8,Chennai,Grey,7
7402,Hyundai Creta,2012,17.05,2.05,94049,Diesel,Dealer,Manual,1,1197,20.3,Lucknow,Blue,14
7403,Renault Kiger,2023,8.44,5.36,2500,Petrol,Individual,Manual,1,1997,17.8,Lucknow,Grey,3
7404,Maruti Brezza,2017,11.72,1.41,79645,Petrol,Dealer,Manual,1,2755,20.8,Chandigarh,Silver,9
7405,Tata Harrier,2017,18.55,2.23,66488,Diesel,Dealer,Manual,0,1497,12.2,Jaipur,Red,9
7406,Jeep Compass,2019,25.04,9.72,32257,Diesel,Dealer,Automatic,1,1197,18.1,Hyderabad,White,7
7407,Maruti Alto,2014,4.3,0.55,154989,Petrol,Dealer,Manual,0,1956,21.7,Amritsar,Red,12
7408,Toyota Fortuner,2016,41.23,4.95,73464,Diesel,Dealer,Automatic,1,1197,18.2,Chennai,Red,10
7409,Toyota Fortuner,2021,37.59,19.82,23637,Diesel,Dealer,Automatic,1,2393,24.2,Mumbai,Brown,5
7410,Maruti Ciaz,2017,10.67,1.28,106231,Petrol,Dealer,Manual,1,2393,19.1,Mohali,Blue,9
7411,Mahindra Scorpio,2024,20.86,15.62,32415,Diesel,Individual,Manual,1,1997,18.4,Pune,White,2
7412,Tata Nexon,2016,13.27,1.59,41732,Petrol,Dealer,Manual,0,1498,23.1,Jaipur,Silver,10
7413,Jeep Compass,2017,22.66,2.72,68679,Diesel,Dealer,Automatic,0,1956,22.1,Amritsar,White,9
7414,Honda Elevate,2012,17.04,2.04,48590,Petrol,Individual,Manual,1,1197,14.0,Kolkata,Black,14
7415,Mahindra Thar,2014,17.39,2.09,139325,Diesel,Individual,Manual,0,799,21.1,Chennai,White,12
7416,Volkswagen Virtus,2016,16.67,2.0,59021,Petrol,Dealer,Automatic,0,2393,17.4,Lucknow,Brown,10
7417,Honda Elevate,2022,16.26,11.14,2500,Petrol,Dealer,Manual,0,2393,19.4,Gurugram,Black,4
7418,Hyundai Alcazar,2020,20.81,8.01,48986,Diesel,Dealer,Automatic,1,1956,19.3,Gurugram,Blue,6
7419,Renault Kiger,2022,8.9,6.55,2500,Petrol,Dealer,Manual,0,1597,14.5,Chandigarh,White,4
7420,Hyundai Verna,2015,13.67,1.64,117054,Petrol,Dealer,Manual,0,1497,25.4,Lucknow,Blue,11
7421,Honda Amaze,2021,8.26,2.34,66424,Petrol,Dealer,Manual,2,2179,22.1,Mumbai,Silver,5
7422,Mahindra Scorpio,2022,19.07,13.02,10237,Diesel,Dealer,Manual,0,2179,19.7,Gurugram,Silver,4
7423,Jeep Compass,2023,27.75,14.74,60630,Diesel,Individual,Automatic,1,1197,17.4,Ludhiana,Black,3
7424,Tata Safari,2020,24.97,11.92,42771,Diesel,Individual,Automatic,0,799,23.4,Chennai,Red,6
7425,Tata Punch,2018,8.25,1.53,67528,Petrol,Individual,Manual,0,998,13.3,Amritsar,Black,8
7426,Toyota Fortuner,2013,39.47,4.74,72670,Diesel,Dealer,Automatic,0,1997,15.6,Amritsar,Grey,13
7427,Tata Nexon,2013,13.26,1.59,101404,Petrol,Individual,Manual,0,1597,13.1,Amritsar,Black,13
7428,Tata Altroz,2019,9.96,1.22,101160,Petrol,Dealer,Manual,2,1498,12.2,Pune,Blue,7
7429,Tata Tiago,2025,6.89,5.49,14108,Petrol,Individual,Manual,1,799,21.2,Ludhiana,Brown,1
7430,Maruti Alto,2014,4.64,0.56,157536,Petrol,Dealer,Manual,1,1997,13.6,Mumbai,Black,12
7431,Maruti Ertiga,2013,10.91,1.31,116249,Petrol,Dealer,Manual,0,1497,18.0,Mohali,Silver,13
7432,Maruti Wagon R,2022,6.03,3.13,53582,Petrol,Dealer,Manual,0,2179,12.2,Bengaluru,White,4
7433,Toyota Glanza,2019,9.21,3.03,38885,Petrol,Individual,Manual,2,1497,25.0,Mohali,Grey,7
7434,Toyota Innova Crysta,2014,27.3,3.28,75742,Diesel,Dealer,Manual,0,1199,16.9,Pune,Red,12
7435,Mahindra Thar,2017,15.86,1.9,77431,Diesel,Dealer,Manual,1,1497,18.6,Kolkata,White,9
7436,Mahindra Bolero,2016,10.76,1.29,122979,Diesel,Dealer,Manual,1,2393,14.1,Ludhiana,Brown,10
7437,Honda Elevate,2013,15.26,1.83,93801,Petrol,Dealer,Manual,1,1597,15.5,Chandigarh,Grey,13
7438,Tata Altroz,2024,9.81,6.12,44033,Petrol,Individual,Manual,0,1497,18.5,Chandigarh,White,2
7439,Maruti Alto,2019,4.25,1.49,26236,Petrol,Dealer,Manual,1,1498,19.9,Bengaluru,Black,7
7440,Renault Kwid,2024,4.71,3.54,27489,Petrol,Individual,Manual,0,799,17.2,Chandigarh,Silver,2
7441,Maruti Fronx,2016,9.68,1.16,58931,Petrol,Individual,Manual,0,1997,16.3,Mohali,Silver,10
7442,Mahindra Scorpio,2014,18.69,2.24,74797,Diesel,Individual,Manual,0,998,16.7,Chandigarh,Grey,12
7443,Mahindra Scorpio,2019,19.68,6.49,34812,Diesel,Dealer,Manual,1,2393,22.2,Mohali,Grey,7
7444,Maruti Wagon R,2024,6.55,4.39,28400,Petrol,Individual,Manual,1,1498,17.4,Chandigarh,Blue,2
7445,Hyundai Creta,2020,15.27,5.65,33146,Diesel,Dealer,Manual,3,2393,14.4,Chennai,Grey,6
7446,Jeep Compass,2015,27.28,3.27,55030,Diesel,Individual,Automatic,1,1956,22.7,Noida,Red,11
7447,Mahindra Scorpio,2022,19.66,10.98,38928,Diesel,Individual,Manual,0,1997,18.3,Jaipur,Grey,4
7448,Maruti Alto,2018,4.04,0.62,62801,Petrol,Individual,Manual,2,1497,24.6,Hyderabad,Silver,8
7449,Hyundai i20,2014,8.09,0.97,118203,Petrol,Dealer,Manual,0,1597,25.1,Ludhiana,Grey,12
7450,Skoda Slavia,2025,15.8,14.15,7172,Petrol,Individual,Automatic,1,799,17.1,Noida,Blue,1
7451,Skoda Rapid,2017,9.77,2.07,54714,Diesel,Dealer,Manual,0,1199,18.0,Kolkata,White,9
7452,Nissan Magnite,2016,9.2,1.1,90962,Petrol,Dealer,Manual,0,2179,17.2,Lucknow,Red,10
7453,Jeep Compass,2018,25.78,3.09,84410,Diesel,Individual,Automatic,1,1956,19.6,Mohali,Red,8
7454,Hyundai Creta,2024,17.29,12.02,31473,Diesel,Individual,Manual,2,799,22.4,Mohali,Grey,2
7455,Honda Elevate,2015,14.53,1.74,49396,Petrol,Individual,Manual,1,799,20.5,Mumbai,Brown,11
7456,Mahindra Bolero,2014,10.25,1.23,77783,Diesel,Dealer,Manual,1,2179,14.0,Hyderabad,Blue,12
7457,Tata Altroz,2018,9.2,1.6,73040,Petrol,Dealer,Manual,0,1597,21.2,Bengaluru,Blue,8
7458,Volkswagen Polo,2022,8.41,4.7,43743,Petrol,Individual,Manual,0,1597,19.9,Pune,Black,4
7459,MG Hector,2021,20.26,10.5,29969,Petrol,Dealer,Automatic,0,2179,13.9,Jaipur,Red,5
7460,Maruti Baleno,2021,9.56,5.28,7927,Petrol,Individual,Manual,1,1997,16.3,Gurugram,Grey,5
7461,Toyota Glanza,2025,9.62,8.72,2500,Petrol,Individual,Manual,1,2393,12.4,Chandigarh,Black,1
7462,Mahindra XUV700,2013,26.51,3.18,110438,Diesel,Dealer,Automatic,1,998,18.2,Amritsar,Grey,13
7463,Maruti Wagon R,2025,5.48,4.21,36827,Petrol,Dealer,Manual,1,1997,25.1,Kolkata,Silver,1
7464,Maruti Swift,2025,8.99,7.5,2500,Petrol,Individual,Manual,2,2179,13.7,Lucknow,Silver,1
7465,Toyota Glanza,2024,10.06,7.66,29156,Petrol,Dealer,Manual,0,2393,13.0,Mohali,Blue,2
7466,Honda Elevate,2024,17.3,14.83,2500,Petrol,Individual,Manual,0,1498,21.5,Jaipur,Black,2
7467,Kia Seltos,2012,15.78,1.89,70926,Diesel,Individual,Manual,0,1997,16.1,Jaipur,Blue,14
7468,Toyota Glanza,2012,9.8,1.18,103515,Petrol,Dealer,Manual,0,1199,19.4,Bengaluru,Brown,14
7469,Maruti Fronx,2024,11.04,7.54,36765,Petrol,Individual,Manual,2,998,15.8,Gurugram,Blue,2
7470,Maruti Swift,2018,8.52,1.72,58323,Petrol,Dealer,Manual,1,1497,16.1,Kolkata,Blue,8
7471,Tata Nexon,2023,11.58,9.05,17398,Petrol,Individual,Manual,0,2755,18.6,Chandigarh,Silver,3
7472,Hyundai Grand i10,2019,6.19,1.53,80392,Petrol,Dealer,Manual,0,799,12.9,Lucknow,Black,7
7473,Renault Kiger,2020,8.26,3.59,58047,Petrol,Dealer,Manual,0,1199,22.4,Noida,Brown,6
7474,Hyundai Creta,2015,18.16,2.18,121731,Diesel,Dealer,Manual,1,2393,24.2,Chandigarh,White,11
7475,Mahindra Bolero,2021,9.16,5.47,2500,Diesel,Dealer,Manual,1,1498,18.5,Amritsar,Black,5
7476,Hyundai Alcazar,2018,22.42,2.69,92481,Diesel,Dealer,Automatic,1,998,21.7,Hyderabad,Blue,8
7477,Maruti Ertiga,2025,11.27,9.07,28549,Petrol,Dealer,Manual,0,1197,24.7,Delhi,Grey,1
7478,Hyundai Venue,2024,13.13,9.3,33231,Petrol,Individual,Manual,1,1497,13.4,Bengaluru,Grey,2
7479,Hyundai Creta,2022,16.22,9.37,48001,Diesel,Dealer,Manual,0,2755,24.7,Ludhiana,Silver,4
7480,Honda City,2015,16.04,1.92,75210,Petrol,Dealer,Manual,0,1197,13.1,Chennai,Blue,11
7481,Volkswagen Polo,2021,7.39,3.92,31947,Petrol,Dealer,Manual,1,1498,20.9,Amritsar,Red,5
7482,Hyundai Creta,2021,15.32,6.99,53652,Diesel,Dealer,Manual,0,1997,23.9,Amritsar,Grey,5
7483,Tata Punch,2018,8.12,1.36,69333,Petrol,Individual,Manual,0,1997,19.8,Ludhiana,Brown,8
7484,Maruti Ertiga,2015,11.4,1.37,95534,Petrol,Individual,Manual,0,1197,13.3,Mumbai,Red,11
7485,Mahindra XUV700,2019,26.99,6.25,61876,Diesel,Dealer,Automatic,0,2393,17.0,Mohali,Silver,7
7486,Hyundai Verna,2024,15.03,11.67,5791,Petrol,Individual,Manual,1,1497,19.2,Noida,Brown,2
7487,Maruti Swift,2013,7.45,0.89,112958,Petrol,Dealer,Manual,1,1498,13.7,Chandigarh,Silver,13
7488,Skoda Rapid,2014,9.41,1.13,135457,Diesel,Individual,Manual,3,2393,20.0,Ludhiana,Silver,12
7489,Tata Safari,2012,21.91,2.63,118538,Diesel,Dealer,Automatic,0,799,20.5,Jaipur,White,14
7490,Mahindra Bolero,2018,11.14,1.34,85084,Diesel,Individual,Manual,0,1197,17.3,Bengaluru,Brown,8
7491,MG Hector,2020,23.6,7.95,52713,Petrol,Dealer,Automatic,0,1597,24.1,Ludhiana,Black,6
7492,Skoda Rapid,2022,8.83,3.89,71217,Diesel,Dealer,Manual,1,2179,23.2,Chandigarh,Blue,4
7493,Kia Sonet,2018,13.3,1.6,62130,Petrol,Dealer,Manual,2,1497,20.4,Chandigarh,Blue,8
7494,Hyundai Grand i10,2018,7.42,1.61,53365,Petrol,Dealer,Manual,0,2755,15.3,Noida,Blue,8
7495,Tata Harrier,2014,19.47,2.34,91050,Diesel,Dealer,Manual,1,1498,22.1,Noida,Blue,12
7496,Jeep Compass,2025,28.41,22.93,8541,Diesel,Dealer,Automatic,3,2755,12.8,Noida,Silver,1
7497,Volkswagen Virtus,2019,17.74,5.08,49212,Petrol,Individual,Automatic,0,1997,20.7,Bengaluru,White,7
7498,Toyota Fortuner,2017,43.16,9.22,48975,Diesel,Individual,Automatic,0,1197,20.4,Chandigarh,Red,9
7499,Tata Nexon,2019,11.88,2.61,68646,Petrol,Individual,Manual,1,1597,15.0,Kolkata,Black,7
7500,Mahindra Bolero,2020,10.38,5.58,2500,Diesel,Dealer,Manual,0,1497,21.0,Amritsar,Red,6
7501,Volkswagen Polo,2020,7.37,2.45,61838,Petrol,Dealer,Manual,0,998,12.1,Delhi,Grey,6
7502,Maruti Dzire,2016,9.34,1.12,117872,Petrol,Dealer,Manual,0,1597,15.6,Mumbai,Grey,10
7503,Skoda Slavia,2021,18.18,10.18,22851,Petrol,Individual,Automatic,0,1497,18.8,Chennai,Brown,5
7504,Honda City,2015,13.62,1.63,85602,Petrol,Dealer,Manual,0,2179,17.8,Lucknow,Black,11
7505,Maruti Wagon R,2018,6.38,1.55,62358,Petrol,Dealer,Manual,0,1498,12.4,Chennai,Silver,8
7506,Maruti Dzire,2013,9.02,1.08,157291,Petrol,Individual,Manual,0,1498,13.5,Noida,Black,13
7507,Jeep Compass,2020,26.1,7.9,73399,Diesel,Individual,Automatic,0,1197,18.6,Ludhiana,Grey,6
7508,Mahindra XUV700,2013,26.39,3.17,104942,Diesel,Dealer,Automatic,0,799,16.5,Kolkata,Brown,13
7509,Honda Amaze,2016,8.87,1.06,117315,Petrol,Dealer,Manual,0,1497,12.9,Gurugram,Silver,10
7510,Maruti Swift,2018,8.47,1.46,54123,Petrol,Dealer,Manual,0,1997,22.5,Mumbai,Blue,8
7511,Kia Seltos,2024,16.78,11.55,2500,Diesel,Individual,Manual,3,998,19.7,Bengaluru,White,2
7512,Maruti Baleno,2019,9.4,3.07,41739,Petrol,Dealer,Manual,0,799,22.7,Chennai,Red,7
7513,Tata Altroz,2025,8.26,5.81,40507,Petrol,Dealer,Manual,2,2755,19.0,Noida,Grey,1
7514,Hyundai i20,2023,8.96,4.07,70398,Petrol,Dealer,Manual,1,1956,13.2,Gurugram,Silver,3
7515,Hyundai Grand i10,2012,6.31,0.76,120011,Petrol,Dealer,Manual,0,1956,12.9,Amritsar,White,14
7516,Hyundai Venue,2023,10.88,6.36,50836,Petrol,Individual,Manual,0,1199,18.9,Pune,White,3
7517,Mahindra Scorpio,2017,20.81,3.08,59324,Diesel,Dealer,Manual,1,799,18.4,Chandigarh,White,9
7518,Mahindra Scorpio,2023,18.03,12.02,28345,Diesel,Dealer,Manual,1,1498,22.4,Noida,Silver,3
7519,Renault Kwid,2018,5.27,0.89,80042,Petrol,Dealer,Manual,1,1956,13.9,Bengaluru,Red,8
7520,Mahindra Scorpio,2015,21.63,2.6,123783,Diesel,Dealer,Manual,1,2393,18.1,Delhi,Grey,11
7521,Maruti Dzire,2012,8.21,0.99,114354,Petrol,Individual,Manual,0,799,20.2,Mumbai,White,14
7522,Honda Elevate,2022,16.78,9.59,22087,Petrol,Dealer,Manual,2,1997,15.9,Bengaluru,Black,4
7523,Honda Amaze,2012,9.71,1.17,127364,Petrol,Dealer,Manual,0,1956,23.6,Kolkata,Blue,14
7524,MG Hector,2016,21.68,2.6,106077,Petrol,Dealer,Automatic,0,1197,16.1,Mohali,Grey,10
7525,Skoda Rapid,2012,9.06,1.09,121508,Diesel,Dealer,Manual,2,2179,25.2,Gurugram,Red,14
7526,Kia Seltos,2023,18.88,12.71,34224,Diesel,Dealer,Manual,1,1197,14.2,Lucknow,Brown,3
7527,Mahindra Bolero,2017,9.54,1.14,52440,Diesel,Individual,Manual,1,998,17.8,Hyderabad,Brown,9
7528,Skoda Slavia,2012,17.15,2.06,110820,Petrol,Dealer,Automatic,0,1197,17.7,Amritsar,Blue,14
7529,Maruti Swift,2018,8.99,1.08,65589,Petrol,Individual,Manual,2,1498,21.8,Bengaluru,Red,8
7530,Volkswagen Virtus,2012,17.62,2.11,136843,Petrol,Dealer,Automatic,0,2179,17.2,Mumbai,White,14
7531,Hyundai Venue,2021,12.29,5.68,40991,Petrol,Dealer,Manual,0,2393,24.4,Chandigarh,Brown,5
7532,Toyota Fortuner,2020,36.45,12.03,61342,Diesel,Individual,Automatic,0,1497,21.1,Amritsar,Grey,6
7533,Tata Harrier,2020,21.98,8.88,49036,Diesel,Individual,Manual,1,799,24.1,Lucknow,Silver,6
7534,Mahindra XUV700,2014,26.1,3.13,55404,Diesel,Individual,Automatic,1,1497,24.9,Lucknow,Silver,12
7535,Volkswagen Virtus,2019,15.47,3.55,84335,Petrol,Dealer,Automatic,0,2393,19.3,Pune,Black,7
7536,Honda Elevate,2012,14.91,1.79,154458,Petrol,Dealer,Manual,1,1498,24.4,Lucknow,Brown,14
7537,Hyundai Creta,2024,18.91,15.57,12747,Diesel,Dealer,Manual,0,799,15.9,Noida,Silver,2
7538,MG Hector,2020,21.83,6.55,59154,Petrol,Dealer,Automatic,1,799,17.6,Amritsar,White,6
7539,Nissan Magnite,2013,7.93,0.95,110530,Petrol,Individual,Manual,2,799,14.5,Mohali,Brown,13
7540,Jeep Compass,2013,26.27,3.15,88326,Diesel,Dealer,Automatic,0,1197,13.0,Mumbai,Grey,13
7541,Skoda Rapid,2019,10.48,2.34,74990,Diesel,Dealer,Manual,0,1956,19.6,Jaipur,Brown,7
7542,Hyundai Creta,2022,16.54,6.81,58998,Diesel,Dealer,Manual,2,1997,24.6,Kolkata,Blue,4
7543,Maruti Alto,2016,4.56,0.55,69174,Petrol,Dealer,Manual,3,799,16.5,Kolkata,Red,10
7544,Toyota Glanza,2014,10.05,1.21,97391,Petrol,Individual,Manual,0,1197,22.0,Chandigarh,Blue,12
7545,Mahindra Bolero,2015,9.2,1.1,85204,Diesel,Dealer,Manual,1,1498,20.6,Chennai,White,11
7546,Volkswagen Virtus,2016,15.83,1.9,69197,Petrol,Individual,Automatic,0,1597,14.8,Mohali,Silver,10
7547,Tata Nexon,2013,11.66,1.4,111399,Petrol,Dealer,Manual,1,2179,24.2,Lucknow,Brown,13
7548,Honda City,2017,15.33,1.84,71409,Petrol,Individual,Manual,1,2179,18.7,Ludhiana,Silver,9
7549,Maruti Swift,2024,8.6,6.61,2500,Petrol,Dealer,Manual,1,2179,24.8,Chennai,Grey,2
7550,Honda Amaze,2025,9.0,7.4,14406,Petrol,Individual,Manual,1,1497,23.4,Pune,Silver,1
7551,Maruti Ciaz,2013,12.22,1.47,90201,Petrol,Dealer,Manual,2,1199,16.6,Lucknow,Brown,13
7552,Mahindra Thar,2021,18.63,10.31,34765,Diesel,Dealer,Manual,0,1498,14.0,Noida,Black,5
7553,Jeep Compass,2016,26.73,3.21,64644,Diesel,Dealer,Automatic,0,1997,16.3,Bengaluru,Red,10
7554,Mahindra Thar,2023,16.72,11.17,43278,Diesel,Individual,Manual,0,2179,15.6,Noida,Brown,3
7555,Renault Kwid,2020,5.4,1.69,58851,Petrol,Dealer,Manual,1,1597,13.8,Amritsar,Blue,6
7556,Jeep Compass,2017,28.19,3.38,75700,Diesel,Individual,Automatic,3,2393,16.0,Mumbai,Grey,9
7557,Toyota Fortuner,2017,45.86,5.5,62808,Diesel,Dealer,Automatic,0,1498,19.4,Pune,Blue,9
7558,Skoda Slavia,2025,16.2,13.61,19922,Petrol,Individual,Automatic,0,1497,18.2,Bengaluru,Blue,1
7559,Mahindra Scorpio,2015,18.09,2.17,81764,Diesel,Individual,Manual,0,2755,24.7,Noida,Silver,11
7560,Jeep Compass,2024,28.69,21.36,20584,Diesel,Dealer,Automatic,1,1197,20.2,Hyderabad,Blue,2
7561,Tata Safari,2022,27.53,12.21,57074,Diesel,Individual,Automatic,2,998,24.0,Kolkata,Red,4
7562,MG Hector,2012,19.32,2.32,124760,Petrol,Dealer,Automatic,0,2393,16.8,Noida,Blue,14
7563,Volkswagen Virtus,2024,16.43,11.31,25208,Petrol,Dealer,Automatic,1,1997,14.4,Chennai,Black,2
7564,Toyota Fortuner,2025,42.19,37.84,7600,Diesel,Dealer,Automatic,0,2179,21.4,Delhi,Brown,1
7565,Tata Safari,2019,25.02,9.32,43181,Diesel,Individual,Automatic,0,1997,22.0,Amritsar,Blue,7
7566,Hyundai Grand i10,2021,7.6,4.36,16659,Petrol,Dealer,Manual,1,2393,20.7,Chennai,Blue,5
7567,Toyota Fortuner,2020,41.43,10.14,66839,Diesel,Dealer,Automatic,2,1497,17.4,Lucknow,White,6
7568,Skoda Rapid,2014,9.54,1.15,100456,Diesel,Individual,Manual,0,1956,12.0,Kolkata,White,12
7569,Tata Altroz,2025,8.56,7.48,12627,Petrol,Dealer,Manual,1,1597,12.1,Ludhiana,Silver,1
7570,MG Hector,2021,23.59,9.49,46719,Petrol,Individual,Automatic,1,1197,13.7,Mohali,Silver,5
7571,Hyundai Alcazar,2017,22.09,2.65,89195,Diesel,Dealer,Automatic,0,1197,22.3,Mumbai,Red,9
7572,Mahindra Bolero,2017,9.8,1.18,130244,Diesel,Individual,Manual,0,1197,24.7,Chandigarh,Black,9
7573,Volkswagen Virtus,2025,18.41,14.96,27345,Petrol,Individual,Automatic,0,2755,18.1,Bengaluru,Black,1
7574,Renault Kiger,2014,9.1,1.09,98076,Petrol,Individual,Manual,0,998,14.6,Kolkata,White,12
7575,Mahindra XUV700,2014,27.47,3.3,85663,Diesel,Dealer,Automatic,2,799,14.1,Pune,Blue,12
7576,Tata Nexon,2016,11.73,1.41,109303,Petrol,Dealer,Manual,1,1997,20.4,Lucknow,Silver,10
7577,Hyundai Alcazar,2020,21.12,9.05,32213,Diesel,Dealer,Automatic,0,2393,21.4,Ludhiana,White,6
7578,Jeep Compass,2020,25.58,7.13,76778,Diesel,Individual,Automatic,0,1498,14.2,Chandigarh,White,6
7579,Hyundai Verna,2019,14.52,3.46,61294,Petrol,Dealer,Manual,0,2393,12.5,Ludhiana,Brown,7
7580,Honda Amaze,2017,8.28,0.99,67122,Petrol,Dealer,Manual,1,2755,12.6,Chennai,Red,9
7581,Maruti Baleno,2014,8.72,1.05,139672,Petrol,Dealer,Manual,1,1199,13.5,Bengaluru,Black,12
7582,Tata Altroz,2015,9.96,1.2,77247,Petrol,Individual,Manual,0,1498,13.3,Bengaluru,Brown,11
7583,Mahindra Thar,2014,16.49,1.98,98709,Diesel,Individual,Manual,3,1597,20.3,Chennai,Blue,12
7584,Maruti Ertiga,2012,12.83,1.54,130989,Petrol,Individual,Manual,2,2755,22.3,Delhi,Grey,14
7585,Hyundai Grand i10,2020,6.52,1.77,79716,Petrol,Dealer,Manual,0,1997,23.2,Hyderabad,Silver,6
7586,Skoda Slavia,2020,18.02,5.27,72836,Petrol,Individual,Automatic,0,1498,18.1,Chandigarh,Blue,6
7587,Volkswagen Virtus,2012,15.45,1.85,97571,Petrol,Individual,Automatic,0,1197,20.2,Noida,Black,14
7588,Jeep Compass,2024,28.36,19.75,40461,Diesel,Dealer,Automatic,0,2755,13.1,Jaipur,Brown,2
7589,Renault Kwid,2012,5.46,0.66,109296,Petrol,Dealer,Manual,0,799,21.5,Mohali,White,14
7590,Hyundai i20,2017,9.3,1.12,88885,Petrol,Individual,Manual,1,1997,16.5,Kolkata,White,9
7591,Maruti Ciaz,2019,10.31,2.32,60438,Petrol,Individual,Manual,1,1498,14.1,Noida,Brown,7
7592,MG Hector,2023,19.59,13.98,2500,Petrol,Individual,Automatic,1,1498,14.0,Gurugram,Black,3
7593,Hyundai Creta,2022,17.32,11.1,18714,Diesel,Individual,Manual,0,2755,17.0,Delhi,Brown,4
7594,Mahindra Thar,2014,15.8,1.9,87628,Diesel,Dealer,Manual,0,2755,13.4,Chennai,Black,12
7595,Kia Seltos,2023,16.22,11.75,10208,Diesel,Individual,Manual,0,1199,18.1,Delhi,Brown,3
7596,Maruti Ciaz,2016,10.85,1.3,52632,Petrol,Dealer,Manual,1,2755,20.5,Bengaluru,Red,10
7597,Mahindra Thar,2013,18.69,2.24,153175,Diesel,Individual,Manual,0,1997,21.2,Jaipur,Silver,13
7598,Maruti Brezza,2013,13.31,1.6,120032,Petrol,Dealer,Manual,0,998,19.8,Chennai,Silver,13
7599,MG Hector,2014,23.26,2.79,118199,Petrol,Individual,Automatic,0,1197,18.9,Noida,Red,12
7600,Tata Altroz,2021,10.08,4.6,45275,Petrol,Individual,Manual,1,2393,21.6,Delhi,Red,5
7601,Hyundai Verna,2022,13.47,7.37,37547,Petrol,Individual,Manual,0,799,24.1,Gurugram,Black,4
7602,Tata Tiago,2025,7.3,5.16,47461,Petrol,Individual,Manual,1,1498,24.5,Pune,Black,1
7603,Maruti Baleno,2024,8.23,6.81,2500,Petrol,Individual,Manual,0,2179,18.6,Gurugram,Blue,2
7604,Toyota Innova Crysta,2018,23.89,2.87,86170,Diesel,Dealer,Manual,1,998,16.4,Pune,Brown,8
7605,Kia Seltos,2025,17.38,11.45,45708,Diesel,Dealer,Manual,0,799,15.3,Kolkata,Black,1
7606,Maruti Ertiga,2020,10.97,4.5,44109,Petrol,Individual,Manual,0,1997,23.7,Kolkata,Black,6
7607,Mahindra XUV700,2025,25.11,21.57,16250,Diesel,Dealer,Automatic,2,2393,14.4,Bengaluru,Silver,1
7608,Mahindra Scorpio,2014,20.41,2.45,93744,Diesel,Dealer,Manual,1,998,23.0,Amritsar,Silver,12
7609,Kia Seltos,2014,15.6,1.87,70589,Diesel,Individual,Manual,0,1498,14.0,Chandigarh,Silver,12
7610,Maruti Brezza,2012,13.22,1.59,108292,Petrol,Individual,Manual,1,1497,24.7,Mumbai,Brown,14
7611,Toyota Fortuner,2018,45.21,6.21,104882,Diesel,Dealer,Automatic,0,1199,13.6,Mohali,Red,8
7612,Mahindra Bolero,2015,10.09,1.21,96365,Diesel,Dealer,Manual,0,799,20.5,Bengaluru,Blue,11
7613,Hyundai i20,2015,9.35,1.12,100987,Petrol,Individual,Manual,0,1997,17.3,Jaipur,White,11
7614,Volkswagen Polo,2018,7.83,1.86,41244,Petrol,Individual,Manual,0,1197,20.7,Hyderabad,Blue,8
7615,Kia Seltos,2015,15.74,1.89,83315,Diesel,Individual,Manual,1,1956,23.5,Pune,Black,11
7616,Skoda Rapid,2023,8.94,5.71,42077,Diesel,Individual,Manual,0,1997,13.7,Mumbai,Blue,3
7617,Kia Seltos,2025,18.39,13.57,68618,Diesel,Individual,Manual,1,1997,17.1,Hyderabad,White,1
7618,Maruti Alto,2014,4.19,0.55,117059,Petrol,Individual,Manual,0,2179,22.9,Jaipur,Grey,12
7619,Hyundai Grand i10,2024,7.57,5.43,20201,Petrol,Individual,Manual,0,1997,19.5,Amritsar,Silver,2
7620,Tata Harrier,2023,17.83,14.14,2500,Diesel,Dealer,Manual,0,2755,12.6,Gurugram,Grey,3
7621,Hyundai Creta,2019,16.51,6.41,25169,Diesel,Dealer,Manual,0,1597,21.3,Ludhiana,Brown,7
7622,Hyundai Grand i10,2014,6.23,0.75,100215,Petrol,Individual,Manual,0,998,14.2,Chennai,Blue,12
7623,Tata Tiago,2022,6.65,3.44,32516,Petrol,Dealer,Manual,2,1498,15.9,Noida,Blue,4
7624,Tata Safari,2023,25.72,17.84,11164,Diesel,Dealer,Automatic,1,2179,24.6,Delhi,Black,3
7625,Hyundai Alcazar,2025,23.77,18.84,27293,Diesel,Dealer,Automatic,0,2393,15.2,Chennai,White,1
7626,Toyota Innova Crysta,2012,25.45,3.05,126476,Diesel,Dealer,Manual,1,1497,20.3,Pune,Blue,14
7627,Kia Sonet,2017,11.03,1.32,92654,Petrol,Dealer,Manual,1,1498,14.7,Pune,White,9
7628,Hyundai Alcazar,2023,18.88,13.27,29786,Diesel,Dealer,Automatic,0,1197,16.7,Mohali,Silver,3
7629,Hyundai Venue,2013,10.97,1.32,85433,Petrol,Dealer,Manual,1,1997,14.0,Lucknow,Grey,13
7630,Toyota Fortuner,2017,35.6,4.27,89396,Diesel,Dealer,Automatic,0,1497,16.0,Chandigarh,Red,9
7631,Toyota Glanza,2014,9.69,1.16,86220,Petrol,Individual,Manual,1,1997,22.8,Hyderabad,Brown,12
7632,Maruti Fronx,2013,8.9,1.07,124303,Petrol,Dealer,Manual,2,1197,18.4,Jaipur,Black,13
7633,Renault Kwid,2013,5.31,0.64,120617,Petrol,Dealer,Manual,1,1497,23.8,Kolkata,Black,13
7634,MG Hector,2022,21.58,9.42,64371,Petrol,Dealer,Automatic,0,1956,23.2,Hyderabad,Blue,4
7635,MG Hector,2017,20.98,3.36,57606,Petrol,Dealer,Automatic,1,1597,21.6,Mohali,Silver,9
7636,Tata Safari,2025,26.01,22.94,18235,Diesel,Dealer,Automatic,0,998,24.5,Bengaluru,Black,1
7637,Toyota Fortuner,2023,37.66,20.95,43148,Diesel,Dealer,Automatic,1,1997,22.3,Lucknow,Blue,3
7638,Tata Altroz,2018,8.2,1.81,52977,Petrol,Individual,Manual,0,1997,21.2,Ludhiana,Grey,8
7639,Mahindra Bolero,2013,9.26,1.11,115835,Diesel,Individual,Manual,0,1497,19.7,Mumbai,Brown,13
7640,Maruti Ertiga,2020,12.67,3.72,98959,Petrol,Dealer,Manual,1,1497,13.7,Lucknow,Brown,6
7641,Nissan Magnite,2021,9.88,4.23,77779,Petrol,Dealer,Manual,0,998,21.1,Mohali,White,5
7642,Hyundai Venue,2015,12.49,1.5,106948,Petrol,Dealer,Manual,0,998,21.9,Mumbai,Blue,11
7643,Mahindra Scorpio,2023,19.6,8.3,74057,Diesel,Individual,Manual,2,1197,18.7,Pune,Black,3
7644,MG Hector,2017,20.15,2.42,74949,Petrol,Dealer,Automatic,0,998,22.8,Kolkata,Grey,9
7645,Mahindra Scorpio,2014,19.6,2.35,141741,Diesel,Dealer,Manual,1,1597,17.2,Gurugram,White,12
7646,Ford EcoSport,2018,8.71,1.04,92521,Diesel,Individual,Manual,0,1497,18.5,Ludhiana,Silver,8
7647,Maruti Ertiga,2022,10.13,4.21,66642,Petrol,Dealer,Manual,0,998,24.5,Mohali,Black,4
7648,Kia Sonet,2020,12.69,3.08,59788,Petrol,Individual,Manual,3,1498,12.1,Pune,Silver,6
7649,Toyota Fortuner,2019,42.35,14.13,27077,Diesel,Individual,Automatic,0,998,12.9,Chennai,White,7
7650,Maruti Swift,2016,7.79,0.94,85185,Petrol,Dealer,Manual,0,2393,16.7,Pune,Brown,10
7651,Maruti Baleno,2024,10.04,7.49,14310,Petrol,Individual,Manual,2,1597,24.1,Kolkata,Grey,2
7652,Volkswagen Polo,2019,8.48,1.89,84981,Petrol,Individual,Manual,0,2179,15.8,Noida,Silver,7
7653,Tata Altroz,2023,9.05,6.17,26131,Petrol,Individual,Manual,0,1197,23.3,Chennai,Brown,3
7654,Renault Kwid,2015,4.7,0.56,92713,Petrol,Dealer,Manual,1,1956,20.8,Kolkata,Black,11
7655,Tata Harrier,2020,21.85,8.01,39531,Diesel,Individual,Manual,0,1997,25.3,Jaipur,White,6
7656,Skoda Slavia,2017,18.98,2.28,97238,Petrol,Dealer,Automatic,3,1997,24.6,Chandigarh,Blue,9
7657,Honda Elevate,2018,16.04,2.93,59721,Petrol,Dealer,Manual,0,1497,21.3,Noida,Grey,8
7658,Kia Sonet,2014,11.62,1.39,106473,Petrol,Dealer,Manual,0,1498,24.9,Amritsar,Red,12
7659,Jeep Compass,2021,26.06,6.92,91716,Diesel,Dealer,Automatic,1,799,19.5,Ludhiana,Blue,5
7660,Maruti Ertiga,2015,11.2,1.34,81552,Petrol,Individual,Manual,1,1497,16.4,Amritsar,Grey,11
7661,Kia Sonet,2015,13.23,1.59,113445,Petrol,Dealer,Manual,0,1498,13.9,Bengaluru,White,11
7662,Maruti Swift,2014,8.02,0.96,131613,Petrol,Individual,Manual,2,2393,25.0,Bengaluru,Grey,12
7663,Volkswagen Polo,2019,7.5,1.82,40445,Petrol,Individual,Manual,3,998,21.7,Delhi,Brown,7
7664,Tata Punch,2018,7.95,2.48,25324,Petrol,Individual,Manual,0,1199,21.6,Amritsar,Red,8
7665,Skoda Rapid,2022,9.17,5.91,21949,Diesel,Dealer,Manual,0,1498,12.6,Delhi,Black,4
7666,Hyundai Creta,2021,16.44,3.74,101504,Diesel,Individual,Manual,3,1997,22.0,Chennai,Grey,5
7667,Maruti Brezza,2021,13.88,5.42,47600,Petrol,Dealer,Manual,1,2179,23.1,Bengaluru,Grey,5
7668,Maruti Swift,2024,8.54,7.41,2500,Petrol,Individual,Manual,0,1597,18.6,Chennai,White,2
7669,Hyundai Grand i10,2021,6.72,3.89,21316,Petrol,Dealer,Manual,0,1956,12.7,Delhi,Red,5
7670,Kia Seltos,2024,17.75,10.5,50111,Diesel,Individual,Manual,3,1997,13.9,Delhi,Brown,2
7671,Tata Nexon,2021,10.91,5.27,41289,Petrol,Individual,Manual,1,1997,19.3,Hyderabad,White,5
7672,Toyota Fortuner,2012,42.06,5.05,137889,Diesel,Individual,Automatic,0,2179,18.9,Lucknow,Grey,14
7673,Kia Seltos,2022,18.14,9.83,50775,Diesel,Dealer,Manual,0,1597,16.7,Mohali,Silver,4
7674,Ford EcoSport,2022,10.57,4.71,64341,Diesel,Individual,Manual,1,1497,25.4,Kolkata,Grey,4
7675,Maruti Ciaz,2019,10.89,4.23,19609,Petrol,Dealer,Manual,1,1597,14.8,Pune,Brown,7
7676,Ford EcoSport,2015,10.26,1.23,81206,Diesel,Dealer,Manual,0,1498,20.2,Bengaluru,Silver,11
7677,Tata Tiago,2018,6.9,1.13,72195,Petrol,Individual,Manual,1,1956,22.9,Pune,Red,8
7678,Hyundai Creta,2024,15.93,12.03,20634,Diesel,Dealer,Manual,1,2179,21.1,Delhi,Blue,2
7679,Toyota Innova Crysta,2015,25.55,3.07,87600,Diesel,Individual,Manual,0,1597,16.5,Lucknow,Grey,11
7680,Renault Kwid,2025,5.34,4.31,31257,Petrol,Individual,Manual,1,1197,21.8,Chennai,Red,1
7681,Tata Harrier,2013,20.88,2.51,128164,Diesel,Individual,Manual,0,1956,12.4,Amritsar,Red,13
7682,Toyota Glanza,2018,9.62,1.34,67455,Petrol,Dealer,Manual,2,1497,23.3,Chennai,Black,8
7683,Honda Amaze,2012,10.04,1.21,101091,Petrol,Dealer,Manual,0,1197,12.6,Chennai,Brown,14
7684,Tata Tiago,2018,7.75,1.47,44203,Petrol,Dealer,Manual,1,799,16.5,Gurugram,White,8
7685,Maruti Ciaz,2013,12.04,1.44,101451,Petrol,Individual,Manual,0,2755,17.0,Mumbai,Silver,13
7686,Renault Kwid,2014,5.15,0.62,101409,Petrol,Individual,Manual,0,1199,21.4,Mohali,White,12
7687,Tata Punch,2018,8.82,1.54,60659,Petrol,Dealer,Manual,0,1997,18.2,Mohali,White,8
7688,Tata Nexon,2013,12.02,1.44,87316,Petrol,Dealer,Manual,0,1199,15.8,Amritsar,Red,13
7689,Maruti Brezza,2018,12.31,3.72,23646,Petrol,Dealer,Manual,0,1197,22.2,Chandigarh,White,8
7690,Maruti Ertiga,2022,11.1,5.56,46858,Petrol,Individual,Manual,1,1997,14.6,Pune,Black,4
7691,Maruti Alto,2019,4.16,0.55,76840,Petrol,Individual,Manual,1,1997,19.3,Lucknow,White,7
7692,Nissan Magnite,2022,8.0,5.84,11313,Petrol,Dealer,Manual,0,2393,12.5,Chennai,Brown,4
7693,Maruti Ciaz,2012,12.78,1.53,89754,Petrol,Dealer,Manual,1,1956,15.3,Hyderabad,White,14
7694,Maruti Fronx,2024,10.47,7.55,36530,Petrol,Dealer,Manual,1,1497,18.7,Jaipur,Brown,2
7695,Tata Harrier,2017,19.68,2.36,76130,Diesel,Dealer,Manual,0,1197,12.9,Amritsar,Black,9
7696,Hyundai Venue,2022,11.6,6.44,46438,Petrol,Dealer,Manual,2,1497,16.4,Pune,Grey,4
7697,Honda City,2019,15.32,3.37,75195,Petrol,Dealer,Manual,1,1956,19.2,Jaipur,White,7
7698,Hyundai Verna,2024,15.6,10.37,39695,Petrol,Individual,Manual,0,1497,13.0,Amritsar,Grey,2
7699,Toyota Glanza,2017,8.12,0.97,83565,Petrol,Dealer,Manual,0,2179,18.8,Kolkata,Black,9
7700,Volkswagen Polo,2021,7.48,3.05,63667,Petrol,Dealer,Manual,1,2755,14.6,Chandigarh,Black,5
7701,Hyundai Venue,2020,10.78,2.81,84354,Petrol,Dealer,Manual,0,2393,23.7,Lucknow,White,6
7702,Maruti Ciaz,2021,10.16,4.76,36927,Petrol,Dealer,Manual,0,2179,20.0,Jaipur,Black,5
7703,Hyundai i20,2012,9.65,1.16,84307,Petrol,Individual,Manual,0,2755,14.5,Hyderabad,Red,14
7704,Tata Safari,2025,27.56,20.09,45423,Diesel,Dealer,Automatic,0,2179,14.4,Chennai,White,1
7705,Honda Amaze,2012,9.8,1.18,86928,Petrol,Dealer,Manual,1,998,20.2,Chandigarh,White,14
7706,Hyundai i20,2012,9.28,1.11,93358,Petrol,Dealer,Manual,1,2393,22.7,Mumbai,White,14
7707,Tata Nexon,2012,10.81,1.3,95065,Petrol,Dealer,Manual,0,2393,12.2,Amritsar,Silver,14
7708,Tata Nexon,2025,10.87,10.0,2500,Petrol,Dealer,Manual,0,998,19.4,Bengaluru,Blue,1
7709,Tata Safari,2012,25.84,3.1,90460,Diesel,Individual,Automatic,0,1199,24.7,Pune,Silver,14
7710,Toyota Fortuner,2017,43.78,5.25,84424,Diesel,Dealer,Automatic,0,1497,14.8,Noida,White,9
7711,Renault Kiger,2015,9.54,1.14,122024,Petrol,Individual,Manual,0,1597,17.4,Chennai,Grey,11
7712,Mahindra XUV700,2024,24.48,20.59,12422,Diesel,Dealer,Automatic,0,1997,24.5,Jaipur,Silver,2
7713,Mahindra Scorpio,2019,21.67,3.49,89775,Diesel,Dealer,Manual,2,2755,17.4,Mumbai,Black,7
7714,Ford EcoSport,2014,10.63,1.28,124508,Diesel,Individual,Manual,0,1498,12.2,Lucknow,White,12
7715,Maruti Baleno,2012,8.43,1.01,97955,Petrol,Dealer,Manual,1,1997,21.6,Ludhiana,Grey,14
7716,Volkswagen Polo,2025,8.43,7.71,2500,Petrol,Individual,Manual,0,2755,21.2,Mohali,White,1
7717,Hyundai Venue,2022,13.34,6.92,36214,Petrol,Dealer,Manual,2,2755,13.6,Kolkata,Silver,4
7718,Nissan Magnite,2016,8.49,1.02,87689,Petrol,Dealer,Manual,2,1956,15.8,Ludhiana,Brown,10
7719,Maruti Fronx,2015,10.96,1.32,87442,Petrol,Individual,Manual,0,1956,17.1,Amritsar,Black,11
7720,Hyundai Grand i10,2019,7.57,2.47,49774,Petrol,Dealer,Manual,0,799,12.1,Hyderabad,Grey,7
7721,Volkswagen Virtus,2025,15.15,13.25,2500,Petrol,Dealer,Automatic,1,2755,14.6,Mumbai,Silver,1
7722,Maruti Alto,2017,4.05,0.55,82464,Petrol,Dealer,Manual,2,998,13.2,Pune,Silver,9
7723,Kia Seltos,2013,16.03,1.92,85827,Diesel,Individual,Manual,1,2755,17.7,Mumbai,White,13
7724,Toyota Innova Crysta,2012,24.67,2.96,103201,Diesel,Dealer,Manual,1,2179,15.0,Delhi,Black,14
7725,Hyundai Alcazar,2021,21.57,8.89,50244,Diesel,Dealer,Automatic,1,1199,19.6,Chennai,Brown,5
7726,Hyundai Creta,2014,15.47,1.86,117331,Diesel,Dealer,Manual,3,2755,23.1,Noida,Red,12
7727,Maruti Swift,2015,8.12,0.97,86559,Petrol,Dealer,Manual,0,799,19.5,Pune,White,11
7728,Maruti Alto,2017,4.38,0.55,140484,Petrol,Individual,Manual,2,998,14.7,Bengaluru,Brown,9
7729,Maruti Ertiga,2018,10.33,1.24,111816,Petrol,Individual,Manual,1,998,21.6,Bengaluru,Blue,8
7730,Kia Sonet,2023,12.44,7.48,43691,Petrol,Individual,Manual,0,1199,23.1,Hyderabad,Red,3
7731,Maruti Alto,2019,3.77,0.78,44504,Petrol,Dealer,Manual,2,1997,23.1,Mumbai,Blue,7
7732,Tata Harrier,2017,21.06,3.78,35060,Diesel,Individual,Manual,0,1199,18.7,Ludhiana,White,9
7733,Maruti Dzire,2017,9.28,1.8,46233,Petrol,Dealer,Manual,1,1956,22.3,Ludhiana,Blue,9
7734,Toyota Innova Crysta,2019,22.45,7.53,46642,Diesel,Individual,Manual,0,1498,19.2,Mohali,Black,7
7735,Toyota Fortuner,2015,38.32,4.6,80903,Diesel,Dealer,Automatic,1,2755,18.7,Chandigarh,Silver,11
7736,Tata Safari,2016,24.52,2.94,118414,Diesel,Dealer,Automatic,0,1997,15.4,Gurugram,Blue,10
7737,Hyundai Creta,2025,17.87,12.45,47760,Diesel,Dealer,Manual,0,799,21.3,Chandigarh,Red,1
7738,Tata Harrier,2025,17.92,15.39,2500,Diesel,Dealer,Manual,1,1498,21.3,Chennai,Red,1
7739,Hyundai Verna,2017,15.58,1.91,73444,Petrol,Dealer,Manual,0,998,21.4,Bengaluru,Brown,9
7740,Maruti Fronx,2018,10.52,2.64,37289,Petrol,Individual,Manual,0,1497,16.6,Mumbai,Blue,8
7741,Maruti Ertiga,2013,12.19,1.46,108019,Petrol,Dealer,Manual,0,799,16.8,Amritsar,White,13
7742,Maruti Swift,2021,9.01,5.15,25014,Petrol,Dealer,Manual,0,2179,24.6,Kolkata,Grey,5
7743,Skoda Rapid,2012,10.07,1.21,121539,Diesel,Dealer,Manual,1,1597,19.9,Lucknow,Black,14
7744,Renault Kwid,2013,5.23,0.63,104145,Petrol,Individual,Manual,0,1997,16.0,Jaipur,Grey,13
7745,Hyundai Creta,2012,17.12,2.05,98143,Diesel,Dealer,Manual,3,799,15.3,Bengaluru,Grey,14
7746,Maruti Ertiga,2012,10.74,1.29,92419,Petrol,Individual,Manual,1,799,22.6,Bengaluru,Grey,14
7747,Maruti Fronx,2020,9.43,2.04,76142,Petrol,Dealer,Manual,1,1997,22.4,Jaipur,Grey,6
7748,Honda Amaze,2017,9.61,1.15,76833,Petrol,Individual,Manual,0,1597,19.3,Jaipur,Blue,9
7749,Volkswagen Polo,2024,7.29,5.19,2500,Petrol,Dealer,Manual,2,1498,23.9,Pune,Red,2
7750,Tata Punch,2012,9.62,1.15,93597,Petrol,Dealer,Manual,2,1597,13.5,Chennai,Blue,14
7751,Maruti Baleno,2013,8.32,1.0,93111,Petrol,Dealer,Manual,0,1498,16.8,Gurugram,Silver,13
7752,Maruti Dzire,2013,7.95,0.95,79502,Petrol,Dealer,Manual,0,1199,20.2,Pune,Black,13
7753,Hyundai i20,2025,9.75,7.54,2500,Petrol,Individual,Manual,1,998,16.3,Chennai,Blue,1
7754,Hyundai Venue,2016,11.22,1.35,54529,Petrol,Dealer,Manual,1,1497,23.6,Mohali,Red,10
7755,Kia Seltos,2024,18.81,12.04,53326,Diesel,Dealer,Manual,0,2179,22.6,Chennai,Red,2
7756,Hyundai Verna,2016,13.27,1.59,61091,Petrol,Dealer,Manual,1,1498,19.1,Kolkata,Red,10
7757,Skoda Slavia,2014,16.69,2.0,121623,Petrol,Dealer,Automatic,0,1597,23.1,Gurugram,Black,12
7758,Hyundai Verna,2019,16.24,3.7,61344,Petrol,Individual,Manual,1,2393,12.5,Hyderabad,Red,7
7759,Maruti Dzire,2014,9.64,1.16,133494,Petrol,Dealer,Manual,0,998,21.6,Ludhiana,Grey,12
7760,Maruti Swift,2023,8.57,6.34,2500,Petrol,Dealer,Manual,1,1197,20.3,Chennai,Brown,3
7761,Renault Kwid,2024,5.31,3.61,43105,Petrol,Dealer,Manual,1,1497,20.8,Mumbai,Grey,2
7762,Maruti Alto,2012,4.0,0.55,107737,Petrol,Dealer,Manual,1,1199,21.4,Bengaluru,Red,14
7763,Honda City,2025,13.21,12.42,2500,Petrol,Dealer,Manual,0,1956,20.1,Delhi,Black,1
7764,Mahindra Scorpio,2025,21.22,18.71,11936,Diesel,Individual,Manual,0,2755,18.5,Kolkata,White,1
7765,Kia Sonet,2013,11.66,1.4,86193,Petrol,Individual,Manual,1,1197,15.4,Jaipur,Grey,13
7766,Maruti Fronx,2016,9.41,1.13,101526,Petrol,Dealer,Manual,0,1199,25.5,Hyderabad,Black,10
7767,Hyundai Grand i10,2025,7.2,5.66,38277,Petrol,Individual,Manual,0,2179,21.9,Chandigarh,White,1
7768,Tata Punch,2021,9.08,2.75,70917,Petrol,Dealer,Manual,1,1597,17.8,Chandigarh,Brown,5
7769,Maruti Dzire,2020,8.22,3.17,43939,Petrol,Individual,Manual,0,1956,15.6,Pune,Brown,6
7770,Volkswagen Virtus,2025,18.09,15.57,8544,Petrol,Individual,Automatic,1,1597,22.2,Gurugram,Black,1
7771,Skoda Rapid,2012,10.47,1.26,98227,Diesel,Dealer,Manual,0,1197,14.5,Hyderabad,White,14
7772,Tata Punch,2014,9.99,1.2,104955,Petrol,Dealer,Manual,1,1997,15.8,Lucknow,White,12
7773,Kia Sonet,2025,12.12,7.67,40529,Petrol,Dealer,Manual,3,1199,16.7,Kolkata,Red,1
7774,Toyota Innova Crysta,2017,23.27,2.79,110870,Diesel,Dealer,Manual,3,2755,15.2,Chennai,Blue,9
7775,Hyundai Venue,2022,12.82,6.22,48530,Petrol,Individual,Manual,1,2179,12.2,Kolkata,Grey,4
7776,Maruti Wagon R,2024,5.56,4.66,5123,Petrol,Dealer,Manual,0,998,24.2,Delhi,Black,2
7777,Maruti Ciaz,2024,10.74,8.4,20942,Petrol,Individual,Manual,1,2755,15.2,Amritsar,Red,2
7778,Skoda Rapid,2024,9.32,6.81,26704,Diesel,Individual,Manual,0,1498,24.8,Mohali,Black,2
7779,Mahindra Scorpio,2013,20.88,2.51,121031,Diesel,Dealer,Manual,0,2755,16.2,Kolkata,White,13
7780,Nissan Magnite,2025,8.99,7.31,18526,Petrol,Individual,Manual,1,1497,22.7,Delhi,Brown,1
7781,Maruti Dzire,2025,9.33,8.37,2500,Petrol,Dealer,Manual,0,1498,12.8,Bengaluru,Blue,1
7782,Mahindra Bolero,2016,11.04,1.32,68635,Diesel,Dealer,Manual,2,998,13.1,Pune,Silver,10
7783,Maruti Baleno,2021,9.39,4.67,40349,Petrol,Dealer,Manual,0,1497,23.0,Ludhiana,Silver,5
7784,Tata Harrier,2022,18.34,8.22,51429,Diesel,Dealer,Manual,1,2755,24.4,Amritsar,Blue,4
7785,Toyota Innova Crysta,2016,23.47,2.82,101229,Diesel,Dealer,Manual,0,2393,14.8,Ludhiana,Red,10
7786,Hyundai Creta,2020,18.51,5.8,52757,Diesel,Dealer,Manual,3,998,16.1,Lucknow,Blue,6
7787,Honda Elevate,2021,17.26,7.48,54112,Petrol,Individual,Manual,0,1597,24.2,Pune,Black,5
7788,Maruti Ciaz,2023,12.63,8.78,2500,Petrol,Individual,Manual,0,2393,23.7,Ludhiana,Black,3
7789,Hyundai Grand i10,2023,6.63,4.31,34689,Petrol,Dealer,Manual,1,998,24.8,Kolkata,Blue,3
7790,Hyundai Creta,2023,16.34,8.7,53173,Diesel,Dealer,Manual,0,1497,24.5,Kolkata,Blue,3
7791,Honda City,2020,15.89,5.41,65864,Petrol,Dealer,Manual,0,1956,23.2,Hyderabad,Grey,6
7792,Maruti Ciaz,2023,10.77,5.65,45568,Petrol,Individual,Manual,2,1498,16.9,Mohali,Grey,3
7793,Maruti Ertiga,2015,10.39,1.25,106170,Petrol,Dealer,Manual,0,1956,14.1,Bengaluru,Grey,11
7794,Maruti Ciaz,2018,12.19,2.16,70027,Petrol,Dealer,Manual,1,2179,14.3,Mumbai,Blue,8
7795,Honda Elevate,2021,14.71,8.07,7381,Petrol,Dealer,Manual,1,2393,12.9,Delhi,Blue,5
7796,Mahindra Thar,2014,18.74,2.25,106398,Diesel,Dealer,Manual,0,1997,25.3,Hyderabad,Black,12
7797,Maruti Dzire,2017,8.17,0.98,122455,Petrol,Individual,Manual,0,1199,13.1,Chandigarh,Black,9
7798,Toyota Glanza,2016,9.11,1.09,66226,Petrol,Dealer,Manual,0,1997,12.5,Amritsar,Silver,10
7799,Tata Nexon,2017,10.58,1.27,84799,Petrol,Individual,Manual,0,2393,19.3,Jaipur,Black,9
7800,Hyundai Venue,2021,12.42,4.69,61323,Petrol,Dealer,Manual,0,1498,21.6,Pune,Blue,5
7801,Mahindra XUV700,2020,27.61,7.54,74650,Diesel,Individual,Automatic,0,1956,14.9,Amritsar,Red,6
7802,Hyundai Grand i10,2012,6.33,0.76,114091,Petrol,Dealer,Manual,1,1498,15.4,Noida,White,14
7803,Tata Punch,2022,8.95,4.0,67997,Petrol,Individual,Manual,1,1997,20.6,Kolkata,Grey,4
7804,Skoda Rapid,2018,10.16,1.74,37662,Diesel,Individual,Manual,2,1997,16.8,Amritsar,Red,8
7805,Skoda Rapid,2021,9.64,5.24,25700,Diesel,Dealer,Manual,1,799,17.5,Chandigarh,Blue,5
7806,Tata Harrier,2021,21.79,10.5,27097,Diesel,Dealer,Manual,1,2393,18.2,Hyderabad,Black,5
7807,Toyota Fortuner,2012,38.74,4.65,124127,Diesel,Dealer,Automatic,1,1197,23.4,Hyderabad,Brown,14
7808,Toyota Glanza,2024,9.52,8.03,4621,Petrol,Dealer,Manual,0,1498,18.0,Mumbai,Blue,2
7809,Mahindra Scorpio,2012,19.03,2.28,129738,Diesel,Individual,Manual,1,2179,15.8,Mumbai,Grey,14
7810,Hyundai Grand i10,2022,7.33,3.24,64156,Petrol,Dealer,Manual,0,2393,13.3,Noida,Brown,4
7811,Renault Kwid,2016,5.36,0.64,74721,Petrol,Individual,Manual,0,998,21.5,Hyderabad,White,10
7812,Maruti Ciaz,2024,11.96,9.25,23113,Petrol,Dealer,Manual,0,1498,21.3,Amritsar,Black,2
7813,Ford EcoSport,2021,10.4,5.47,17665,Diesel,Individual,Manual,1,1997,20.6,Hyderabad,Silver,5
7814,Mahindra Thar,2018,15.35,2.35,123509,Diesel,Dealer,Manual,0,2755,24.8,Amritsar,Red,8
7815,Hyundai Grand i10,2012,7.62,0.91,121721,Petrol,Dealer,Manual,0,2179,21.5,Mumbai,Grey,14
7816,Mahindra Thar,2020,16.13,4.5,79285,Diesel,Dealer,Manual,0,998,19.9,Mohali,Red,6
7817,Tata Safari,2024,21.24,17.08,6403,Diesel,Individual,Automatic,1,1597,25.4,Bengaluru,Black,2
7818,Maruti Ertiga,2022,11.54,5.29,47589,Petrol,Dealer,Manual,3,2179,20.6,Kolkata,Brown,4
7819,Toyota Innova Crysta,2024,22.31,15.09,43613,Diesel,Individual,Manual,1,2755,12.2,Bengaluru,Grey,2
7820,Tata Safari,2019,21.62,8.07,37293,Diesel,Individual,Automatic,0,1197,17.4,Mohali,Red,7
7821,Maruti Alto,2019,3.98,1.68,28843,Petrol,Individual,Manual,0,1497,22.3,Amritsar,Blue,7
7822,Tata Harrier,2022,20.27,11.86,20262,Diesel,Individual,Manual,0,1997,14.6,Delhi,Blue,4
7823,Honda Amaze,2013,8.82,1.06,61691,Petrol,Dealer,Manual,2,1498,15.0,Amritsar,Silver,13
7824,Hyundai Verna,2021,16.19,9.75,17190,Petrol,Dealer,Manual,0,2755,12.7,Bengaluru,Grey,5
7825,Mahindra XUV700,2019,26.18,5.63,50887,Diesel,Dealer,Automatic,2,1199,21.1,Ludhiana,Blue,7
7826,Mahindra Bolero,2019,11.0,1.51,82718,Diesel,Individual,Manual,1,1997,16.7,Ludhiana,Blue,7
7827,Tata Altroz,2019,9.75,2.93,41145,Petrol,Dealer,Manual,2,1997,15.5,Delhi,Grey,7
7828,Hyundai Venue,2023,11.58,7.14,36184,Petrol,Individual,Manual,0,2179,13.2,Amritsar,Blue,3
7829,Maruti Swift,2022,7.28,3.92,37522,Petrol,Dealer,Manual,0,998,17.3,Noida,Brown,4
7830,MG Hector,2014,22.36,2.68,86806,Petrol,Individual,Automatic,1,2393,13.0,Mohali,Blue,12
7831,Skoda Slavia,2019,16.31,4.43,59238,Petrol,Dealer,Automatic,0,1497,21.8,Gurugram,Grey,7
7832,Tata Harrier,2017,19.07,2.29,72971,Diesel,Dealer,Manual,1,1197,22.9,Mohali,Blue,9
7833,Toyota Innova Crysta,2018,22.99,2.76,89058,Diesel,Dealer,Manual,0,1956,15.7,Gurugram,Red,8
7834,Maruti Dzire,2024,9.86,8.35,4764,Petrol,Dealer,Manual,0,998,24.1,Hyderabad,White,2
7835,Kia Seltos,2024,17.14,13.73,30329,Diesel,Dealer,Manual,0,1597,18.1,Delhi,White,2
7836,Maruti Alto,2018,4.64,0.56,95829,Petrol,Individual,Manual,2,799,22.4,Mumbai,Grey,8
7837,Toyota Innova Crysta,2021,27.33,12.27,20700,Diesel,Individual,Manual,3,1497,12.0,Lucknow,Blue,5
7838,Maruti Ertiga,2012,12.74,1.53,94220,Petrol,Individual,Manual,1,799,12.1,Mumbai,Silver,14
7839,Nissan Magnite,2013,8.06,0.97,77325,Petrol,Individual,Manual,2,799,24.3,Lucknow,Red,13
7840,Maruti Baleno,2019,9.35,1.86,74114,Petrol,Individual,Manual,1,1597,22.0,Mohali,Blue,7
7841,Honda City,2021,14.58,5.2,97909,Petrol,Individual,Manual,0,1497,21.4,Ludhiana,Grey,5
7842,Skoda Slavia,2015,15.17,1.82,107243,Petrol,Individual,Automatic,2,1197,14.6,Ludhiana,Silver,11
7843,Volkswagen Polo,2021,7.94,3.52,41310,Petrol,Dealer,Manual,1,2393,17.9,Delhi,Brown,5
7844,Maruti Ciaz,2022,10.63,4.85,55179,Petrol,Dealer,Manual,0,2755,12.6,Chandigarh,White,4
7845,Maruti Ciaz,2012,12.84,1.54,89079,Petrol,Dealer,Manual,1,1199,14.0,Amritsar,Grey,14
7846,Kia Seltos,2016,16.97,2.04,95714,Diesel,Dealer,Manual,0,2393,24.6,Amritsar,Black,10
7847,Skoda Slavia,2013,15.21,1.82,80473,Petrol,Dealer,Automatic,1,2179,14.8,Chandigarh,White,13
7848,Honda Amaze,2023,8.09,5.49,20738,Petrol,Individual,Manual,0,998,23.4,Gurugram,Red,3
7849,Honda Amaze,2019,7.92,1.64,77981,Petrol,Individual,Manual,0,2179,23.6,Gurugram,Grey,7
7850,Maruti Alto,2012,3.82,0.55,128108,Petrol,Dealer,Manual,0,1498,21.4,Chennai,Blue,14
7851,Maruti Baleno,2015,8.79,1.06,73327,Petrol,Individual,Manual,1,1498,24.6,Delhi,Silver,11
7852,Hyundai i20,2025,8.22,5.92,37770,Petrol,Dealer,Manual,2,1498,14.9,Pune,Blue,1
7853,Renault Kwid,2025,4.54,3.69,16784,Petrol,Individual,Manual,1,1997,14.5,Jaipur,Silver,1
7854,Maruti Baleno,2023,8.61,5.46,27222,Petrol,Dealer,Manual,2,1497,13.8,Hyderabad,Blue,3
7855,Hyundai Verna,2014,13.3,1.6,66846,Petrol,Individual,Manual,1,2755,12.3,Mumbai,Brown,12
7856,Maruti Dzire,2013,9.39,1.13,121369,Petrol,Dealer,Manual,0,2179,24.0,Gurugram,Brown,13
7857,Maruti Swift,2024,7.55,5.39,23924,Petrol,Dealer,Manual,1,799,19.8,Ludhiana,Blue,2
7858,Tata Nexon,2020,11.17,4.02,53834,Petrol,Individual,Manual,0,2755,13.9,Noida,Red,6
7859,Maruti Ertiga,2017,10.96,1.32,103576,Petrol,Dealer,Manual,1,1199,14.4,Mohali,Red,9
7860,Toyota Glanza,2023,8.74,5.71,43481,Petrol,Dealer,Manual,0,1199,22.8,Pune,Silver,3
7861,Renault Kwid,2014,5.51,0.66,101523,Petrol,Individual,Manual,0,1997,15.6,Mumbai,Black,12
7862,Tata Nexon,2022,12.18,4.44,92177,Petrol,Individual,Manual,1,1597,24.0,Lucknow,Brown,4
7863,Hyundai Venue,2014,13.26,1.59,107556,Petrol,Individual,Manual,1,1956,13.6,Gurugram,Black,12
7864,Tata Harrier,2024,19.09,15.43,2500,Diesel,Dealer,Manual,0,1497,21.5,Jaipur,White,2
7865,Renault Kwid,2018,4.9,0.59,93659,Petrol,Individual,Manual,1,2755,15.4,Amritsar,Black,8
7866,Maruti Swift,2024,7.6,6.69,2500,Petrol,Dealer,Manual,0,1498,24.2,Kolkata,Brown,2
7867,Honda Amaze,2025,9.9,8.84,21605,Petrol,Dealer,Manual,0,2179,13.1,Lucknow,White,1
7868,Renault Kiger,2020,8.36,1.99,78977,Petrol,Dealer,Manual,0,998,19.2,Mumbai,White,6
7869,Volkswagen Polo,2016,8.25,0.99,80604,Petrol,Individual,Manual,0,1597,19.2,Gurugram,Grey,10
7870,Maruti Alto,2016,4.13,0.55,81221,Petrol,Dealer,Manual,0,1956,18.0,Pune,White,10
7871,Maruti Wagon R,2021,5.96,2.44,32815,Petrol,Individual,Manual,1,1498,19.6,Mumbai,Brown,5
7872,Mahindra XUV700,2016,24.81,2.98,85029,Diesel,Individual,Automatic,0,1997,20.9,Delhi,Silver,10
7873,Honda Amaze,2015,8.7,1.04,57906,Petrol,Dealer,Manual,0,1597,18.5,Mohali,Red,11
7874,Hyundai Creta,2020,18.34,7.17,46656,Diesel,Individual,Manual,0,1199,19.4,Mohali,Grey,6
7875,Skoda Slavia,2012,18.59,2.23,95470,Petrol,Dealer,Automatic,0,1997,14.6,Bengaluru,Brown,14
7876,Jeep Compass,2017,22.47,3.03,60029,Diesel,Dealer,Automatic,0,1597,12.2,Amritsar,Silver,9
7877,Hyundai Grand i10,2022,6.19,3.31,51031,Petrol,Dealer,Manual,0,2755,18.3,Mumbai,Brown,4
7878,Kia Seltos,2014,19.48,2.34,65179,Diesel,Dealer,Manual,0,1197,23.2,Kolkata,Silver,12
7879,Mahindra XUV700,2012,26.64,3.2,116841,Diesel,Individual,Automatic,1,2393,23.0,Ludhiana,Black,14
7880,Maruti Wagon R,2018,5.97,1.09,65572,Petrol,Dealer,Manual,0,2393,22.2,Chandigarh,Silver,8
7881,Honda Elevate,2023,16.29,10.35,36659,Petrol,Dealer,Manual,1,1497,19.7,Pune,Black,3
7882,Kia Sonet,2025,13.12,9.18,62387,Petrol,Individual,Manual,0,799,12.9,Ludhiana,Blue,1
7883,Tata Altroz,2017,8.28,0.99,44826,Petrol,Dealer,Manual,1,1997,13.7,Bengaluru,Blue,9
7884,Tata Altroz,2019,9.17,2.49,78323,Petrol,Dealer,Manual,0,998,19.4,Pune,Grey,7
7885,Renault Kiger,2016,9.82,1.18,70614,Petrol,Individual,Manual,1,998,19.6,Chennai,White,10
7886,Renault Kiger,2017,8.33,1.0,85526,Petrol,Individual,Manual,2,998,25.2,Hyderabad,Red,9
7887,Renault Kiger,2013,9.55,1.15,119463,Petrol,Dealer,Manual,1,1498,15.5,Chennai,Silver,13
7888,Maruti Baleno,2024,9.85,7.57,30515,Petrol,Dealer,Manual,0,998,21.0,Noida,Brown,2
7889,Mahindra Bolero,2024,9.89,6.75,29343,Diesel,Individual,Manual,0,1497,23.9,Ludhiana,White,2
7890,Tata Punch,2020,9.82,3.05,67747,Petrol,Dealer,Manual,0,1497,18.2,Noida,Brown,6
7891,Hyundai Venue,2014,11.47,1.38,114602,Petrol,Individual,Manual,2,2179,22.6,Amritsar,Grey,12
7892,Hyundai Verna,2018,14.27,3.48,51926,Petrol,Individual,Manual,0,998,13.4,Jaipur,Grey,8
7893,Maruti Alto,2013,4.7,0.56,94914,Petrol,Dealer,Manual,0,2393,18.8,Hyderabad,Blue,13
7894,Mahindra Bolero,2013,10.45,1.25,123167,Diesel,Dealer,Manual,1,1956,16.1,Amritsar,Grey,13
7895,Maruti Swift,2018,9.16,1.23,70503,Petrol,Individual,Manual,0,998,21.9,Pune,Red,8
7896,Skoda Slavia,2013,15.71,1.89,136750,Petrol,Dealer,Automatic,1,1956,20.2,Gurugram,White,13
7897,Maruti Ertiga,2012,11.58,1.39,115400,Petrol,Individual,Manual,0,1498,21.5,Hyderabad,Blue,14
7898,Skoda Rapid,2016,10.99,1.32,87849,Diesel,Dealer,Manual,0,998,16.9,Jaipur,Red,10
7899,Maruti Dzire,2020,9.52,2.97,49801,Petrol,Dealer,Manual,1,998,22.2,Chennai,White,6
7900,Mahindra Thar,2025,18.95,14.84,28052,Diesel,Individual,Manual,1,1497,17.1,Mohali,Black,1
7901,Tata Tiago,2016,7.76,0.93,85860,Petrol,Dealer,Manual,1,1199,20.2,Amritsar,Silver,10
7902,Hyundai Venue,2017,11.52,1.38,91077,Petrol,Dealer,Manual,0,1597,20.9,Bengaluru,White,9
7903,Tata Punch,2018,9.94,1.44,66348,Petrol,Dealer,Manual,0,998,13.0,Bengaluru,Blue,8
7904,Mahindra Scorpio,2014,19.57,2.35,101725,Diesel,Dealer,Manual,0,1597,21.9,Ludhiana,White,12
7905,Toyota Glanza,2015,10.01,1.2,76634,Petrol,Individual,Manual,0,1197,15.8,Amritsar,Brown,11
7906,Tata Safari,2013,25.58,3.07,62291,Diesel,Dealer,Automatic,2,799,13.3,Chandigarh,Grey,13
7907,Toyota Innova Crysta,2022,24.8,11.93,75821,Diesel,Dealer,Manual,0,1597,22.0,Chandigarh,Red,4
7908,Toyota Fortuner,2015,39.01,4.68,118351,Diesel,Individual,Automatic,0,1197,21.7,Mohali,Brown,11
7909,Maruti Brezza,2012,12.43,1.49,104876,Petrol,Dealer,Manual,0,1997,14.6,Delhi,White,14
7910,Tata Harrier,2014,20.51,2.46,82052,Diesel,Dealer,Manual,1,799,25.2,Chennai,Grey,12
7911,Honda City,2012,14.43,1.73,131399,Petrol,Individual,Manual,0,998,14.0,Bengaluru,Brown,14
7912,Mahindra Thar,2014,16.77,2.01,109471,Diesel,Individual,Manual,1,1956,13.2,Amritsar,Grey,12
7913,Kia Seltos,2025,16.53,15.63,2500,Diesel,Individual,Manual,0,998,16.6,Mohali,Blue,1
7914,Tata Nexon,2025,11.95,10.53,2500,Petrol,Individual,Manual,0,1498,19.0,Hyderabad,Grey,1
7915,Tata Altroz,2019,9.15,2.27,57857,Petrol,Individual,Manual,0,2393,21.5,Pune,Silver,7
7916,Maruti Fronx,2014,9.44,1.13,113581,Petrol,Individual,Manual,0,2393,15.3,Jaipur,Brown,12
7917,Tata Harrier,2024,21.91,15.9,27301,Diesel,Dealer,Manual,0,1197,24.3,Hyderabad,Red,2
7918,Tata Punch,2020,8.8,3.79,35463,Petrol,Dealer,Manual,0,2755,16.8,Pune,Grey,6
7919,Maruti Baleno,2024,7.96,6.52,7611,Petrol,Individual,Manual,1,998,22.5,Amritsar,Black,2
7920,Hyundai Alcazar,2022,23.56,14.43,52047,Diesel,Individual,Automatic,0,2179,19.3,Gurugram,Silver,4
7921,Maruti Brezza,2019,11.14,3.0,56798,Petrol,Dealer,Manual,1,998,23.8,Noida,Red,7
7922,Tata Safari,2020,26.86,9.18,58407,Diesel,Individual,Automatic,0,1497,17.4,Mumbai,Red,6
7923,Hyundai Creta,2022,16.14,8.79,44223,Diesel,Dealer,Manual,1,1197,20.6,Amritsar,White,4
7924,Hyundai Venue,2022,12.81,7.15,25108,Petrol,Individual,Manual,2,1997,21.7,Chandigarh,Brown,4
7925,Maruti Dzire,2014,8.52,1.02,137221,Petrol,Dealer,Manual,1,1199,19.3,Hyderabad,Grey,12
7926,Nissan Magnite,2020,8.32,2.7,66921,Petrol,Individual,Manual,0,2755,25.3,Mohali,Grey,6
7927,Tata Nexon,2020,12.26,5.34,27625,Petrol,Dealer,Manual,0,1956,15.5,Kolkata,Silver,6
7928,Volkswagen Virtus,2016,17.25,2.07,66936,Petrol,Dealer,Automatic,0,1597,18.0,Mumbai,Red,10
7929,Ford EcoSport,2020,9.39,3.63,45833,Diesel,Dealer,Manual,0,2393,12.0,Amritsar,White,6
7930,Tata Harrier,2017,19.36,4.3,30714,Diesel,Dealer,Manual,0,1997,12.8,Noida,Silver,9
7931,Kia Seltos,2014,17.8,2.14,106171,Diesel,Dealer,Manual,1,1956,25.0,Mohali,Black,12
7932,Kia Sonet,2015,11.26,1.35,121859,Petrol,Dealer,Manual,0,2755,15.9,Pune,Red,11
7933,Tata Harrier,2021,22.21,9.92,55224,Diesel,Dealer,Manual,1,1956,12.2,Mohali,Brown,5
7934,Toyota Innova Crysta,2020,22.24,4.91,102170,Diesel,Individual,Manual,2,1197,15.9,Chennai,Red,6
7935,Hyundai i20,2019,8.28,2.31,63722,Petrol,Individual,Manual,0,799,22.1,Kolkata,Silver,7
7936,Ford EcoSport,2021,9.68,4.54,36973,Diesel,Dealer,Manual,1,1956,13.4,Hyderabad,Grey,5
7937,Skoda Rapid,2013,10.71,1.29,120623,Diesel,Dealer,Manual,1,2393,15.5,Kolkata,Grey,13
7938,Toyota Glanza,2019,8.43,2.03,71152,Petrol,Dealer,Manual,0,2179,15.5,Noida,Black,7
7939,Maruti Baleno,2014,8.63,1.04,116213,Petrol,Dealer,Manual,0,1199,24.6,Chandigarh,Black,12
7940,Hyundai Grand i10,2025,6.53,5.89,2500,Petrol,Individual,Manual,0,2755,16.2,Delhi,White,1
7941,Tata Safari,2020,26.81,12.04,16397,Diesel,Dealer,Automatic,0,1498,22.9,Delhi,Silver,6
7942,Tata Harrier,2016,17.67,2.12,61390,Diesel,Dealer,Manual,0,1497,17.6,Jaipur,Blue,10
7943,Honda City,2020,16.66,5.93,33490,Petrol,Dealer,Manual,3,1597,23.0,Mohali,Grey,6
7944,Mahindra Thar,2014,14.97,1.8,104507,Diesel,Dealer,Manual,1,2179,18.2,Kolkata,Brown,12
7945,Maruti Ertiga,2020,10.75,4.19,43765,Petrol,Individual,Manual,0,1498,22.2,Mumbai,Red,6
7946,Mahindra Scorpio,2018,21.28,2.55,113813,Diesel,Dealer,Manual,0,2755,12.1,Chennai,Grey,8
7947,Tata Punch,2021,8.27,3.56,35130,Petrol,Individual,Manual,1,1597,17.9,Mumbai,Brown,5
7948,Volkswagen Virtus,2017,18.61,2.23,87962,Petrol,Individual,Automatic,0,2179,24.9,Delhi,Brown,9
7949,Ford EcoSport,2024,9.36,6.8,15863,Diesel,Dealer,Manual,1,1956,13.1,Noida,Black,2
7950,Tata Punch,2014,8.21,0.98,88271,Petrol,Dealer,Manual,0,1197,18.4,Delhi,Red,12
7951,Mahindra XUV700,2017,27.92,4.07,47727,Diesel,Dealer,Automatic,0,1199,12.5,Mumbai,Silver,9
7952,Tata Punch,2022,8.99,5.66,19146,Petrol,Individual,Manual,1,1199,14.0,Ludhiana,White,4
7953,Tata Nexon,2024,11.65,8.94,33451,Petrol,Dealer,Manual,0,2755,16.6,Amritsar,Grey,2
7954,Volkswagen Virtus,2014,16.17,1.94,101554,Petrol,Individual,Automatic,2,1997,23.8,Ludhiana,White,12
7955,Maruti Baleno,2014,8.67,1.04,84543,Petrol,Individual,Manual,1,799,16.8,Lucknow,Red,12
7956,Nissan Magnite,2021,8.99,5.21,22838,Petrol,Dealer,Manual,0,1497,20.1,Gurugram,Grey,5
7957,Jeep Compass,2023,26.62,20.27,2500,Diesel,Dealer,Automatic,0,998,15.6,Noida,Silver,3
7958,Tata Tiago,2014,6.8,0.82,76940,Petrol,Dealer,Manual,2,2393,21.4,Mumbai,White,12
7959,Hyundai Grand i10,2019,7.22,2.11,40700,Petrol,Dealer,Manual,2,1956,21.8,Delhi,Silver,7
7960,Toyota Fortuner,2015,39.39,4.73,79037,Diesel,Dealer,Automatic,2,2179,19.8,Kolkata,Blue,11
7961,Toyota Glanza,2019,8.95,2.11,59625,Petrol,Dealer,Manual,0,1497,16.8,Amritsar,White,7
7962,Honda Amaze,2017,8.96,1.08,105921,Petrol,Dealer,Manual,0,2179,22.9,Ludhiana,Silver,9
7963,Mahindra Thar,2021,15.09,7.21,53899,Diesel,Individual,Manual,0,1997,16.8,Lucknow,Grey,5
7964,Skoda Rapid,2021,10.09,5.17,28169,Diesel,Dealer,Manual,0,1956,20.5,Noida,Black,5
7965,Volkswagen Virtus,2023,17.87,11.17,45391,Petrol,Individual,Automatic,0,1497,25.2,Ludhiana,White,3
7966,Maruti Alto,2013,4.42,0.55,69337,Petrol,Individual,Manual,0,2179,18.7,Gurugram,Grey,13
7967,Tata Tiago,2022,6.36,4.08,2500,Petrol,Dealer,Manual,2,1597,15.8,Noida,Silver,4
7968,Tata Harrier,2025,18.9,16.33,10819,Diesel,Individual,Manual,1,1956,24.0,Ludhiana,Blue,1
7969,Maruti Ciaz,2018,11.29,2.7,34477,Petrol,Individual,Manual,0,1199,14.1,Amritsar,Red,8
7970,Skoda Slavia,2021,17.67,8.54,34984,Petrol,Individual,Automatic,2,2179,18.0,Ludhiana,Black,5
7971,Renault Kiger,2022,9.89,5.47,34972,Petrol,Dealer,Manual,1,998,23.1,Ludhiana,Red,4
7972,Hyundai Creta,2023,15.25,11.79,2500,Diesel,Individual,Manual,0,2393,13.9,Chandigarh,Black,3
7973,Hyundai i20,2025,8.41,6.57,38225,Petrol,Individual,Manual,0,1956,23.4,Noida,Red,1
7974,Mahindra Thar,2015,18.83,2.26,77793,Diesel,Individual,Manual,1,1997,15.3,Noida,Red,11
7975,Maruti Wagon R,2014,5.31,0.64,100423,Petrol,Individual,Manual,0,1197,13.6,Chandigarh,Silver,12
7976,Tata Tiago,2012,6.22,0.75,86093,Petrol,Dealer,Manual,0,1199,14.1,Pune,Red,14
7977,Maruti Brezza,2019,12.66,3.27,63856,Petrol,Dealer,Manual,0,1197,21.7,Amritsar,Black,7
7978,Tata Punch,2012,9.2,1.1,128401,Petrol,Dealer,Manual,1,1597,25.0,Chennai,Blue,14
7979,Renault Kiger,2022,8.67,5.17,28462,Petrol,Individual,Manual,0,1199,18.5,Noida,Blue,4
7980,Tata Harrier,2023,17.62,10.3,14140,Diesel,Dealer,Manual,3,1997,20.1,Chandigarh,Red,3
7981,Tata Altroz,2019,8.72,3.42,15204,Petrol,Dealer,Manual,1,799,22.5,Mumbai,Red,7
7982,Kia Sonet,2024,13.78,10.6,2500,Petrol,Dealer,Manual,2,2179,19.6,Noida,Grey,2
7983,Maruti Dzire,2024,9.83,6.85,31342,Petrol,Dealer,Manual,2,2179,14.9,Lucknow,Red,2
7984,Tata Altroz,2025,9.66,7.65,24414,Petrol,Dealer,Manual,0,1497,18.3,Ludhiana,Brown,1
7985,Hyundai Verna,2014,16.72,2.01,131846,Petrol,Dealer,Manual,0,2179,23.3,Noida,Silver,12
7986,Jeep Compass,2017,27.15,3.26,92346,Diesel,Individual,Automatic,0,2393,24.2,Mumbai,Red,9
7987,Maruti Ciaz,2014,12.79,1.53,117632,Petrol,Dealer,Manual,2,1956,24.6,Hyderabad,Blue,12
7988,Maruti Brezza,2012,12.67,1.52,124260,Petrol,Individual,Manual,0,2179,22.8,Mohali,White,14
7989,Skoda Rapid,2013,9.99,1.2,128974,Diesel,Individual,Manual,1,2755,14.4,Delhi,White,13
7990,Tata Tiago,2017,6.5,0.78,102062,Petrol,Dealer,Manual,3,1199,20.9,Jaipur,Red,9
7991,Mahindra Scorpio,2025,19.79,17.63,13767,Diesel,Dealer,Manual,0,1497,24.8,Bengaluru,Silver,1
7992,Hyundai Verna,2021,13.66,4.76,62695,Petrol,Individual,Manual,1,2393,14.5,Pune,Brown,5
7993,Ford EcoSport,2018,9.1,1.32,85568,Diesel,Dealer,Manual,0,1997,20.7,Amritsar,Red,8
7994,Hyundai Verna,2025,14.0,11.67,2500,Petrol,Individual,Manual,1,2755,18.0,Chennai,Brown,1
7995,Toyota Fortuner,2016,41.96,5.04,85106,Diesel,Dealer,Automatic,1,2393,14.3,Jaipur,Brown,10
7996,Tata Punch,2016,9.85,1.18,76473,Petrol,Individual,Manual,0,1197,12.7,Mohali,White,10
7997,Mahindra Bolero,2022,9.49,5.89,28490,Diesel,Dealer,Manual,0,1497,19.7,Lucknow,Red,4
7998,Maruti Wagon R,2017,5.68,0.68,74518,Petrol,Individual,Manual,1,1199,20.5,Mohali,Red,9
7999,Mahindra Thar,2023,16.02,11.57,13164,Diesel,Dealer,Manual,0,1498,19.5,Bengaluru,Red,3
8000,Honda City,2012,14.69,1.76,119438,Petrol,Individual,Manual,0,1997,14.7,Mumbai,Grey,14
8001,Renault Kwid,2013,4.76,0.57,70802,Petrol,Individual,Manual,0,2179,16.3,Noida,Grey,13
8002,Renault Kwid,2021,4.56,1.66,78885,Petrol,Individual,Manual,0,2393,13.9,Amritsar,Red,5
8003,Toyota Innova Crysta,2013,25.9,3.11,90953,Diesel,Individual,Manual,2,1956,18.4,Pune,Grey,13
8004,Nissan Magnite,2019,8.7,1.65,73441,Petrol,Individual,Manual,1,2393,18.4,Jaipur,Red,7
8005,Maruti Dzire,2018,9.35,1.13,75164,Petrol,Dealer,Manual,1,1997,23.4,Amritsar,Red,8
8006,Jeep Compass,2021,26.21,6.46,87157,Diesel,Individual,Automatic,3,1497,19.7,Delhi,White,5
8007,Maruti Dzire,2021,9.59,4.37,24227,Petrol,Dealer,Manual,0,1956,13.0,Hyderabad,Blue,5
8008,Hyundai Venue,2021,10.81,3.98,49463,Petrol,Dealer,Manual,3,1197,19.3,Noida,Brown,5
8009,Volkswagen Virtus,2018,17.31,2.08,115851,Petrol,Dealer,Automatic,2,2179,23.3,Delhi,Black,8
8010,Nissan Magnite,2017,8.91,1.07,64660,Petrol,Individual,Manual,0,2755,20.7,Amritsar,White,9
8011,Maruti Ertiga,2024,12.55,9.69,10442,Petrol,Dealer,Manual,0,1597,18.9,Hyderabad,Red,2
8012,Maruti Fronx,2021,9.63,3.16,79692,Petrol,Dealer,Manual,1,799,22.7,Kolkata,Black,5
8013,Mahindra Thar,2023,17.53,12.41,35926,Diesel,Individual,Manual,0,2755,21.2,Noida,Black,3
8014,Mahindra Scorpio,2022,21.8,14.46,28881,Diesel,Dealer,Manual,0,2755,14.5,Chandigarh,White,4
8015,Hyundai i20,2024,9.27,7.88,7063,Petrol,Dealer,Manual,0,2755,14.4,Hyderabad,Silver,2
8016,Nissan Magnite,2017,8.86,1.06,109430,Petrol,Dealer,Manual,1,2179,19.1,Pune,White,9
8017,Mahindra Bolero,2013,9.51,1.14,182213,Diesel,Individual,Manual,0,2393,20.1,Mumbai,White,13
8018,Honda City,2017,14.18,1.7,81886,Petrol,Dealer,Manual,1,2393,15.4,Kolkata,Silver,9
8019,Toyota Innova Crysta,2025,23.1,18.62,50807,Diesel,Dealer,Manual,0,1597,24.7,Gurugram,Silver,1
8020,Renault Kwid,2025,4.47,3.85,2500,Petrol,Individual,Manual,1,1497,12.4,Ludhiana,Silver,1
8021,Toyota Fortuner,2021,40.44,11.55,115926,Diesel,Individual,Automatic,1,2179,13.0,Noida,White,5
8022,Mahindra XUV700,2023,25.6,12.4,71081,Diesel,Individual,Automatic,1,998,18.2,Kolkata,White,3
8023,Tata Nexon,2012,11.27,1.35,103094,Petrol,Dealer,Manual,0,1498,19.6,Mumbai,Brown,14
8024,Maruti Alto,2015,4.18,0.55,81852,Petrol,Individual,Manual,1,2755,15.2,Amritsar,White,11
8025,Hyundai Verna,2021,16.48,8.63,32277,Petrol,Individual,Manual,0,1199,17.1,Gurugram,Red,5
8026,Maruti Ciaz,2020,10.98,3.54,47432,Petrol,Dealer,Manual,1,799,19.2,Gurugram,Silver,6
8027,Jeep Compass,2025,24.21,20.26,2500,Diesel,Dealer,Automatic,1,1597,19.3,Lucknow,Red,1
8028,Maruti Fronx,2015,9.12,1.09,65082,Petrol,Dealer,Manual,0,1597,17.7,Hyderabad,Brown,11
8029,Maruti Swift,2023,8.91,6.46,21828,Petrol,Dealer,Manual,0,998,25.5,Noida,Brown,3
8030,Maruti Ertiga,2021,11.53,6.61,9049,Petrol,Individual,Manual,0,1597,23.1,Noida,Silver,5
8031,Jeep Compass,2017,24.2,2.9,56247,Diesel,Dealer,Automatic,0,998,22.4,Ludhiana,Brown,9
8032,Maruti Alto,2013,3.84,0.55,81366,Petrol,Individual,Manual,1,1956,24.8,Noida,Grey,13
8033,Tata Safari,2022,24.21,10.67,68510,Diesel,Individual,Automatic,1,1199,24.4,Jaipur,Brown,4
8034,Skoda Slavia,2019,14.73,4.36,36495,Petrol,Dealer,Automatic,2,1997,23.8,Lucknow,Blue,7
8035,Maruti Brezza,2023,13.98,8.9,35325,Petrol,Dealer,Manual,0,998,14.6,Ludhiana,Silver,3
8036,Ford EcoSport,2017,8.81,1.06,59257,Diesel,Dealer,Manual,1,1597,19.4,Mumbai,Brown,9
8037,Maruti Brezza,2015,11.98,1.44,47686,Petrol,Dealer,Manual,0,1956,24.5,Gurugram,Blue,11
8038,Maruti Alto,2025,4.11,3.95,7132,Petrol,Dealer,Manual,0,2393,22.7,Noida,Grey,1
8039,Jeep Compass,2014,24.18,2.9,84955,Diesel,Individual,Automatic,0,2179,15.1,Pune,Brown,12
8040,Jeep Compass,2025,27.84,21.78,31795,Diesel,Individual,Automatic,1,1597,16.0,Gurugram,Red,1
8041,Maruti Alto,2018,4.53,0.79,46872,Petrol,Individual,Manual,2,1997,22.3,Bengaluru,Silver,8
8042,Maruti Ertiga,2024,12.65,7.07,66365,Petrol,Dealer,Manual,2,2393,15.8,Chennai,White,2
8043,MG Hector,2020,22.13,9.63,51214,Petrol,Dealer,Automatic,0,2393,12.8,Ludhiana,Grey,6
8044,Mahindra Scorpio,2018,19.28,5.14,57665,Diesel,Individual,Manual,0,1498,15.1,Jaipur,Blue,8
8045,Mahindra Thar,2019,18.68,7.37,25534,Diesel,Individual,Manual,1,1197,23.8,Jaipur,Brown,7
8046,Maruti Ciaz,2022,12.47,5.32,68428,Petrol,Dealer,Manual,2,1597,14.0,Chandigarh,Blue,4
8047,Maruti Fronx,2023,9.73,7.33,12555,Petrol,Individual,Manual,0,799,22.9,Pune,Black,3
8048,Kia Sonet,2016,13.48,1.62,136170,Petrol,Individual,Manual,1,1956,24.4,Ludhiana,Brown,10
8049,Toyota Glanza,2021,7.99,2.88,65156,Petrol,Dealer,Manual,0,1956,15.5,Hyderabad,Brown,5
8050,Maruti Ertiga,2014,11.15,1.34,87765,Petrol,Dealer,Manual,1,1498,18.5,Noida,Silver,12
8051,Kia Sonet,2022,13.84,7.63,36270,Petrol,Dealer,Manual,0,1997,16.1,Gurugram,Grey,4
8052,Tata Nexon,2019,10.68,2.57,54019,Petrol,Dealer,Manual,0,799,14.8,Delhi,Brown,7
8053,Toyota Fortuner,2019,41.02,7.72,68074,Diesel,Dealer,Automatic,1,998,19.2,Chandigarh,White,7
8054,Nissan Magnite,2013,9.0,1.08,124957,Petrol,Dealer,Manual,0,1197,23.8,Hyderabad,Red,13
8055,Tata Punch,2014,9.69,1.16,76807,Petrol,Dealer,Manual,2,1197,18.7,Pune,White,12
8056,Mahindra Thar,2020,15.8,6.4,25083,Diesel,Individual,Manual,1,2393,24.1,Gurugram,Blue,6
8057,Hyundai Venue,2025,12.09,9.99,23511,Petrol,Dealer,Manual,2,998,18.9,Mohali,Brown,1
8058,Toyota Fortuner,2016,41.08,4.93,51248,Diesel,Dealer,Automatic,1,1199,13.0,Chandigarh,Silver,10
8059,Kia Sonet,2021,11.74,4.67,48156,Petrol,Individual,Manual,2,1956,13.4,Chandigarh,Black,5
8060,Maruti Brezza,2015,13.48,1.62,107461,Petrol,Individual,Manual,0,799,13.4,Hyderabad,White,11
8061,Renault Kiger,2023,9.15,6.0,29591,Petrol,Dealer,Manual,0,2179,20.6,Lucknow,Blue,3
8062,Mahindra XUV700,2013,24.41,2.93,92502,Diesel,Dealer,Automatic,0,1956,16.3,Chennai,Red,13
8063,MG Hector,2020,21.78,7.54,40301,Petrol,Dealer,Automatic,3,1199,18.6,Lucknow,White,6
8064,Hyundai i20,2022,9.99,4.78,58865,Petrol,Individual,Manual,1,2179,18.8,Mohali,Blue,4
8065,Mahindra Bolero,2021,10.41,4.47,37036,Diesel,Dealer,Manual,2,1199,24.8,Mumbai,Grey,5
8066,Renault Kwid,2021,5.11,2.29,28761,Petrol,Dealer,Manual,1,998,13.1,Pune,Red,5
8067,Toyota Innova Crysta,2025,26.88,23.0,13451,Diesel,Individual,Manual,0,2179,12.3,Mumbai,Brown,1
8068,Tata Altroz,2018,9.75,1.89,70949,Petrol,Individual,Manual,0,2755,16.2,Noida,Grey,8
8069,Maruti Swift,2019,8.97,3.03,54616,Petrol,Individual,Manual,0,1497,12.1,Delhi,Grey,7
8070,Hyundai Alcazar,2018,19.04,3.95,52802,Diesel,Individual,Automatic,0,1498,15.3,Noida,Black,8
8071,MG Hector,2013,21.04,2.52,84106,Petrol,Individual,Automatic,1,1199,15.9,Kolkata,Black,13
8072,Mahindra XUV700,2018,26.45,3.17,73743,Diesel,Individual,Automatic,2,2755,20.4,Ludhiana,Red,8
8073,Kia Seltos,2022,18.96,11.03,32398,Diesel,Dealer,Manual,0,998,13.9,Hyderabad,Silver,4
8074,Tata Tiago,2019,7.26,1.56,53527,Petrol,Dealer,Manual,2,2393,22.5,Noida,Grey,7
8075,Maruti Fronx,2025,10.67,9.13,2500,Petrol,Dealer,Manual,0,2393,14.8,Mumbai,Blue,1
8076,Skoda Slavia,2017,17.47,2.54,71961,Petrol,Individual,Automatic,0,2179,17.8,Hyderabad,Grey,9
8077,Maruti Alto,2018,3.94,0.9,50329,Petrol,Individual,Manual,0,2755,14.0,Gurugram,Red,8
8078,Mahindra Thar,2024,17.82,11.99,57582,Diesel,Dealer,Manual,1,2755,13.1,Noida,Brown,2
8079,Hyundai i20,2021,9.2,3.82,34543,Petrol,Dealer,Manual,1,2393,18.9,Lucknow,White,5
8080,Honda Elevate,2018,16.79,2.19,91822,Petrol,Individual,Manual,1,799,21.0,Ludhiana,Grey,8
8081,Renault Kiger,2015,8.02,0.96,112091,Petrol,Individual,Manual,0,2393,19.2,Mohali,Black,11
8082,Toyota Glanza,2021,9.01,3.99,31229,Petrol,Individual,Manual,0,1197,24.6,Ludhiana,Grey,5
8083,Skoda Slavia,2023,15.55,11.61,2500,Petrol,Individual,Automatic,0,2755,19.3,Jaipur,Grey,3
8084,MG Hector,2012,21.99,2.64,107563,Petrol,Individual,Automatic,0,799,12.3,Lucknow,Black,14
8085,Honda City,2021,13.57,4.76,82946,Petrol,Dealer,Manual,0,799,13.1,Chennai,White,5
8086,Hyundai Grand i10,2012,6.81,0.82,95396,Petrol,Dealer,Manual,1,2755,14.7,Jaipur,Grey,14
8087,Mahindra Bolero,2015,8.84,1.06,95902,Diesel,Dealer,Manual,1,2179,18.2,Noida,Brown,11
8088,Maruti Fronx,2013,9.68,1.16,73350,Petrol,Individual,Manual,0,1199,16.0,Lucknow,Blue,13
8089,Maruti Wagon R,2015,6.29,0.75,109017,Petrol,Dealer,Manual,1,2393,20.2,Mohali,White,11
8090,MG Hector,2014,23.29,2.8,85640,Petrol,Dealer,Automatic,0,1197,22.2,Noida,Grey,12
8091,Maruti Baleno,2024,9.39,6.01,31147,Petrol,Dealer,Manual,1,1956,22.2,Kolkata,White,2
8092,Tata Tiago,2025,7.72,6.32,27410,Petrol,Dealer,Manual,1,1498,19.9,Lucknow,Blue,1
8093,Renault Kwid,2012,5.48,0.66,94983,Petrol,Individual,Manual,0,1997,21.6,Kolkata,Red,14
8094,Hyundai i20,2019,10.06,2.81,76798,Petrol,Dealer,Manual,0,1498,14.1,Hyderabad,Grey,7
8095,Honda City,2020,16.4,5.09,66012,Petrol,Individual,Manual,1,1597,19.5,Chandigarh,White,6
8096,Maruti Baleno,2024,10.0,8.04,11546,Petrol,Dealer,Manual,1,1199,24.6,Bengaluru,Black,2
8097,Hyundai Grand i10,2020,7.63,3.34,54409,Petrol,Individual,Manual,0,1497,17.1,Bengaluru,Blue,6
8098,Mahindra XUV700,2013,23.3,2.8,103575,Diesel,Dealer,Automatic,3,1956,24.1,Noida,Silver,13
8099,Toyota Fortuner,2012,39.56,4.75,132121,Diesel,Individual,Automatic,2,1597,19.9,Delhi,Red,14
8100,Honda Elevate,2012,17.15,2.06,110107,Petrol,Individual,Manual,0,1597,16.7,Mohali,Black,14
8101,Maruti Brezza,2024,12.59,9.41,15628,Petrol,Individual,Manual,2,1199,19.0,Gurugram,Red,2
8102,Hyundai Alcazar,2018,22.59,4.61,55622,Diesel,Individual,Automatic,0,2393,13.9,Hyderabad,Brown,8
8103,Renault Kiger,2012,9.25,1.11,141358,Petrol,Individual,Manual,0,2393,19.7,Gurugram,White,14
8104,Maruti Alto,2016,4.46,0.55,102211,Petrol,Dealer,Manual,0,1498,25.4,Noida,Grey,10
8105,MG Hector,2018,20.82,4.77,48679,Petrol,Dealer,Automatic,1,1498,12.9,Chandigarh,Blue,8
8106,Tata Punch,2018,9.11,2.0,40619,Petrol,Individual,Manual,1,1498,22.5,Ludhiana,Blue,8
8107,Tata Safari,2025,25.28,21.38,14845,Diesel,Individual,Automatic,0,1199,20.3,Jaipur,Red,1
8108,Ford EcoSport,2022,10.42,7.82,2500,Diesel,Individual,Manual,0,1997,16.6,Bengaluru,White,4
8109,Maruti Wagon R,2013,5.45,0.65,98806,Petrol,Dealer,Manual,0,1199,20.1,Chennai,Silver,13
8110,Toyota Innova Crysta,2016,27.58,3.31,87450,Diesel,Dealer,Manual,1,1197,13.0,Delhi,Black,10
8111,Maruti Baleno,2021,9.21,3.7,47979,Petrol,Dealer,Manual,1,1498,20.6,Amritsar,Grey,5
8112,Nissan Magnite,2024,8.92,5.63,38483,Petrol,Individual,Manual,2,1597,21.3,Bengaluru,Red,2
8113,Jeep Compass,2024,24.26,19.84,2500,Diesel,Dealer,Automatic,0,2393,18.2,Noida,Brown,2
8114,Ford EcoSport,2017,9.01,1.56,35034,Diesel,Individual,Manual,0,799,24.9,Delhi,Black,9
8115,Ford EcoSport,2016,9.79,1.17,95236,Diesel,Individual,Manual,2,1997,18.7,Bengaluru,Blue,10
8116,Kia Sonet,2012,13.76,1.65,98229,Petrol,Individual,Manual,1,1997,18.3,Chennai,Black,14
8117,Hyundai Creta,2012,15.64,1.88,71679,Diesel,Dealer,Manual,0,1997,19.8,Ludhiana,Brown,14
8118,Maruti Fronx,2021,9.67,2.55,84549,Petrol,Dealer,Manual,1,998,20.5,Jaipur,Brown,5
8119,Jeep Compass,2021,25.63,10.52,49581,Diesel,Dealer,Automatic,2,1497,20.0,Chennai,Blue,5
8120,Skoda Rapid,2013,10.7,1.28,122728,Diesel,Individual,Manual,1,1597,24.4,Mumbai,Brown,13
8121,Tata Nexon,2014,13.03,1.56,138323,Petrol,Individual,Manual,2,1197,20.6,Amritsar,Black,12
8122,Skoda Rapid,2017,10.42,1.59,57892,Diesel,Dealer,Manual,0,2755,24.0,Mohali,Black,9
8123,Maruti Ciaz,2018,10.13,2.31,35946,Petrol,Dealer,Manual,1,1997,14.8,Bengaluru,Red,8
8124,Hyundai Alcazar,2024,19.95,13.39,38404,Diesel,Dealer,Automatic,1,2393,19.4,Delhi,White,2
8125,Volkswagen Polo,2016,8.52,1.02,42008,Petrol,Dealer,Manual,1,2393,25.3,Lucknow,White,10
8126,Tata Altroz,2025,8.24,7.05,20575,Petrol,Individual,Manual,1,998,13.1,Ludhiana,Blue,1
8127,Maruti Fronx,2018,11.13,2.49,60330,Petrol,Dealer,Manual,0,2755,21.8,Mumbai,Grey,8
8128,Maruti Wagon R,2024,6.72,5.09,32519,Petrol,Individual,Manual,0,1199,24.4,Pune,Blue,2
8129,Kia Sonet,2021,13.47,6.27,22868,Petrol,Dealer,Manual,1,998,18.7,Chandigarh,Brown,5
8130,Hyundai Alcazar,2018,23.7,5.68,50090,Diesel,Individual,Automatic,0,1498,19.1,Bengaluru,Red,8
8131,Maruti Brezza,2017,11.45,1.78,59616,Petrol,Dealer,Manual,0,1497,21.6,Amritsar,Red,9
8132,Honda Elevate,2023,14.16,9.58,15801,Petrol,Individual,Manual,1,1997,16.8,Mumbai,Blue,3
8133,Mahindra Scorpio,2018,21.6,3.61,46245,Diesel,Dealer,Manual,1,1497,18.4,Amritsar,Grey,8
8134,Toyota Glanza,2012,9.47,1.14,119414,Petrol,Dealer,Manual,1,1497,24.7,Pune,White,14
8135,Renault Kiger,2020,9.32,3.09,51923,Petrol,Individual,Manual,0,1956,24.3,Pune,Black,6
8136,Maruti Baleno,2025,9.32,7.93,2500,Petrol,Individual,Manual,0,1597,24.1,Noida,White,1
8137,Renault Kiger,2013,8.18,0.98,101555,Petrol,Individual,Manual,0,2755,24.8,Mumbai,Black,13
8138,Maruti Dzire,2013,8.62,1.03,137806,Petrol,Dealer,Manual,0,1197,15.0,Kolkata,Red,13
8139,MG Hector,2023,22.82,15.26,2500,Petrol,Dealer,Automatic,1,2179,21.4,Pune,White,3
8140,Hyundai Grand i10,2021,6.73,2.27,60385,Petrol,Dealer,Manual,1,2393,18.2,Hyderabad,Black,5
8141,Hyundai Venue,2018,12.06,1.47,103414,Petrol,Dealer,Manual,0,799,12.9,Bengaluru,White,8
8142,Kia Seltos,2025,17.13,16.24,2500,Diesel,Individual,Manual,0,2179,17.2,Hyderabad,Brown,1
8143,Jeep Compass,2014,27.66,3.32,103444,Diesel,Dealer,Automatic,1,1597,14.0,Chandigarh,White,12
8144,Hyundai Verna,2023,14.29,8.16,67540,Petrol,Individual,Manual,0,2393,18.3,Kolkata,White,3
8145,Maruti Dzire,2020,8.17,2.64,37573,Petrol,Individual,Manual,2,2755,16.8,Delhi,Black,6
8146,Mahindra Scorpio,2018,19.06,2.83,63879,Diesel,Dealer,Manual,0,2393,20.1,Chennai,Red,8
8147,Tata Harrier,2017,19.87,2.38,104075,Diesel,Dealer,Manual,2,1199,23.1,Jaipur,Black,9
8148,Kia Seltos,2019,16.3,3.51,89134,Diesel,Dealer,Manual,0,799,21.4,Gurugram,Blue,7
8149,Maruti Ciaz,2023,10.56,7.02,27912,Petrol,Dealer,Manual,0,1956,18.9,Pune,Silver,3
8150,Volkswagen Polo,2016,8.7,1.04,95319,Petrol,Dealer,Manual,0,799,20.4,Chennai,Silver,10
8151,Mahindra XUV700,2024,28.31,19.11,47497,Diesel,Dealer,Automatic,0,998,13.6,Jaipur,Black,2
8152,Maruti Ertiga,2020,11.2,4.28,53121,Petrol,Dealer,Manual,1,1997,15.4,Chennai,Grey,6
8153,Honda City,2017,16.61,1.99,55314,Petrol,Dealer,Manual,1,1997,13.8,Lucknow,Brown,9
8154,Nissan Magnite,2014,8.1,0.97,64354,Petrol,Dealer,Manual,2,799,14.1,Noida,Brown,12
8155,Nissan Magnite,2012,9.09,1.09,131241,Petrol,Individual,Manual,1,2179,12.8,Delhi,Black,14
8156,Tata Safari,2017,22.89,3.01,69891,Diesel,Individual,Automatic,0,1498,13.7,Chandigarh,Silver,9
8157,Hyundai i20,2025,8.12,7.37,3176,Petrol,Dealer,Manual,0,1597,19.8,Hyderabad,Grey,1
8158,Renault Kiger,2019,9.02,2.19,65218,Petrol,Dealer,Manual,1,1997,15.4,Jaipur,Blue,7
8159,Mahindra Bolero,2017,9.95,1.19,62494,Diesel,Dealer,Manual,0,998,24.0,Noida,Grey,9
8160,Maruti Fronx,2021,9.01,4.7,46955,Petrol,Individual,Manual,0,799,12.1,Pune,Blue,5
8161,Nissan Magnite,2025,8.98,8.16,2500,Petrol,Dealer,Manual,0,2179,13.5,Amritsar,White,1
8162,Tata Punch,2018,8.03,1.31,45892,Petrol,Dealer,Manual,1,2179,23.0,Jaipur,Blue,8
8163,Hyundai i20,2016,9.11,1.09,72306,Petrol,Individual,Manual,0,2179,16.5,Hyderabad,Black,10
8164,Toyota Glanza,2025,8.91,8.6,2500,Petrol,Individual,Manual,0,1498,17.3,Chandigarh,Red,1
8165,Maruti Fronx,2020,9.07,3.45,54064,Petrol,Dealer,Manual,0,2755,24.6,Jaipur,Silver,6
8166,Hyundai Creta,2018,17.38,2.09,88742,Diesel,Individual,Manual,0,1197,25.3,Ludhiana,Grey,8
8167,Toyota Fortuner,2016,45.25,5.43,134340,Diesel,Dealer,Automatic,0,1199,14.6,Hyderabad,Brown,10
8168,Honda Amaze,2021,8.47,3.71,44382,Petrol,Dealer,Manual,1,1497,22.9,Jaipur,Red,5
8169,Renault Kwid,2015,5.54,0.67,101259,Petrol,Individual,Manual,1,1498,21.3,Pune,Black,11
8170,Maruti Baleno,2012,9.7,1.16,90077,Petrol,Dealer,Manual,0,1997,19.3,Kolkata,Red,14
8171,Volkswagen Virtus,2023,17.62,11.23,36185,Petrol,Individual,Automatic,0,1197,21.4,Ludhiana,White,3
8172,Ford EcoSport,2017,8.54,1.02,109291,Diesel,Dealer,Manual,1,2179,12.9,Chandigarh,Silver,9
8173,Ford EcoSport,2018,10.19,1.55,121976,Diesel,Dealer,Manual,0,2179,16.1,Pune,Brown,8
8174,Kia Seltos,2016,18.37,2.2,71540,Diesel,Dealer,Manual,0,998,13.3,Noida,Grey,10
8175,Maruti Wagon R,2018,5.55,1.01,56293,Petrol,Individual,Manual,0,1956,15.6,Bengaluru,Brown,8
8176,Maruti Wagon R,2024,5.99,5.1,13906,Petrol,Individual,Manual,0,1497,19.9,Noida,Silver,2
8177,Volkswagen Virtus,2015,18.61,2.23,107723,Petrol,Dealer,Automatic,0,799,19.4,Bengaluru,Brown,11
8178,Kia Seltos,2022,18.39,11.89,10559,Diesel,Individual,Manual,0,1199,24.6,Amritsar,Brown,4
8179,Hyundai Venue,2020,12.51,5.19,26766,Petrol,Dealer,Manual,1,2393,20.3,Bengaluru,Silver,6
8180,Hyundai Venue,2018,13.15,3.26,38219,Petrol,Dealer,Manual,0,1956,21.4,Hyderabad,Red,8
8181,Toyota Fortuner,2022,36.83,20.5,18797,Diesel,Dealer,Automatic,1,1597,12.9,Noida,Black,4
8182,Nissan Magnite,2023,8.75,5.76,37213,Petrol,Dealer,Manual,0,998,19.2,Lucknow,Grey,3
8183,Maruti Dzire,2019,8.36,2.02,81204,Petrol,Individual,Manual,0,1199,15.8,Noida,Brown,7
8184,Tata Altroz,2022,9.21,5.73,9146,Petrol,Individual,Manual,2,1997,18.0,Mohali,Brown,4
8185,Maruti Fronx,2012,10.0,1.2,69642,Petrol,Dealer,Manual,1,1997,18.4,Kolkata,White,14
8186,Hyundai Creta,2022,17.2,9.37,42996,Diesel,Dealer,Manual,1,1497,20.2,Kolkata,Grey,4
8187,Maruti Fronx,2015,9.15,1.1,73715,Petrol,Individual,Manual,2,2755,13.6,Bengaluru,Blue,11
8188,Tata Safari,2020,25.59,10.18,56884,Diesel,Dealer,Automatic,0,998,18.6,Pune,Black,6
8189,Maruti Fronx,2019,10.67,2.76,61269,Petrol,Dealer,Manual,1,1199,24.2,Jaipur,Black,7
8190,Mahindra Scorpio,2014,18.51,2.22,137455,Diesel,Dealer,Manual,0,2755,17.3,Mohali,Red,12
8191,Maruti Ertiga,2016,12.23,1.47,87213,Petrol,Individual,Manual,0,1997,15.1,Jaipur,Black,10
8192,Honda City,2021,16.46,7.47,42204,Petrol,Dealer,Manual,1,998,19.5,Gurugram,Red,5
8193,Toyota Innova Crysta,2017,23.13,2.88,72005,Diesel,Dealer,Manual,0,1997,25.3,Mumbai,Silver,9
8194,Mahindra Thar,2012,17.56,2.11,77426,Diesel,Dealer,Manual,1,1498,24.7,Lucknow,Brown,14
8195,Tata Safari,2025,26.41,21.46,25886,Diesel,Dealer,Automatic,0,1498,17.8,Chandigarh,Grey,1
8196,Maruti Swift,2017,7.59,0.91,94484,Petrol,Individual,Manual,0,799,20.3,Chandigarh,Silver,9
8197,Toyota Innova Crysta,2023,26.07,14.6,42877,Diesel,Individual,Manual,2,1497,16.1,Chandigarh,Red,3
8198,Honda Elevate,2016,14.7,1.76,88949,Petrol,Dealer,Manual,1,2755,16.1,Delhi,Grey,10
8199,Mahindra Bolero,2018,10.41,3.57,39220,Diesel,Dealer,Manual,0,1956,19.8,Lucknow,Red,8
8200,Maruti Fronx,2023,10.76,6.64,63858,Petrol,Dealer,Manual,0,1997,14.9,Lucknow,Blue,3
8201,Tata Punch,2012,8.41,1.01,104272,Petrol,Dealer,Manual,1,1498,15.6,Mohali,Black,14
8202,Skoda Slavia,2020,18.72,6.7,42582,Petrol,Individual,Automatic,0,2393,19.9,Noida,Brown,6
8203,Skoda Rapid,2025,10.03,8.15,41868,Diesel,Dealer,Manual,0,799,14.3,Hyderabad,Red,1
8204,Maruti Ciaz,2018,10.31,2.25,23770,Petrol,Individual,Manual,1,1997,16.5,Mumbai,Black,8
8205,Hyundai Venue,2022,13.09,7.78,33431,Petrol,Dealer,Manual,1,1997,23.0,Mohali,Silver,4
8206,Mahindra Scorpio,2013,19.28,2.31,78279,Diesel,Individual,Manual,0,2755,22.8,Hyderabad,Red,13
8207,Hyundai i20,2014,8.79,1.05,67054,Petrol,Individual,Manual,1,1197,18.4,Kolkata,Grey,12
8208,Tata Tiago,2012,6.99,0.84,107850,Petrol,Individual,Manual,0,1997,15.9,Kolkata,White,14
8209,Ford EcoSport,2018,8.95,2.9,38499,Diesel,Dealer,Manual,0,1497,13.8,Delhi,Blue,8
8210,Maruti Swift,2025,7.59,5.67,35297,Petrol,Individual,Manual,1,799,14.2,Amritsar,Red,1
8211,Maruti Alto,2021,4.04,2.2,33432,Petrol,Individual,Manual,0,1497,17.6,Amritsar,Red,5
8212,Hyundai Grand i10,2018,6.82,1.23,54307,Petrol,Dealer,Manual,1,1997,14.6,Lucknow,Silver,8
8213,Maruti Swift,2023,8.87,5.45,35736,Petrol,Dealer,Manual,0,1597,15.7,Mohali,Grey,3
8214,Maruti Wagon R,2016,6.7,0.8,86225,Petrol,Individual,Manual,0,1498,19.1,Jaipur,White,10
8215,Honda City,2017,15.57,1.87,84864,Petrol,Dealer,Manual,1,1498,12.8,Delhi,Red,9
8216,Maruti Alto,2015,4.32,0.55,154423,Petrol,Dealer,Manual,1,998,17.8,Bengaluru,Blue,11
8217,Hyundai i20,2015,10.0,1.2,70763,Petrol,Individual,Manual,0,2755,19.5,Delhi,Brown,11
8218,Mahindra Scorpio,2015,17.62,2.11,68650,Diesel,Individual,Manual,0,998,22.4,Lucknow,White,11
8219,Honda Amaze,2023,9.37,6.15,18054,Petrol,Dealer,Manual,2,1997,17.2,Gurugram,White,3
8220,Ford EcoSport,2023,9.23,6.67,20564,Diesel,Dealer,Manual,0,1199,13.8,Kolkata,Blue,3
8221,Toyota Fortuner,2018,42.35,5.08,78452,Diesel,Dealer,Automatic,1,1197,18.1,Jaipur,Silver,8
8222,Ford EcoSport,2020,10.16,4.04,53897,Diesel,Dealer,Manual,0,1497,16.8,Jaipur,White,6
8223,Mahindra Thar,2016,15.31,1.84,47764,Diesel,Individual,Manual,1,2179,24.9,Amritsar,Blue,10
8224,Mahindra Scorpio,2018,18.57,4.09,48650,Diesel,Individual,Manual,1,1597,20.7,Chennai,White,8
8225,Maruti Brezza,2025,13.15,10.4,23361,Petrol,Individual,Manual,1,799,25.3,Ludhiana,Black,1
8226,Tata Safari,2017,25.08,3.01,94175,Diesel,Dealer,Automatic,1,998,18.0,Mumbai,Red,9
8227,Tata Altroz,2023,9.89,6.2,8239,Petrol,Individual,Manual,2,799,18.7,Bengaluru,Grey,3
8228,Toyota Glanza,2013,8.87,1.06,103009,Petrol,Individual,Manual,0,2179,21.4,Pune,Silver,13
8229,Maruti Wagon R,2020,5.28,2.35,27821,Petrol,Dealer,Manual,0,998,12.5,Mumbai,Brown,6
8230,Maruti Baleno,2013,8.9,1.07,104660,Petrol,Dealer,Manual,1,1956,24.4,Hyderabad,Grey,13
8231,Maruti Swift,2023,8.37,5.2,50549,Petrol,Individual,Manual,0,1197,22.4,Lucknow,Red,3
8232,Hyundai Venue,2012,12.08,1.45,100702,Petrol,Dealer,Manual,0,998,18.5,Noida,Silver,14
8233,Ford EcoSport,2017,8.82,1.06,65879,Diesel,Dealer,Manual,0,1997,14.9,Chennai,White,9
8234,Honda Elevate,2020,17.27,6.3,51334,Petrol,Individual,Manual,1,2179,16.0,Ludhiana,Brown,6
8235,Hyundai Verna,2019,16.72,2.82,102924,Petrol,Dealer,Manual,0,1597,20.4,Pune,Silver,7
8236,Renault Kwid,2014,5.27,0.63,89779,Petrol,Dealer,Manual,0,2393,19.1,Mumbai,Brown,12
8237,Hyundai Venue,2014,12.82,1.54,77974,Petrol,Dealer,Manual,0,1997,16.8,Chennai,Red,12
8238,Maruti Wagon R,2021,5.68,2.25,37864,Petrol,Individual,Manual,1,1199,16.0,Bengaluru,Red,5
8239,Maruti Brezza,2015,12.38,1.49,128445,Petrol,Dealer,Manual,1,2755,16.6,Pune,Grey,11
8240,Kia Seltos,2018,16.32,1.96,82723,Diesel,Dealer,Manual,3,1997,25.4,Amritsar,White,8
8241,Hyundai Alcazar,2013,20.11,2.41,94574,Diesel,Individual,Automatic,0,1597,24.8,Lucknow,Silver,13
8242,Maruti Dzire,2012,9.65,1.16,103612,Petrol,Individual,Manual,0,1597,23.9,Mohali,Grey,14
8243,Tata Nexon,2023,10.73,7.77,2500,Petrol,Individual,Manual,2,1597,23.2,Ludhiana,Grey,3
8244,Toyota Fortuner,2013,40.1,4.81,122254,Diesel,Dealer,Automatic,0,2755,21.2,Ludhiana,Blue,13
8245,Mahindra Thar,2016,19.01,2.28,98193,Diesel,Individual,Manual,0,1997,17.6,Delhi,Grey,10
8246,Toyota Glanza,2023,9.1,5.11,65243,Petrol,Dealer,Manual,0,799,14.7,Lucknow,Red,3
8247,Renault Kwid,2016,5.29,0.63,98519,Petrol,Dealer,Manual,0,1597,15.2,Jaipur,Brown,10
8248,Hyundai Venue,2017,11.4,1.37,106957,Petrol,Dealer,Manual,2,2393,20.9,Ludhiana,Grey,9
8249,Maruti Ciaz,2022,11.01,6.11,26619,Petrol,Individual,Manual,1,1597,14.3,Mumbai,Silver,4
8250,Skoda Rapid,2023,10.87,7.78,16404,Diesel,Dealer,Manual,0,799,13.9,Gurugram,Brown,3
8251,Toyota Glanza,2014,8.66,1.04,118845,Petrol,Dealer,Manual,0,1597,14.5,Jaipur,White,12
8252,Maruti Fronx,2019,10.9,3.84,50278,Petrol,Dealer,Manual,0,2179,18.4,Kolkata,White,7
8253,Toyota Glanza,2016,9.19,1.1,61578,Petrol,Dealer,Manual,1,1597,19.6,Jaipur,Brown,10
8254,Nissan Magnite,2022,9.86,6.35,11288,Petrol,Dealer,Manual,0,2179,20.3,Bengaluru,Blue,4
8255,Maruti Ciaz,2018,11.99,4.04,21122,Petrol,Individual,Manual,1,2393,16.7,Mumbai,Black,8
8256,Maruti Ertiga,2020,12.29,3.1,82180,Petrol,Individual,Manual,1,2179,15.4,Bengaluru,Grey,6
8257,Tata Punch,2019,9.27,1.6,87263,Petrol,Individual,Manual,0,2393,22.3,Gurugram,Brown,7
8258,Maruti Swift,2023,7.27,3.93,66915,Petrol,Dealer,Manual,1,1197,21.1,Mumbai,White,3
8259,Honda Amaze,2021,9.83,5.71,16132,Petrol,Dealer,Manual,0,1497,12.7,Noida,Black,5
8260,Honda Amaze,2018,9.78,1.17,88347,Petrol,Individual,Manual,1,799,21.6,Chennai,Black,8
8261,MG Hector,2021,20.26,9.58,32636,Petrol,Dealer,Automatic,0,799,22.0,Ludhiana,Silver,5
8262,Toyota Glanza,2017,8.05,0.97,86711,Petrol,Individual,Manual,0,2393,21.2,Jaipur,Blue,9
8263,Toyota Innova Crysta,2014,27.81,3.34,106795,Diesel,Individual,Manual,0,1199,20.7,Chennai,Red,12
8264,Volkswagen Virtus,2020,16.02,3.95,48964,Petrol,Dealer,Automatic,3,1497,17.7,Mohali,Silver,6
8265,Hyundai Grand i10,2015,7.12,0.85,82649,Petrol,Dealer,Manual,1,998,15.1,Lucknow,Red,11
8266,Hyundai Venue,2023,10.61,4.85,61388,Petrol,Individual,Manual,3,2179,19.3,Kolkata,Black,3
8267,Volkswagen Virtus,2017,16.73,2.01,105738,Petrol,Individual,Automatic,1,2393,19.7,Lucknow,Silver,9
8268,Maruti Fronx,2015,9.43,1.13,102218,Petrol,Dealer,Manual,1,998,21.8,Amritsar,Red,11
8269,Mahindra Bolero,2021,10.9,3.79,51721,Diesel,Dealer,Manual,2,2755,24.4,Kolkata,Black,5
8270,Skoda Rapid,2017,10.43,1.25,99088,Diesel,Individual,Manual,0,1956,14.5,Bengaluru,Brown,9
8271,Maruti Baleno,2016,8.99,1.08,59671,Petrol,Dealer,Manual,0,1956,15.7,Chennai,Blue,10
8272,Ford EcoSport,2021,8.65,3.1,64099,Diesel,Dealer,Manual,1,1497,25.3,Mohali,Red,5
8273,Toyota Fortuner,2025,41.65,40.35,2500,Diesel,Individual,Automatic,0,1956,22.8,Chennai,Silver,1
8274,Maruti Baleno,2015,8.35,1.0,87029,Petrol,Individual,Manual,0,799,19.0,Pune,White,11
8275,Volkswagen Virtus,2021,18.59,7.5,75568,Petrol,Individual,Automatic,0,1197,15.7,Chandigarh,Red,5
8276,Toyota Innova Crysta,2022,22.47,11.26,42078,Diesel,Dealer,Manual,1,1498,18.5,Pune,Silver,4
8277,Honda Amaze,2016,9.49,1.14,55766,Petrol,Individual,Manual,1,1997,19.9,Mumbai,Black,10
8278,Hyundai Grand i10,2015,6.72,0.81,105827,Petrol,Dealer,Manual,0,1197,18.6,Hyderabad,Red,11
8279,Maruti Brezza,2023,12.14,9.01,7265,Petrol,Dealer,Manual,0,1498,21.0,Mohali,Black,3
8280,Honda Amaze,2019,9.82,3.02,54111,Petrol,Individual,Manual,0,1497,25.3,Mumbai,Black,7
8281,Toyota Innova Crysta,2015,23.43,2.81,79879,Diesel,Dealer,Manual,2,2179,16.9,Mohali,Brown,11
8282,Mahindra Scorpio,2017,17.89,2.24,74314,Diesel,Individual,Manual,0,998,19.6,Hyderabad,Red,9
8283,Maruti Wagon R,2019,5.58,1.48,56476,Petrol,Dealer,Manual,1,1997,16.9,Gurugram,Brown,7
8284,Volkswagen Polo,2020,8.79,4.0,19509,Petrol,Dealer,Manual,1,2179,23.3,Hyderabad,Blue,6
8285,Skoda Rapid,2021,9.44,5.14,27776,Diesel,Dealer,Manual,0,1498,24.7,Chennai,Grey,5
8286,Maruti Swift,2022,8.94,4.87,44783,Petrol,Dealer,Manual,0,799,24.9,Bengaluru,Brown,4
8287,Jeep Compass,2018,24.2,3.19,68739,Diesel,Dealer,Automatic,1,1997,16.9,Bengaluru,Red,8
8288,Tata Altroz,2025,8.94,6.52,40231,Petrol,Individual,Manual,2,1997,17.5,Hyderabad,Silver,1
8289,Skoda Slavia,2025,18.65,14.35,18377,Petrol,Dealer,Automatic,1,1997,17.0,Delhi,Black,1
8290,Tata Punch,2013,8.4,1.01,143021,Petrol,Dealer,Manual,3,1199,21.6,Chandigarh,Black,13
8291,Tata Safari,2013,23.74,2.85,100951,Diesel,Individual,Automatic,0,2179,14.0,Noida,Silver,13
8292,Tata Safari,2023,21.74,12.64,37501,Diesel,Dealer,Automatic,0,1497,22.4,Chennai,Red,3
8293,Volkswagen Polo,2020,7.35,2.43,46081,Petrol,Individual,Manual,0,1997,13.1,Mohali,Black,6
8294,Jeep Compass,2022,26.14,15.96,28225,Diesel,Dealer,Automatic,1,1597,14.0,Mumbai,Grey,4
8295,Tata Safari,2017,27.35,3.28,78487,Diesel,Dealer,Automatic,1,1498,23.2,Noida,Grey,9
8296,Hyundai Verna,2013,13.96,1.68,108099,Petrol,Dealer,Manual,0,1197,15.5,Pune,White,13
8297,Renault Kwid,2021,4.51,2.45,23085,Petrol,Dealer,Manual,0,1199,19.2,Gurugram,Silver,5
8298,Skoda Rapid,2024,9.89,7.89,15683,Diesel,Individual,Manual,0,799,12.6,Mohali,Brown,2
8299,Skoda Slavia,2013,17.84,2.14,109980,Petrol,Dealer,Automatic,1,1997,21.3,Ludhiana,Brown,13
8300,Renault Kiger,2012,9.14,1.1,104589,Petrol,Dealer,Manual,0,2179,13.3,Chandigarh,Brown,14
8301,Maruti Ertiga,2016,11.86,1.42,84498,Petrol,Individual,Manual,1,1956,18.1,Chennai,Brown,10
8302,Honda City,2019,13.24,3.13,81917,Petrol,Dealer,Manual,1,799,19.7,Kolkata,White,7
8303,Maruti Brezza,2024,11.96,8.97,8484,Petrol,Dealer,Manual,3,2179,22.6,Chandigarh,White,2
8304,Toyota Innova Crysta,2018,27.47,7.26,44802,Diesel,Dealer,Manual,0,1956,14.0,Lucknow,Blue,8
8305,Honda Elevate,2016,16.36,1.96,79561,Petrol,Dealer,Manual,0,1997,14.4,Chennai,Grey,10
8306,Jeep Compass,2021,26.63,15.45,22365,Diesel,Individual,Automatic,0,799,24.8,Amritsar,Grey,5
8307,Mahindra Scorpio,2013,20.82,2.5,143211,Diesel,Dealer,Manual,0,1197,18.4,Kolkata,White,13
8308,Mahindra Thar,2025,18.39,14.44,44476,Diesel,Dealer,Manual,1,1197,12.6,Jaipur,Black,1
8309,Volkswagen Virtus,2021,17.81,8.34,49230,Petrol,Dealer,Automatic,0,1498,25.5,Chennai,White,5
8310,Tata Safari,2017,22.56,3.69,40844,Diesel,Dealer,Automatic,1,1597,23.5,Delhi,Grey,9
8311,Hyundai Grand i10,2014,6.79,0.82,78353,Petrol,Individual,Manual,1,2179,20.9,Bengaluru,Red,12
8312,Mahindra Thar,2020,15.16,6.23,43538,Diesel,Dealer,Manual,0,998,13.7,Chennai,Blue,6
8313,Tata Punch,2013,9.83,1.18,72217,Petrol,Individual,Manual,1,2179,16.1,Delhi,Brown,13
8314,Tata Nexon,2018,11.5,3.18,45959,Petrol,Individual,Manual,0,2755,22.3,Pune,Brown,8
8315,Mahindra XUV700,2012,23.96,2.88,118968,Diesel,Dealer,Automatic,1,1997,20.6,Bengaluru,White,14
8316,Maruti Ertiga,2012,10.89,1.31,115879,Petrol,Dealer,Manual,0,1199,18.8,Mumbai,White,14
8317,Ford EcoSport,2017,9.37,1.12,84160,Diesel,Dealer,Manual,1,998,12.5,Pune,White,9
8318,Maruti Alto,2021,4.68,2.27,52060,Petrol,Individual,Manual,0,1597,20.2,Gurugram,Blue,5
8319,Tata Punch,2016,8.53,1.02,99661,Petrol,Dealer,Manual,0,2393,12.7,Amritsar,Blue,10
8320,Hyundai Alcazar,2017,19.75,3.61,36895,Diesel,Dealer,Automatic,0,1956,21.6,Chandigarh,Brown,9
8321,Maruti Wagon R,2018,5.57,0.86,73390,Petrol,Individual,Manual,0,2393,19.7,Mumbai,Red,8
8322,Honda Amaze,2013,9.16,1.1,120992,Petrol,Individual,Manual,0,1199,21.9,Gurugram,Blue,13
8323,Tata Altroz,2024,8.94,5.63,50000,Petrol,Dealer,Manual,2,799,19.1,Amritsar,Black,2
8324,Renault Kwid,2017,5.2,0.62,110257,Petrol,Individual,Manual,1,1199,25.4,Delhi,Black,9
8325,Kia Seltos,2019,17.23,5.27,42414,Diesel,Dealer,Manual,0,2755,13.1,Chandigarh,Silver,7
8326,Maruti Baleno,2014,9.13,1.1,95139,Petrol,Dealer,Manual,2,1498,19.2,Delhi,White,12
8327,Honda City,2022,13.83,7.18,50372,Petrol,Individual,Manual,1,2393,15.9,Pune,Silver,4
8328,Tata Harrier,2018,19.08,2.29,106676,Diesel,Individual,Manual,2,1497,18.7,Kolkata,Blue,8
8329,Kia Seltos,2014,17.34,2.08,105505,Diesel,Individual,Manual,0,1956,23.8,Noida,Red,12
8330,Volkswagen Virtus,2021,18.36,10.7,20036,Petrol,Dealer,Automatic,0,1199,25.0,Pune,Brown,5
8331,Tata Punch,2019,9.32,2.17,71652,Petrol,Individual,Manual,0,1199,16.3,Noida,Silver,7
8332,Toyota Fortuner,2014,46.14,5.54,93711,Diesel,Individual,Automatic,0,1498,19.6,Hyderabad,Red,12
8333,Jeep Compass,2017,24.95,2.99,68405,Diesel,Dealer,Automatic,0,1597,19.7,Chandigarh,Silver,9
8334,Tata Safari,2013,22.36,2.68,129672,Diesel,Individual,Automatic,1,1597,23.5,Gurugram,White,13
8335,Kia Seltos,2017,18.09,2.17,88207,Diesel,Dealer,Manual,1,1997,20.8,Delhi,Red,9
8336,Maruti Alto,2025,4.62,3.95,2500,Petrol,Individual,Manual,1,1497,19.0,Bengaluru,Blue,1
8337,Tata Punch,2020,9.11,3.78,11239,Petrol,Dealer,Manual,3,2179,17.0,Chandigarh,Brown,6
8338,Mahindra Thar,2025,16.32,13.22,35835,Diesel,Individual,Manual,0,2179,15.2,Mumbai,White,1
8339,Hyundai Alcazar,2021,19.88,8.45,59181,Diesel,Individual,Automatic,0,1498,18.4,Chennai,Grey,5
8340,Renault Kiger,2016,9.82,1.18,78281,Petrol,Individual,Manual,1,1597,24.9,Chandigarh,White,10
8341,Volkswagen Polo,2018,8.45,1.89,54398,Petrol,Individual,Manual,0,2179,25.0,Mumbai,Red,8
8342,Maruti Baleno,2018,9.13,1.1,112627,Petrol,Dealer,Manual,1,1956,22.7,Chandigarh,Red,8
8343,Maruti Wagon R,2019,5.54,1.2,70680,Petrol,Individual,Manual,0,1997,20.1,Pune,Red,7
8344,Skoda Rapid,2022,9.61,6.13,5676,Diesel,Dealer,Manual,1,1199,15.2,Delhi,Silver,4
8345,Renault Kwid,2014,5.06,0.61,85381,Petrol,Individual,Manual,1,799,20.8,Delhi,Silver,12
8346,Tata Safari,2013,24.37,2.92,108941,Diesel,Dealer,Automatic,0,1497,25.4,Amritsar,Grey,13
8347,Mahindra Thar,2012,18.13,2.18,94505,Diesel,Dealer,Manual,1,2755,23.1,Bengaluru,White,14
8348,Mahindra Bolero,2023,10.95,6.57,34651,Diesel,Individual,Manual,1,1497,14.8,Amritsar,Black,3
8349,Maruti Alto,2014,4.21,0.55,113246,Petrol,Individual,Manual,1,998,14.0,Lucknow,Grey,12
8350,Tata Harrier,2024,20.54,16.68,7234,Diesel,Individual,Manual,0,2179,22.2,Chandigarh,Blue,2
8351,Skoda Rapid,2024,9.39,7.17,24012,Diesel,Individual,Manual,1,1497,20.9,Kolkata,Grey,2
8352,Mahindra Scorpio,2014,18.21,2.19,74348,Diesel,Individual,Manual,0,1199,19.2,Lucknow,Grey,12
8353,Maruti Dzire,2018,7.99,1.09,77656,Petrol,Individual,Manual,0,1498,19.9,Mohali,Blue,8
8354,Toyota Innova Crysta,2019,27.92,9.6,34556,Diesel,Individual,Manual,1,799,20.7,Kolkata,Blue,7
8355,Maruti Wagon R,2018,5.31,0.64,85847,Petrol,Dealer,Manual,0,998,22.1,Pune,Black,8
8356,Maruti Alto,2025,3.82,2.98,37020,Petrol,Dealer,Manual,0,2179,23.5,Hyderabad,Brown,1
8357,Hyundai Creta,2013,17.45,2.09,100952,Diesel,Individual,Manual,0,1199,18.9,Delhi,Silver,13
8358,Hyundai i20,2015,8.63,1.04,116633,Petrol,Dealer,Manual,0,2393,17.2,Hyderabad,Black,11
8359,Toyota Innova Crysta,2019,25.9,7.87,72577,Diesel,Dealer,Manual,0,2755,17.2,Mohali,Silver,7
8360,Tata Nexon,2023,11.41,7.31,42518,Petrol,Individual,Manual,0,2393,14.9,Lucknow,Red,3
8361,Toyota Glanza,2021,9.62,4.66,38842,Petrol,Dealer,Manual,0,998,18.5,Chennai,Black,5
8362,Maruti Dzire,2017,8.92,1.07,67072,Petrol,Individual,Manual,1,998,23.6,Delhi,Brown,9
8363,Hyundai Venue,2018,12.0,1.44,92599,Petrol,Individual,Manual,0,1956,13.7,Noida,Red,8
8364,Renault Kwid,2021,4.92,2.67,30987,Petrol,Individual,Manual,1,1197,25.4,Kolkata,Grey,5
8365,Mahindra Thar,2022,16.56,8.58,33926,Diesel,Individual,Manual,2,2179,16.6,Mumbai,Blue,4
8366,Maruti Ertiga,2016,11.55,1.39,94949,Petrol,Dealer,Manual,1,1498,19.8,Lucknow,Silver,10
8367,Honda City,2018,13.8,1.73,65148,Petrol,Individual,Manual,0,2179,16.1,Delhi,Black,8
8368,Maruti Wagon R,2013,6.1,0.73,99048,Petrol,Dealer,Manual,1,1498,18.1,Hyderabad,Silver,13
8369,Mahindra Thar,2016,17.78,2.13,92369,Diesel,Individual,Manual,0,1956,12.5,Kolkata,Brown,10
8370,Volkswagen Polo,2023,7.45,4.85,31080,Petrol,Individual,Manual,0,1197,21.7,Ludhiana,Grey,3
8371,Hyundai Creta,2013,18.77,2.25,84039,Diesel,Dealer,Manual,1,1956,20.3,Ludhiana,Black,13
8372,Hyundai i20,2020,9.34,2.12,84680,Petrol,Dealer,Manual,1,2755,24.2,Chandigarh,Red,6
8373,Hyundai Grand i10,2020,6.41,1.89,66594,Petrol,Individual,Manual,0,1197,20.1,Mumbai,Red,6
8374,Volkswagen Virtus,2019,17.18,4.58,61912,Petrol,Individual,Automatic,0,1498,21.1,Bengaluru,Grey,7
8375,Hyundai i20,2022,8.42,2.95,72450,Petrol,Dealer,Manual,3,1997,13.2,Pune,Silver,4
8376,Maruti Dzire,2019,8.79,2.32,66987,Petrol,Dealer,Manual,0,2755,14.5,Mumbai,Brown,7
8377,Hyundai i20,2014,8.4,1.01,144827,Petrol,Dealer,Manual,1,799,17.3,Lucknow,Black,12
8378,Renault Kwid,2024,4.92,3.66,40181,Petrol,Individual,Manual,0,1199,12.3,Pune,White,2
8379,Hyundai Alcazar,2020,20.62,7.04,76667,Diesel,Individual,Automatic,1,1997,24.6,Chennai,Silver,6
8380,Ford EcoSport,2012,10.03,1.2,110252,Diesel,Dealer,Manual,1,1997,13.0,Noida,Silver,14
8381,Maruti Brezza,2020,11.84,3.05,61192,Petrol,Individual,Manual,3,1497,17.8,Gurugram,Grey,6
8382,Toyota Innova Crysta,2016,24.28,2.91,102474,Diesel,Dealer,Manual,0,2179,19.9,Ludhiana,Silver,10
8383,Mahindra XUV700,2015,25.49,3.06,82430,Diesel,Individual,Automatic,0,2179,15.4,Lucknow,Brown,11
8384,Hyundai Grand i10,2016,6.27,0.75,63501,Petrol,Dealer,Manual,2,998,12.4,Mohali,White,10
8385,Maruti Swift,2025,8.06,6.92,31934,Petrol,Dealer,Manual,0,1199,25.1,Jaipur,Black,1
8386,Skoda Rapid,2023,9.17,6.1,24804,Diesel,Dealer,Manual,0,1199,18.3,Delhi,Brown,3
8387,Maruti Dzire,2019,9.52,2.02,83285,Petrol,Dealer,Manual,1,1997,12.4,Mumbai,Blue,7
8388,Maruti Alto,2018,4.51,0.96,55703,Petrol,Dealer,Manual,0,1997,21.1,Pune,Red,8
8389,Tata Harrier,2014,18.66,2.24,70581,Diesel,Individual,Manual,1,998,19.2,Jaipur,Silver,12
8390,Tata Punch,2022,9.92,4.73,51064,Petrol,Individual,Manual,0,1956,24.2,Chandigarh,Brown,4
8391,Maruti Alto,2022,4.07,2.02,54141,Petrol,Dealer,Manual,1,2755,12.5,Amritsar,Red,4
8392,Jeep Compass,2025,26.46,22.58,27484,Diesel,Dealer,Automatic,0,998,12.7,Mohali,Grey,1
8393,Skoda Slavia,2020,18.49,9.5,16157,Petrol,Individual,Automatic,0,799,14.2,Pune,Grey,6
8394,Renault Kiger,2013,8.35,1.0,110666,Petrol,Individual,Manual,1,2393,14.2,Noida,White,13
8395,Mahindra XUV700,2015,27.28,3.27,113521,Diesel,Dealer,Automatic,0,1498,18.5,Mohali,White,11
8396,MG Hector,2013,23.53,2.82,93450,Petrol,Individual,Automatic,1,1997,14.3,Gurugram,Grey,13
8397,Honda City,2016,15.16,1.82,83841,Petrol,Dealer,Manual,0,2393,21.6,Ludhiana,Brown,10
8398,Mahindra Scorpio,2020,20.15,4.83,86472,Diesel,Dealer,Manual,0,1997,24.5,Ludhiana,Grey,6
8399,Toyota Glanza,2014,8.08,0.97,84169,Petrol,Individual,Manual,0,1956,18.8,Chandigarh,Red,12
8400,Maruti Alto,2022,3.85,1.73,42766,Petrol,Individual,Manual,1,1199,14.7,Ludhiana,Black,4
8401,Maruti Dzire,2013,9.65,1.16,117751,Petrol,Dealer,Manual,0,1956,13.0,Hyderabad,Silver,13
8402,Renault Kwid,2021,4.94,2.3,45605,Petrol,Individual,Manual,1,1956,21.5,Mumbai,Brown,5
8403,Mahindra Bolero,2012,8.97,1.08,132298,Diesel,Dealer,Manual,3,2179,12.1,Mumbai,Black,14
8404,Hyundai Creta,2016,17.65,2.12,104786,Diesel,Dealer,Manual,0,1199,15.0,Amritsar,Grey,10
8405,Maruti Brezza,2022,13.89,6.59,77213,Petrol,Dealer,Manual,0,1956,23.6,Noida,White,4
8406,Tata Safari,2025,25.66,20.61,20615,Diesel,Dealer,Automatic,2,1956,12.9,Gurugram,Blue,1
8407,Skoda Slavia,2021,16.21,5.88,80897,Petrol,Individual,Automatic,0,1997,20.6,Jaipur,Black,5
8408,Hyundai Creta,2015,18.57,2.23,48953,Diesel,Individual,Manual,0,1997,17.1,Hyderabad,Black,11
8409,Honda City,2025,16.05,12.64,50149,Petrol,Dealer,Manual,1,1199,23.5,Amritsar,Blue,1
8410,Toyota Fortuner,2015,40.06,4.81,118389,Diesel,Individual,Automatic,0,2393,16.0,Mohali,Grey,11
8411,Maruti Alto,2020,3.86,0.91,86027,Petrol,Individual,Manual,1,1497,19.7,Mumbai,Red,6
8412,Tata Punch,2019,7.95,1.36,94893,Petrol,Dealer,Manual,0,1498,18.0,Lucknow,Blue,7
8413,Skoda Rapid,2025,9.06,7.13,15710,Diesel,Dealer,Manual,2,998,18.2,Mumbai,Red,1
8414,Tata Safari,2012,27.25,3.27,106867,Diesel,Dealer,Automatic,0,1197,22.2,Hyderabad,Red,14
8415,Maruti Ciaz,2021,10.58,6.54,2500,Petrol,Individual,Manual,0,1956,18.7,Noida,Brown,5
8416,Maruti Ertiga,2021,10.19,6.26,4047,Petrol,Dealer,Manual,1,1498,23.8,Kolkata,Red,5
8417,Maruti Wagon R,2012,6.58,0.79,111571,Petrol,Individual,Manual,2,1197,19.2,Chandigarh,Brown,14
8418,Skoda Rapid,2015,10.85,1.3,44535,Diesel,Individual,Manual,0,1597,25.4,Ludhiana,Red,11
8419,Renault Kwid,2016,4.98,0.6,85719,Petrol,Dealer,Manual,1,799,23.2,Chennai,White,10
8420,Tata Tiago,2020,6.67,3.04,10729,Petrol,Dealer,Manual,1,1997,15.0,Delhi,Black,6
8421,Mahindra Bolero,2013,10.73,1.29,101107,Diesel,Individual,Manual,1,1997,18.8,Kolkata,Blue,13
8422,Hyundai Venue,2015,12.16,1.46,45652,Petrol,Individual,Manual,2,799,25.0,Amritsar,Grey,11
8423,Mahindra Scorpio,2023,19.03,8.9,80260,Diesel,Dealer,Manual,1,2755,16.7,Chandigarh,Silver,3
8424,Jeep Compass,2023,24.89,18.55,31861,Diesel,Individual,Automatic,0,1498,23.7,Chennai,Black,3
8425,Maruti Swift,2018,7.85,0.94,82763,Petrol,Dealer,Manual,0,998,22.9,Amritsar,Brown,8
8426,Renault Kwid,2022,5.07,3.44,2500,Petrol,Dealer,Manual,0,1197,25.2,Bengaluru,Blue,4
8427,Mahindra Bolero,2017,10.46,1.25,78266,Diesel,Dealer,Manual,0,998,15.5,Pune,White,9
8428,Volkswagen Polo,2016,8.11,0.97,100605,Petrol,Individual,Manual,0,1497,19.6,Lucknow,Black,10
8429,Maruti Ertiga,2025,10.93,9.9,2500,Petrol,Individual,Manual,0,2755,15.9,Hyderabad,White,1
8430,Toyota Fortuner,2023,36.85,21.53,52311,Diesel,Individual,Automatic,1,1498,19.4,Chennai,Black,3
8431,Mahindra XUV700,2020,28.6,9.8,61051,Diesel,Dealer,Automatic,0,1498,12.3,Chennai,Brown,6
8432,Hyundai Venue,2024,13.4,10.1,16098,Petrol,Dealer,Manual,1,1498,12.3,Jaipur,Grey,2
8433,Toyota Fortuner,2020,37.33,15.25,45428,Diesel,Dealer,Automatic,0,1497,24.7,Ludhiana,Red,6
8434,Maruti Ciaz,2012,11.74,1.41,102457,Petrol,Dealer,Manual,2,2755,22.9,Lucknow,Red,14
8435,Maruti Ciaz,2025,12.24,10.25,19298,Petrol,Dealer,Manual,0,2755,13.7,Mohali,Red,1
8436,Tata Harrier,2025,20.03,18.5,2500,Diesel,Dealer,Manual,1,1199,25.3,Mohali,Black,1
8437,Tata Tiago,2016,6.4,0.77,80780,Petrol,Individual,Manual,1,1997,22.3,Kolkata,White,10
8438,Toyota Fortuner,2020,44.7,9.84,71908,Diesel,Individual,Automatic,1,1498,20.1,Hyderabad,Black,6
8439,Tata Altroz,2019,9.05,2.22,40455,Petrol,Individual,Manual,2,1197,24.7,Mohali,Blue,7
8440,Tata Safari,2025,26.77,22.66,16447,Diesel,Dealer,Automatic,0,2393,21.9,Bengaluru,Black,1
8441,Tata Harrier,2020,17.9,5.86,60587,Diesel,Dealer,Manual,1,1997,22.5,Kolkata,Silver,6
8442,Kia Seltos,2012,16.38,1.97,104811,Diesel,Dealer,Manual,0,2755,13.9,Amritsar,Blue,14
8443,Tata Nexon,2013,12.48,1.5,83692,Petrol,Dealer,Manual,0,1956,13.9,Delhi,Red,13
8444,Hyundai Verna,2021,15.61,4.78,57969,Petrol,Dealer,Manual,2,1597,24.1,Jaipur,Brown,5
8445,Mahindra Scorpio,2023,19.49,11.25,52405,Diesel,Dealer,Manual,1,1199,18.3,Hyderabad,Black,3
8446,Mahindra Bolero,2012,9.42,1.13,97152,Diesel,Dealer,Manual,0,1498,20.5,Amritsar,Blue,14
8447,Ford EcoSport,2018,9.52,2.79,32864,Diesel,Dealer,Manual,1,1956,20.3,Pune,Grey,8
8448,Honda City,2014,13.71,1.65,103920,Petrol,Dealer,Manual,3,799,22.8,Bengaluru,Brown,12
8449,Jeep Compass,2018,25.31,3.48,64286,Diesel,Individual,Automatic,2,1498,13.5,Gurugram,Grey,8
8450,Volkswagen Polo,2017,7.89,0.95,96121,Petrol,Dealer,Manual,1,2393,24.8,Lucknow,White,9
8451,Hyundai Venue,2012,13.43,1.61,133671,Petrol,Dealer,Manual,3,1199,12.6,Ludhiana,Silver,14
8452,Renault Kiger,2012,9.62,1.15,117234,Petrol,Dealer,Manual,1,1498,20.1,Bengaluru,White,14
8453,MG Hector,2018,22.23,2.67,122523,Petrol,Dealer,Automatic,1,1956,17.6,Noida,White,8
8454,Hyundai Grand i10,2021,6.5,3.53,9488,Petrol,Dealer,Manual,0,2755,23.8,Pune,Red,5
8455,Tata Tiago,2024,7.53,6.61,2500,Petrol,Dealer,Manual,0,1197,22.2,Amritsar,Black,2
8456,Hyundai i20,2023,9.49,6.57,3881,Petrol,Dealer,Manual,3,998,22.1,Lucknow,White,3
8457,Maruti Swift,2019,9.18,2.42,38619,Petrol,Individual,Manual,3,799,15.4,Ludhiana,White,7
8458,Maruti Baleno,2019,9.04,1.29,88155,Petrol,Dealer,Manual,2,2755,12.5,Bengaluru,Brown,7
8459,Mahindra XUV700,2012,28.06,3.37,93835,Diesel,Dealer,Automatic,0,1497,18.4,Pune,Grey,14
8460,Maruti Fronx,2024,9.58,8.29,2500,Petrol,Dealer,Manual,0,2179,19.3,Gurugram,Black,2
8461,Maruti Baleno,2012,10.03,1.2,106919,Petrol,Dealer,Manual,1,1498,13.2,Jaipur,Grey,14
8462,Volkswagen Virtus,2015,15.37,1.84,44754,Petrol,Dealer,Automatic,0,2393,13.5,Chennai,White,11
8463,Kia Sonet,2020,11.96,4.17,43969,Petrol,Individual,Manual,3,1199,25.1,Bengaluru,Brown,6
8464,Toyota Fortuner,2017,39.21,4.88,63887,Diesel,Dealer,Automatic,0,799,22.7,Kolkata,Blue,9
8465,Tata Safari,2015,23.15,2.78,90213,Diesel,Individual,Automatic,3,2393,20.1,Amritsar,White,11
8466,Maruti Swift,2013,8.35,1.0,129151,Petrol,Dealer,Manual,0,799,23.6,Ludhiana,Grey,13
8467,Honda Amaze,2012,8.86,1.06,106247,Petrol,Individual,Manual,0,1956,22.5,Jaipur,Grey,14
8468,Hyundai Alcazar,2022,20.19,11.93,33854,Diesel,Dealer,Automatic,1,998,23.2,Lucknow,White,4
8469,Mahindra Bolero,2020,10.47,4.41,30240,Diesel,Individual,Manual,0,2393,23.3,Lucknow,Grey,6
8470,Mahindra Bolero,2020,9.37,3.62,50993,Diesel,Individual,Manual,0,799,23.7,Lucknow,Red,6
8471,Tata Punch,2025,8.66,6.11,25490,Petrol,Dealer,Manual,2,1197,13.2,Mohali,Grey,1
8472,Mahindra Thar,2016,16.59,1.99,104947,Diesel,Dealer,Manual,1,998,17.6,Chennai,Black,10
8473,Honda Amaze,2020,9.14,3.24,51797,Petrol,Dealer,Manual,0,1498,17.9,Kolkata,Black,6
8474,Tata Harrier,2014,20.34,2.44,109897,Diesel,Dealer,Manual,1,2393,16.1,Pune,Blue,12
8475,Mahindra XUV700,2014,24.64,2.96,103436,Diesel,Individual,Automatic,0,1597,17.0,Jaipur,White,12
8476,Renault Kwid,2025,4.73,4.0,22337,Petrol,Dealer,Manual,0,1199,14.5,Delhi,Grey,1
8477,Honda Elevate,2020,17.5,5.1,49797,Petrol,Dealer,Manual,1,1956,16.6,Kolkata,Grey,6
8478,Volkswagen Virtus,2025,16.69,14.71,5904,Petrol,Individual,Automatic,0,1997,17.8,Bengaluru,White,1
8479,Hyundai Verna,2023,16.43,12.1,2500,Petrol,Dealer,Manual,0,1199,15.1,Lucknow,Black,3
8480,Honda Amaze,2017,9.05,1.09,74818,Petrol,Individual,Manual,0,1197,20.1,Jaipur,Blue,9
8481,Toyota Innova Crysta,2015,22.69,2.72,91975,Diesel,Individual,Manual,0,799,16.5,Pune,Black,11
8482,Hyundai Grand i10,2019,6.42,1.58,58381,Petrol,Individual,Manual,0,1498,12.9,Delhi,Red,7
8483,Maruti Ertiga,2020,11.69,5.27,44895,Petrol,Individual,Manual,0,2179,16.7,Chennai,Grey,6
8484,Maruti Dzire,2012,8.52,1.02,100428,Petrol,Dealer,Manual,0,799,13.7,Jaipur,Grey,14
8485,Nissan Magnite,2020,8.15,3.59,28208,Petrol,Dealer,Manual,0,1197,21.4,Pune,White,6
8486,Maruti Fronx,2025,10.99,9.84,12239,Petrol,Dealer,Manual,0,2755,24.7,Chandigarh,Silver,1
8487,Mahindra Bolero,2012,10.1,1.21,94769,Diesel,Dealer,Manual,0,2755,22.0,Kolkata,Brown,14
8488,Hyundai i20,2018,8.42,1.4,56998,Petrol,Dealer,Manual,1,1199,24.9,Mumbai,Black,8
8489,Maruti Alto,2023,3.76,2.37,51599,Petrol,Dealer,Manual,0,799,19.0,Jaipur,White,3
8490,Ford EcoSport,2024,8.87,7.35,8587,Diesel,Dealer,Manual,0,2755,14.1,Kolkata,White,2
8491,Nissan Magnite,2017,8.01,0.96,102704,Petrol,Dealer,Manual,0,2179,23.2,Ludhiana,Black,9
8492,Honda Elevate,2019,17.0,2.2,97631,Petrol,Individual,Manual,0,998,15.3,Pune,Silver,7
8493,Honda Amaze,2015,8.89,1.07,100907,Petrol,Dealer,Manual,2,2755,17.4,Mumbai,Brown,11
8494,Renault Kwid,2014,4.52,0.55,97351,Petrol,Dealer,Manual,0,1497,19.5,Bengaluru,Grey,12
8495,Hyundai Creta,2017,18.1,2.17,107024,Diesel,Individual,Manual,0,1597,21.5,Amritsar,Blue,9
8496,Hyundai Venue,2022,10.68,6.75,17623,Petrol,Dealer,Manual,0,1199,12.5,Hyderabad,Blue,4
8497,Mahindra XUV700,2015,28.13,3.38,93021,Diesel,Dealer,Automatic,2,2755,20.6,Noida,Brown,11
8498,Renault Kwid,2025,4.62,3.94,16397,Petrol,Individual,Manual,1,1197,22.8,Amritsar,Grey,1
8499,Hyundai i20,2024,8.56,6.42,41246,Petrol,Dealer,Manual,0,2755,13.4,Gurugram,White,2
8500,Hyundai Grand i10,2017,6.44,0.77,101426,Petrol,Dealer,Manual,2,1997,15.6,Delhi,Black,9
8501,Hyundai Verna,2020,13.4,5.0,50445,Petrol,Dealer,Manual,0,1497,25.1,Amritsar,Brown,6
8502,Honda Elevate,2015,15.27,1.83,83336,Petrol,Dealer,Manual,0,799,16.2,Jaipur,White,11
8503,Hyundai Alcazar,2018,20.07,2.41,77269,Diesel,Individual,Automatic,1,799,17.1,Amritsar,Black,8
8504,Tata Punch,2025,8.91,6.1,65533,Petrol,Individual,Manual,1,1997,16.1,Chennai,Blue,1
8505,Ford EcoSport,2014,10.39,1.25,106950,Diesel,Dealer,Manual,0,1498,22.9,Mohali,Blue,12
8506,Maruti Ertiga,2016,11.34,1.36,84007,Petrol,Dealer,Manual,2,1997,19.8,Gurugram,Blue,10
8507,Mahindra Scorpio,2018,19.08,3.61,50710,Diesel,Individual,Manual,0,1597,19.4,Mohali,Black,8
8508,Jeep Compass,2023,23.38,14.76,27139,Diesel,Dealer,Automatic,0,799,19.5,Jaipur,Red,3
8509,Jeep Compass,2021,27.45,14.13,33489,Diesel,Individual,Automatic,0,1497,24.6,Gurugram,Grey,5
8510,Toyota Innova Crysta,2019,25.17,5.79,91334,Diesel,Individual,Manual,0,2393,22.4,Bengaluru,Blue,7
8511,Hyundai Grand i10,2017,6.24,0.75,102751,Petrol,Individual,Manual,0,1597,15.5,Amritsar,Silver,9
8512,Maruti Swift,2018,7.37,0.88,85891,Petrol,Individual,Manual,0,2755,15.7,Chandigarh,Brown,8
8513,Toyota Glanza,2016,9.01,1.08,55944,Petrol,Dealer,Manual,1,1197,24.1,Kolkata,Red,10
8514,Kia Seltos,2012,17.96,2.15,77480,Diesel,Dealer,Manual,0,998,12.3,Mohali,Black,14
8515,Tata Altroz,2021,8.82,4.79,43028,Petrol,Individual,Manual,0,1197,17.9,Hyderabad,Black,5
8516,Toyota Fortuner,2016,41.44,4.97,73450,Diesel,Individual,Automatic,0,2755,13.4,Mohali,Silver,10
8517,Maruti Dzire,2023,8.22,5.85,21729,Petrol,Dealer,Manual,0,2179,19.9,Chandigarh,Red,3
8518,Tata Punch,2021,9.91,4.16,49830,Petrol,Individual,Manual,1,2755,21.2,Amritsar,Brown,5
8519,Kia Sonet,2024,12.65,10.57,6779,Petrol,Dealer,Manual,0,799,16.4,Kolkata,Brown,2
8520,Toyota Fortuner,2016,43.14,5.18,50345,Diesel,Dealer,Automatic,0,1956,21.2,Chennai,Grey,10
8521,Tata Safari,2025,21.9,15.96,36419,Diesel,Dealer,Automatic,1,2393,18.1,Lucknow,Grey,1
8522,Tata Nexon,2022,12.08,6.64,48911,Petrol,Individual,Manual,0,2755,17.5,Chennai,Red,4
8523,Toyota Innova Crysta,2020,27.18,13.23,42350,Diesel,Dealer,Manual,0,1956,24.6,Chennai,Blue,6
8524,Hyundai Grand i10,2024,6.22,4.65,27875,Petrol,Dealer,Manual,0,1497,14.9,Kolkata,Blue,2
8525,Tata Tiago,2016,7.53,0.9,39495,Petrol,Dealer,Manual,0,799,25.2,Gurugram,Brown,10
8526,Maruti Ciaz,2023,12.52,7.46,34042,Petrol,Dealer,Manual,2,998,20.0,Delhi,Blue,3
8527,Mahindra Scorpio,2013,22.09,2.65,152169,Diesel,Dealer,Manual,2,1597,19.8,Chennai,Brown,13
8528,Maruti Swift,2021,8.87,4.68,30685,Petrol,Dealer,Manual,0,1197,20.1,Mumbai,Silver,5
8529,Tata Tiago,2012,7.16,0.86,113941,Petrol,Individual,Manual,1,1956,24.8,Delhi,Blue,14
8530,Mahindra XUV700,2021,23.17,12.77,24257,Diesel,Dealer,Automatic,1,1199,23.6,Mohali,Brown,5
8531,Maruti Ertiga,2017,10.96,2.47,48716,Petrol,Individual,Manual,0,1997,15.4,Bengaluru,Blue,9
8532,Skoda Rapid,2013,10.37,1.24,81670,Diesel,Individual,Manual,0,2755,13.9,Amritsar,Silver,13
8533,Nissan Magnite,2013,8.79,1.05,104079,Petrol,Individual,Manual,0,1197,14.2,Mohali,White,13
8534,Tata Altroz,2024,9.57,7.64,3711,Petrol,Dealer,Manual,1,998,21.0,Gurugram,Black,2
8535,Toyota Glanza,2014,9.34,1.12,138499,Petrol,Individual,Manual,0,799,14.7,Bengaluru,White,12
8536,Mahindra Thar,2019,17.84,3.42,77022,Diesel,Individual,Manual,1,2755,16.7,Mumbai,Grey,7
8537,Toyota Fortuner,2014,43.16,5.18,124018,Diesel,Individual,Automatic,0,998,18.2,Gurugram,Brown,12
8538,Skoda Slavia,2022,15.93,6.48,49353,Petrol,Individual,Automatic,2,1497,15.5,Pune,Grey,4
8539,Volkswagen Polo,2016,8.67,1.04,73257,Petrol,Individual,Manual,1,2179,18.2,Bengaluru,Red,10
8540,Maruti Wagon R,2012,5.91,0.71,110796,Petrol,Dealer,Manual,1,1199,14.3,Lucknow,Grey,14
8541,Hyundai Creta,2016,18.78,2.25,102763,Diesel,Dealer,Manual,0,1498,21.3,Hyderabad,Blue,10
8542,Maruti Swift,2017,7.53,0.9,80823,Petrol,Dealer,Manual,0,2393,23.6,Noida,Blue,9
8543,Mahindra XUV700,2016,26.18,3.14,79202,Diesel,Dealer,Automatic,3,1498,23.7,Gurugram,Red,10
8544,Hyundai Alcazar,2019,21.74,6.37,42651,Diesel,Dealer,Automatic,1,2393,23.4,Hyderabad,Black,7
8545,Mahindra Scorpio,2021,18.82,8.48,58564,Diesel,Individual,Manual,0,998,18.2,Bengaluru,Grey,5
8546,Renault Kwid,2016,4.42,0.55,90770,Petrol,Dealer,Manual,0,1498,23.3,Pune,White,10
8547,Mahindra XUV700,2022,26.4,12.66,48860,Diesel,Dealer,Automatic,0,799,13.6,Ludhiana,White,4
8548,Honda City,2021,15.44,5.83,49982,Petrol,Dealer,Manual,0,2393,17.9,Noida,Brown,5
8549,Mahindra XUV700,2016,24.02,2.88,76873,Diesel,Dealer,Automatic,0,1498,17.6,Mohali,Brown,10
8550,Maruti Brezza,2025,11.14,8.4,44130,Petrol,Individual,Manual,1,2393,15.2,Jaipur,Silver,1
8551,Volkswagen Virtus,2012,19.4,2.33,99986,Petrol,Individual,Automatic,1,2179,19.6,Bengaluru,Brown,14
8552,Hyundai Grand i10,2015,6.54,0.78,84154,Petrol,Individual,Manual,2,1199,16.6,Lucknow,White,11
8553,Hyundai Venue,2022,11.31,6.02,38715,Petrol,Dealer,Manual,1,799,13.0,Jaipur,Silver,4
8554,Ford EcoSport,2019,9.35,2.91,41508,Diesel,Individual,Manual,1,2393,25.3,Amritsar,Red,7
8555,Volkswagen Polo,2016,7.32,0.88,57770,Petrol,Dealer,Manual,1,1197,17.1,Delhi,Brown,10
8556,Volkswagen Virtus,2021,15.13,5.18,83701,Petrol,Dealer,Automatic,0,2393,14.5,Noida,Grey,5
8557,Maruti Baleno,2016,8.5,1.02,97310,Petrol,Dealer,Manual,1,1597,23.8,Kolkata,Red,10
8558,Jeep Compass,2015,23.15,2.78,91557,Diesel,Individual,Automatic,1,2179,22.2,Noida,White,11
8559,Toyota Glanza,2023,8.85,4.68,28181,Petrol,Dealer,Manual,3,1497,16.6,Hyderabad,Red,3
8560,MG Hector,2017,20.83,2.5,70831,Petrol,Dealer,Automatic,1,1497,24.3,Mohali,Blue,9
8561,Mahindra Thar,2020,15.25,4.04,77173,Diesel,Individual,Manual,1,799,19.6,Kolkata,Black,6
8562,Toyota Glanza,2015,8.95,1.07,116622,Petrol,Dealer,Manual,0,2755,21.2,Mumbai,Red,11
8563,Volkswagen Polo,2025,8.27,6.32,22028,Petrol,Dealer,Manual,2,799,13.3,Bengaluru,Grey,1
8564,Toyota Glanza,2014,8.36,1.0,94198,Petrol,Individual,Manual,2,1497,15.9,Pune,White,12
8565,Hyundai Creta,2013,15.37,1.84,127907,Diesel,Dealer,Manual,0,799,23.9,Delhi,Blue,13
8566,Maruti Baleno,2022,8.48,4.84,50965,Petrol,Dealer,Manual,0,1197,19.9,Mohali,Blue,4
8567,Toyota Innova Crysta,2018,22.1,3.73,72414,Diesel,Individual,Manual,0,2755,13.3,Ludhiana,White,8
8568,Toyota Glanza,2024,9.11,7.37,22981,Petrol,Individual,Manual,0,1199,20.6,Bengaluru,Silver,2
8569,Hyundai Venue,2014,11.14,1.34,85677,Petrol,Individual,Manual,1,998,19.8,Mumbai,Grey,12
8570,Hyundai Grand i10,2018,7.78,1.21,54149,Petrol,Dealer,Manual,1,1197,14.9,Delhi,Black,8
8571,Skoda Slavia,2020,15.88,6.62,27259,Petrol,Individual,Automatic,0,1497,13.8,Ludhiana,Brown,6
8572,Maruti Alto,2019,4.7,1.91,36635,Petrol,Dealer,Manual,0,1597,12.2,Bengaluru,Silver,7
8573,Volkswagen Virtus,2016,16.92,2.03,93889,Petrol,Individual,Automatic,0,1997,17.0,Hyderabad,Blue,10
8574,Honda City,2023,15.04,8.8,26876,Petrol,Dealer,Manual,2,1497,20.7,Kolkata,Black,3
8575,Toyota Fortuner,2025,41.29,31.64,33527,Diesel,Individual,Automatic,0,998,17.9,Noida,Red,1
8576,Skoda Rapid,2023,9.6,5.8,25786,Diesel,Individual,Manual,0,1497,24.1,Chandigarh,Red,3
8577,Maruti Fronx,2018,10.24,2.36,47566,Petrol,Dealer,Manual,0,1197,19.8,Chandigarh,Black,8
8578,Hyundai Alcazar,2019,23.49,8.88,51362,Diesel,Individual,Automatic,0,2393,16.9,Mohali,Silver,7
8579,Toyota Fortuner,2012,35.2,4.22,96304,Diesel,Dealer,Automatic,2,1597,24.0,Delhi,Black,14
8580,Hyundai Verna,2012,14.93,1.79,135196,Petrol,Individual,Manual,0,799,12.5,Pune,Blue,14
8581,Honda Elevate,2016,17.1,2.05,114911,Petrol,Dealer,Manual,0,1197,25.1,Chandigarh,Red,10
8582,Tata Safari,2021,26.26,15.43,21292,Diesel,Individual,Automatic,0,1597,13.1,Lucknow,Silver,5
8583,Mahindra Scorpio,2022,20.43,10.54,40242,Diesel,Dealer,Manual,2,1497,21.1,Mumbai,Brown,4
8584,Nissan Magnite,2012,7.99,0.96,127985,Petrol,Dealer,Manual,0,1997,19.4,Jaipur,Blue,14
8585,Tata Altroz,2022,9.18,5.34,30455,Petrol,Dealer,Manual,1,1497,17.7,Pune,White,4
8586,Honda Elevate,2012,16.21,1.95,104019,Petrol,Individual,Manual,2,2179,23.8,Noida,Black,14
8587,Tata Nexon,2012,10.89,1.31,124075,Petrol,Dealer,Manual,2,1199,16.3,Jaipur,White,14
8588,Renault Kwid,2019,5.4,1.77,53269,Petrol,Dealer,Manual,0,1498,24.1,Kolkata,Blue,7
8589,Mahindra Bolero,2023,9.4,7.27,19522,Diesel,Individual,Manual,0,1497,18.1,Hyderabad,Red,3
8590,Maruti Wagon R,2012,5.33,0.64,121493,Petrol,Dealer,Manual,0,1956,21.6,Mohali,Silver,14
8591,Maruti Ertiga,2023,10.83,8.0,8927,Petrol,Dealer,Manual,0,799,12.7,Gurugram,White,3
8592,Ford EcoSport,2015,8.66,1.04,89635,Diesel,Individual,Manual,0,998,16.5,Lucknow,Red,11
8593,Tata Altroz,2017,9.18,1.1,80722,Petrol,Individual,Manual,0,799,18.2,Jaipur,Black,9
8594,Hyundai Venue,2023,13.02,6.87,71308,Petrol,Individual,Manual,0,2179,16.8,Ludhiana,White,3
8595,Hyundai Alcazar,2015,19.91,2.39,133126,Diesel,Individual,Automatic,2,1199,16.7,Mumbai,White,11
8596,MG Hector,2017,19.86,2.38,101193,Petrol,Dealer,Automatic,0,1497,20.0,Noida,Brown,9
8597,Kia Seltos,2023,19.4,13.19,27188,Diesel,Dealer,Manual,0,1199,25.2,Kolkata,Black,3
8598,Maruti Wagon R,2019,5.91,1.92,61350,Petrol,Individual,Manual,0,1497,16.1,Kolkata,Silver,7
8599,Hyundai Venue,2025,12.69,11.44,2500,Petrol,Individual,Manual,0,998,16.0,Lucknow,White,1
8600,Kia Seltos,2021,16.66,9.21,19126,Diesel,Dealer,Manual,1,1497,16.0,Delhi,Black,5
8601,Mahindra XUV700,2023,26.12,19.67,10129,Diesel,Dealer,Automatic,1,2179,13.0,Kolkata,Silver,3
8602,Maruti Alto,2022,4.15,2.74,17531,Petrol,Dealer,Manual,0,1498,14.7,Gurugram,Black,4
8603,Hyundai Venue,2014,12.6,1.51,65479,Petrol,Dealer,Manual,0,1199,21.4,Hyderabad,Blue,12
8604,Tata Tiago,2024,6.2,4.72,19589,Petrol,Dealer,Manual,0,1497,22.7,Bengaluru,Blue,2
8605,Hyundai i20,2024,8.34,5.78,25073,Petrol,Dealer,Manual,2,1197,12.4,Chandigarh,Silver,2
8606,Mahindra Bolero,2025,9.79,7.75,54222,Diesel,Dealer,Manual,0,799,23.7,Delhi,Brown,1
8607,Hyundai Verna,2019,15.41,3.37,90590,Petrol,Dealer,Manual,0,1497,19.7,Ludhiana,White,7
8608,Maruti Brezza,2018,12.34,2.02,79238,Petrol,Dealer,Manual,0,1498,12.9,Delhi,White,8
8609,Mahindra Bolero,2025,10.73,8.12,32353,Diesel,Dealer,Manual,1,1497,14.2,Kolkata,Red,1
8610,Maruti Ciaz,2015,11.64,1.4,98993,Petrol,Individual,Manual,0,2755,20.5,Delhi,Grey,11
8611,Tata Safari,2021,25.43,14.03,18973,Diesel,Dealer,Automatic,1,1956,13.0,Gurugram,White,5
8612,Tata Harrier,2023,18.14,11.62,38613,Diesel,Individual,Manual,0,1997,12.2,Chennai,Brown,3
8613,Toyota Glanza,2023,9.33,5.7,32000,Petrol,Dealer,Manual,0,2393,17.8,Gurugram,Blue,3
8614,Jeep Compass,2019,24.94,3.0,76744,Diesel,Individual,Automatic,1,998,12.0,Hyderabad,White,7
8615,Hyundai Verna,2014,16.72,2.01,142492,Petrol,Individual,Manual,0,799,20.1,Ludhiana,Silver,12
8616,Tata Tiago,2015,6.87,0.82,117299,Petrol,Individual,Manual,1,998,17.8,Chandigarh,Black,11
8617,Maruti Ciaz,2024,10.28,8.89,8196,Petrol,Dealer,Manual,0,1197,13.7,Gurugram,Black,2
8618,Tata Safari,2017,26.13,3.14,46971,Diesel,Individual,Automatic,0,1197,15.4,Mohali,Black,9
8619,Mahindra Scorpio,2013,21.44,2.57,120520,Diesel,Individual,Manual,2,2179,23.8,Delhi,Brown,13
8620,Kia Seltos,2012,18.08,2.17,115791,Diesel,Dealer,Manual,0,799,19.3,Bengaluru,Blue,14
8621,Tata Punch,2014,9.3,1.12,105240,Petrol,Individual,Manual,1,998,23.7,Ludhiana,Black,12
8622,Maruti Baleno,2015,8.98,1.08,87764,Petrol,Dealer,Manual,0,1597,18.8,Hyderabad,Red,11
8623,Skoda Rapid,2024,11.16,6.57,78417,Diesel,Dealer,Manual,1,1199,18.7,Bengaluru,Black,2
8624,Toyota Glanza,2013,8.97,1.08,122126,Petrol,Individual,Manual,2,998,15.4,Jaipur,Grey,13
8625,Hyundai Grand i10,2015,7.1,0.85,112018,Petrol,Dealer,Manual,0,998,14.5,Delhi,Grey,11
8626,Maruti Alto,2020,4.22,1.1,82571,Petrol,Dealer,Manual,1,998,15.4,Lucknow,Silver,6
8627,Maruti Ciaz,2022,12.62,9.3,2500,Petrol,Dealer,Manual,0,2755,12.2,Pune,Blue,4
8628,Tata Harrier,2021,22.39,10.32,29412,Diesel,Dealer,Manual,1,799,19.2,Bengaluru,Blue,5
8629,Tata Punch,2015,8.57,1.03,75817,Petrol,Dealer,Manual,1,1199,19.3,Chandigarh,Grey,11
8630,Renault Kwid,2022,4.43,2.31,45847,Petrol,Dealer,Manual,0,1597,16.2,Kolkata,Black,4
8631,Mahindra Thar,2016,16.38,1.97,114851,Diesel,Dealer,Manual,1,1497,24.1,Jaipur,White,10
8632,Honda City,2019,15.82,4.74,55548,Petrol,Individual,Manual,1,1497,15.4,Lucknow,Silver,7
8633,Mahindra Scorpio,2022,21.98,12.43,45030,Diesel,Dealer,Manual,0,1498,20.7,Noida,Red,4
8634,Tata Harrier,2019,19.25,2.48,99100,Diesel,Individual,Manual,0,1997,23.3,Bengaluru,Red,7
8635,Maruti Ertiga,2013,10.78,1.29,110875,Petrol,Dealer,Manual,0,1597,18.4,Bengaluru,White,13
8636,Tata Tiago,2015,7.1,0.85,55381,Petrol,Individual,Manual,0,1497,14.4,Gurugram,White,11
8637,Tata Safari,2012,24.21,2.91,125299,Diesel,Dealer,Automatic,0,1956,12.3,Kolkata,Black,14
8638,Maruti Baleno,2023,8.8,5.23,46775,Petrol,Dealer,Manual,1,998,20.5,Lucknow,Grey,3
8639,Toyota Glanza,2025,8.28,7.52,8309,Petrol,Individual,Manual,1,1199,14.4,Mumbai,Brown,1
8640,Skoda Rapid,2023,9.02,6.77,2500,Diesel,Dealer,Manual,0,2755,13.9,Hyderabad,Brown,3
8641,MG Hector,2015,20.52,2.46,71438,Petrol,Dealer,Automatic,1,2179,15.0,Mumbai,Black,11
8642,Ford EcoSport,2020,8.71,2.14,95950,Diesel,Dealer,Manual,1,2393,15.8,Delhi,Silver,6
8643,Tata Safari,2013,24.96,3.0,113960,Diesel,Individual,Automatic,0,1597,21.8,Pune,Grey,13
8644,MG Hector,2022,22.2,12.84,22542,Petrol,Dealer,Automatic,2,1997,20.1,Mohali,White,4
8645,Honda Amaze,2018,8.86,2.01,50917,Petrol,Dealer,Manual,0,1956,22.9,Pune,Black,8
8646,Jeep Compass,2022,26.52,13.19,62826,Diesel,Dealer,Automatic,0,1997,14.6,Mohali,Brown,4
8647,Maruti Baleno,2020,8.28,2.3,91769,Petrol,Dealer,Manual,0,799,21.8,Hyderabad,Grey,6
8648,Tata Tiago,2019,7.68,1.65,45391,Petrol,Dealer,Manual,2,1956,22.4,Lucknow,Grey,7
8649,Honda City,2014,13.91,1.67,79593,Petrol,Individual,Manual,1,1197,16.1,Delhi,Brown,12
8650,Honda Amaze,2014,8.22,0.99,85329,Petrol,Dealer,Manual,1,1199,21.3,Hyderabad,Grey,12
8651,Maruti Baleno,2017,8.05,0.97,49622,Petrol,Dealer,Manual,0,1197,15.1,Chennai,Brown,9
8652,Renault Kwid,2014,5.52,0.66,74987,Petrol,Dealer,Manual,1,1597,12.6,Kolkata,Red,12
8653,Tata Punch,2023,9.03,6.3,39584,Petrol,Individual,Manual,0,1956,14.9,Pune,Black,3
8654,Renault Kwid,2014,4.71,0.57,86163,Petrol,Individual,Manual,0,799,18.9,Mohali,Red,12
8655,Kia Sonet,2014,11.18,1.34,114159,Petrol,Dealer,Manual,2,1997,16.8,Jaipur,Grey,12
8656,Skoda Rapid,2021,10.32,3.27,82346,Diesel,Dealer,Manual,0,2393,17.8,Bengaluru,Blue,5
8657,Maruti Ciaz,2014,10.65,1.28,82108,Petrol,Individual,Manual,1,2179,16.5,Chandigarh,Silver,12
8658,Renault Kiger,2015,9.32,1.12,133057,Petrol,Dealer,Manual,0,1497,18.2,Hyderabad,Grey,11
8659,Mahindra XUV700,2014,22.96,2.76,109417,Diesel,Dealer,Automatic,0,2179,24.4,Lucknow,Red,12
8660,Renault Kiger,2021,9.36,3.64,36215,Petrol,Individual,Manual,0,2179,17.0,Hyderabad,Silver,5
8661,Maruti Ciaz,2020,11.25,6.14,2500,Petrol,Individual,Manual,0,2755,15.3,Amritsar,Silver,6
8662,Maruti Brezza,2018,12.2,2.0,76475,Petrol,Individual,Manual,0,1197,14.6,Hyderabad,Brown,8
8663,Nissan Magnite,2020,8.24,2.56,55273,Petrol,Dealer,Manual,0,1199,17.5,Jaipur,Silver,6
8664,Renault Kiger,2013,8.71,1.04,104156,Petrol,Dealer,Manual,0,1498,22.7,Kolkata,Silver,13
8665,Kia Seltos,2018,16.55,4.84,47832,Diesel,Dealer,Manual,0,2393,25.1,Ludhiana,Grey,8
8666,Mahindra Thar,2024,17.21,11.03,50521,Diesel,Individual,Manual,0,2393,19.6,Pune,Blue,2
8667,Renault Kiger,2017,9.66,1.25,53926,Petrol,Individual,Manual,0,799,16.5,Ludhiana,Black,9
8668,Renault Kiger,2020,9.06,3.02,53025,Petrol,Individual,Manual,1,1956,20.7,Chandigarh,White,6
8669,Maruti Brezza,2012,11.44,1.37,105771,Petrol,Individual,Manual,1,1197,23.2,Jaipur,Silver,14
8670,Maruti Swift,2023,8.44,6.16,16901,Petrol,Individual,Manual,0,1997,13.0,Mohali,Black,3
8671,Volkswagen Virtus,2012,16.41,1.97,95883,Petrol,Dealer,Automatic,2,1997,22.4,Pune,Silver,14
8672,Tata Nexon,2012,11.5,1.38,129014,Petrol,Dealer,Manual,2,1497,23.2,Bengaluru,Blue,14
8673,Mahindra Bolero,2013,9.78,1.17,114445,Diesel,Individual,Manual,0,998,22.6,Mohali,Black,13
8674,Kia Sonet,2017,12.73,1.53,59624,Petrol,Individual,Manual,2,799,17.4,Chandigarh,Brown,9
8675,Toyota Fortuner,2024,40.47,30.11,25600,Diesel,Dealer,Automatic,2,1597,15.9,Bengaluru,Red,2
8676,Toyota Fortuner,2024,40.89,34.19,18005,Diesel,Dealer,Automatic,0,2179,14.6,Bengaluru,Brown,2
8677,Skoda Slavia,2018,19.28,4.08,63265,Petrol,Dealer,Automatic,0,2393,19.8,Hyderabad,Black,8
8678,Jeep Compass,2022,28.32,16.05,26704,Diesel,Dealer,Automatic,1,1199,17.7,Hyderabad,Grey,4
8679,Maruti Fronx,2015,9.28,1.11,84601,Petrol,Dealer,Manual,1,1597,24.6,Kolkata,White,11
8680,Nissan Magnite,2023,9.06,6.4,7716,Petrol,Dealer,Manual,0,2393,23.0,Mumbai,Silver,3
8681,Kia Sonet,2017,13.02,1.71,61092,Petrol,Dealer,Manual,0,1597,14.3,Chennai,Blue,9
8682,Hyundai Verna,2020,14.88,6.74,55711,Petrol,Dealer,Manual,0,1956,22.5,Amritsar,Brown,6
8683,Ford EcoSport,2016,8.64,1.04,63442,Diesel,Individual,Manual,2,1197,21.7,Pune,Blue,10
8684,Ford EcoSport,2012,9.99,1.2,140818,Diesel,Dealer,Manual,0,1956,17.8,Mohali,Silver,14
8685,Tata Nexon,2013,11.06,1.33,116645,Petrol,Dealer,Manual,0,799,20.8,Hyderabad,Black,13
8686,Maruti Baleno,2020,9.77,2.87,116186,Petrol,Individual,Manual,1,1997,23.5,Kolkata,Red,6
8687,Hyundai Grand i10,2024,6.88,5.22,3430,Petrol,Dealer,Manual,0,1497,22.5,Amritsar,White,2
8688,Maruti Ertiga,2025,10.39,8.86,14597,Petrol,Individual,Manual,0,2393,17.2,Jaipur,Grey,1
8689,Tata Safari,2023,24.24,13.68,50148,Diesel,Individual,Automatic,1,1497,17.8,Jaipur,Blue,3
8690,Volkswagen Polo,2019,7.7,1.68,65466,Petrol,Individual,Manual,0,1497,18.9,Mumbai,Grey,7
8691,Toyota Innova Crysta,2023,25.13,15.58,52599,Diesel,Dealer,Manual,0,1497,13.8,Pune,White,3
8692,MG Hector,2013,18.57,2.23,109973,Petrol,Individual,Automatic,3,1497,16.1,Pune,Brown,13
8693,Honda Elevate,2023,14.36,10.73,2500,Petrol,Dealer,Manual,1,2179,14.4,Hyderabad,Silver,3
8694,Toyota Glanza,2021,9.17,3.14,42707,Petrol,Individual,Manual,1,998,13.1,Jaipur,Red,5
8695,Toyota Fortuner,2024,36.14,26.89,42738,Diesel,Dealer,Automatic,0,1199,14.0,Delhi,White,2
8696,Hyundai Venue,2023,10.72,6.69,41906,Petrol,Dealer,Manual,0,799,24.8,Noida,Brown,3
8697,Hyundai Alcazar,2015,20.09,2.41,62099,Diesel,Dealer,Automatic,0,2393,20.5,Ludhiana,Silver,11
8698,Maruti Baleno,2012,8.73,1.05,140166,Petrol,Individual,Manual,1,1997,13.9,Mumbai,Grey,14
8699,Hyundai Grand i10,2025,6.5,5.07,30328,Petrol,Dealer,Manual,0,1997,12.9,Mohali,Red,1
8700,Volkswagen Virtus,2017,15.72,1.89,107630,Petrol,Dealer,Automatic,3,1997,19.8,Lucknow,Grey,9
8701,Tata Safari,2021,22.21,15.07,14271,Diesel,Dealer,Automatic,0,1997,17.4,Noida,Silver,5
8702,Honda Amaze,2019,9.82,1.61,78700,Petrol,Individual,Manual,0,1597,12.4,Delhi,Brown,7
8703,Hyundai Venue,2015,12.12,1.45,161177,Petrol,Individual,Manual,0,799,13.6,Mumbai,Brown,11
8704,Mahindra XUV700,2024,27.3,17.92,47128,Diesel,Dealer,Automatic,1,998,21.2,Ludhiana,Red,2
8705,Mahindra Scorpio,2016,18.19,2.18,70664,Diesel,Dealer,Manual,0,799,23.4,Jaipur,Grey,10
8706,Skoda Slavia,2013,17.73,2.13,141695,Petrol,Individual,Automatic,1,1498,22.4,Bengaluru,White,13
8707,Maruti Ciaz,2022,11.48,6.7,43485,Petrol,Dealer,Manual,0,2755,25.3,Mumbai,White,4
8708,Tata Harrier,2014,17.88,2.15,76101,Diesel,Dealer,Manual,0,1956,15.4,Lucknow,Blue,12
8709,Maruti Wagon R,2012,5.97,0.72,95580,Petrol,Individual,Manual,0,1197,25.4,Ludhiana,Grey,14
8710,Maruti Wagon R,2018,5.78,1.12,64340,Petrol,Individual,Manual,0,1498,17.4,Ludhiana,Black,8
8711,Maruti Alto,2013,4.12,0.55,101632,Petrol,Individual,Manual,1,1199,25.1,Jaipur,Silver,13
8712,Mahindra Thar,2017,18.94,3.45,33528,Diesel,Dealer,Manual,1,1197,21.6,Kolkata,Brown,9
8713,Kia Sonet,2022,11.02,5.75,51513,Petrol,Individual,Manual,0,1498,17.2,Mohali,Black,4
8714,Maruti Dzire,2022,8.57,4.8,35221,Petrol,Individual,Manual,0,1497,19.9,Mohali,Black,4
8715,Jeep Compass,2022,23.99,9.93,60139,Diesel,Individual,Automatic,0,2179,25.3,Hyderabad,Grey,4
8716,Renault Kwid,2018,4.56,1.29,39313,Petrol,Individual,Manual,0,1997,22.7,Mumbai,Silver,8
8717,Mahindra Scorpio,2015,22.02,2.64,113066,Diesel,Dealer,Manual,0,1199,19.4,Gurugram,Grey,11
8718,Maruti Baleno,2013,10.02,1.2,109574,Petrol,Dealer,Manual,1,2393,23.3,Chennai,Grey,13
8719,Tata Harrier,2020,21.9,5.25,135756,Diesel,Individual,Manual,2,1997,21.0,Delhi,Red,6
8720,Mahindra XUV700,2019,24.41,6.11,92713,Diesel,Individual,Automatic,0,2393,15.4,Pune,White,7
8721,Mahindra Scorpio,2014,18.16,2.18,74093,Diesel,Individual,Manual,1,1197,21.2,Mumbai,Blue,12
8722,Maruti Wagon R,2019,5.49,1.47,59969,Petrol,Dealer,Manual,0,1197,17.9,Lucknow,White,7
8723,Tata Safari,2021,23.9,10.22,39275,Diesel,Dealer,Automatic,2,998,15.0,Bengaluru,Red,5
8724,Skoda Slavia,2020,18.12,7.89,52496,Petrol,Dealer,Automatic,0,1956,14.5,Delhi,Red,6
8725,Toyota Innova Crysta,2014,26.46,3.17,125671,Diesel,Dealer,Manual,0,998,18.0,Mumbai,Blue,12
8726,Honda Elevate,2012,14.84,1.78,114141,Petrol,Dealer,Manual,1,799,18.6,Chandigarh,Grey,14
8727,Maruti Ciaz,2023,11.84,6.26,52473,Petrol,Dealer,Manual,1,1199,24.1,Lucknow,Grey,3
8728,Tata Punch,2020,9.1,3.19,46401,Petrol,Individual,Manual,1,1597,13.3,Mumbai,White,6
8729,Renault Kwid,2021,4.88,2.43,42795,Petrol,Individual,Manual,0,2755,21.2,Delhi,Black,5
8730,Toyota Glanza,2014,8.13,0.98,80515,Petrol,Dealer,Manual,0,1497,22.3,Mohali,Brown,12
8731,Maruti Ertiga,2016,11.54,1.38,102288,Petrol,Dealer,Manual,0,1498,13.2,Chandigarh,Grey,10
8732,Maruti Ertiga,2016,12.67,1.52,80365,Petrol,Dealer,Manual,0,799,19.5,Mohali,Black,10
8733,Kia Seltos,2016,19.36,2.32,79982,Diesel,Dealer,Manual,0,1497,15.3,Chandigarh,Grey,10
8734,Mahindra Bolero,2021,9.46,3.65,79275,Diesel,Dealer,Manual,0,2755,14.9,Jaipur,Grey,5
8735,Mahindra Bolero,2017,11.07,1.33,47339,Diesel,Dealer,Manual,1,1956,19.9,Bengaluru,Red,9
8736,Honda Elevate,2012,16.46,1.97,89484,Petrol,Dealer,Manual,1,1956,20.8,Chandigarh,Red,14
8737,Renault Kiger,2012,8.27,0.99,105878,Petrol,Dealer,Manual,0,2755,13.7,Kolkata,Blue,14
8738,Tata Safari,2012,26.99,3.24,152886,Diesel,Dealer,Automatic,1,1956,25.3,Mohali,Black,14
8739,Maruti Wagon R,2013,6.57,0.79,127610,Petrol,Individual,Manual,0,1197,18.9,Bengaluru,Silver,13
8740,Tata Harrier,2015,21.01,2.52,91705,Diesel,Dealer,Manual,3,1199,22.9,Gurugram,Silver,11
8741,Maruti Ciaz,2013,12.09,1.45,98079,Petrol,Individual,Manual,1,1498,19.4,Chandigarh,Brown,13
8742,Mahindra Thar,2019,17.88,5.25,55803,Diesel,Dealer,Manual,1,2179,15.3,Mohali,Silver,7
8743,Maruti Wagon R,2018,6.41,0.77,88985,Petrol,Dealer,Manual,1,1199,18.6,Kolkata,Blue,8
8744,Toyota Fortuner,2016,45.99,5.52,92750,Diesel,Dealer,Automatic,0,2755,19.9,Hyderabad,Brown,10
8745,Ford EcoSport,2014,8.37,1.0,99336,Diesel,Dealer,Manual,0,2393,17.5,Pune,Black,12
8746,Maruti Wagon R,2012,6.48,0.78,99446,Petrol,Dealer,Manual,0,2755,19.7,Mumbai,Brown,14
8747,Hyundai i20,2012,9.05,1.09,140839,Petrol,Dealer,Manual,0,1597,16.0,Hyderabad,White,14
8748,Jeep Compass,2025,28.37,22.95,39218,Diesel,Dealer,Automatic,0,2179,20.4,Chandigarh,Grey,1
8749,Toyota Innova Crysta,2023,23.79,15.09,32613,Diesel,Dealer,Manual,0,1197,25.4,Noida,Grey,3
8750,Maruti Dzire,2022,8.8,5.95,15002,Petrol,Dealer,Manual,0,1498,13.0,Bengaluru,Brown,4
8751,Volkswagen Virtus,2022,17.76,9.97,14745,Petrol,Dealer,Automatic,3,1597,21.1,Gurugram,Blue,4
8752,Tata Altroz,2021,9.83,5.25,29063,Petrol,Individual,Manual,1,1199,22.8,Chennai,Black,5
8753,Renault Kwid,2017,5.24,0.63,60499,Petrol,Dealer,Manual,1,2393,20.2,Mohali,Black,9
8754,Honda Amaze,2021,9.72,4.43,34563,Petrol,Dealer,Manual,1,2393,15.1,Mohali,Black,5
8755,Ford EcoSport,2024,9.93,7.51,30613,Diesel,Dealer,Manual,0,1956,12.7,Bengaluru,White,2
8756,Volkswagen Polo,2016,8.67,1.04,34497,Petrol,Dealer,Manual,2,799,21.8,Gurugram,Black,10
8757,Ford EcoSport,2023,10.4,4.95,79716,Diesel,Dealer,Manual,2,1199,22.7,Chennai,White,3
8758,Volkswagen Virtus,2013,17.24,2.07,130430,Petrol,Individual,Automatic,0,2179,21.5,Chandigarh,Blue,13
8759,Hyundai Verna,2016,16.53,1.98,87046,Petrol,Individual,Manual,1,1498,14.3,Lucknow,Black,10
8760,Tata Safari,2013,27.73,3.33,133916,Diesel,Dealer,Automatic,0,1197,16.5,Mumbai,White,13
8761,Maruti Swift,2024,8.27,6.42,16317,Petrol,Individual,Manual,1,1498,13.1,Chennai,Silver,2
8762,Honda City,2023,16.4,9.32,33462,Petrol,Dealer,Manual,2,1197,20.3,Pune,White,3
8763,Maruti Wagon R,2023,6.09,4.87,13797,Petrol,Individual,Manual,1,2755,17.1,Mohali,White,3
8764,Mahindra Thar,2019,16.22,4.12,64622,Diesel,Dealer,Manual,1,2179,19.0,Gurugram,Brown,7
8765,Honda Amaze,2019,9.1,3.55,27638,Petrol,Dealer,Manual,1,2179,22.4,Chennai,Grey,7
8766,Hyundai Venue,2012,12.15,1.46,90378,Petrol,Individual,Manual,1,1597,18.6,Gurugram,Black,14
8767,Nissan Magnite,2024,10.06,6.36,43353,Petrol,Individual,Manual,0,1997,19.4,Bengaluru,Blue,2
8768,Maruti Wagon R,2018,6.51,1.18,68465,Petrol,Individual,Manual,1,1197,12.7,Hyderabad,Blue,8
8769,Kia Seltos,2025,18.01,15.85,10142,Diesel,Dealer,Manual,0,2755,14.4,Amritsar,Grey,1
8770,Volkswagen Virtus,2021,16.6,9.39,31157,Petrol,Dealer,Automatic,0,1997,22.2,Noida,Silver,5
8771,Mahindra Thar,2012,15.58,1.87,103704,Diesel,Dealer,Manual,0,1199,16.5,Delhi,White,14
8772,Maruti Alto,2022,4.09,1.99,48829,Petrol,Dealer,Manual,1,1498,18.8,Mumbai,Blue,4
8773,Hyundai Alcazar,2017,22.62,5.8,31042,Diesel,Individual,Automatic,0,1956,13.5,Pune,Black,9
8774,MG Hector,2017,21.34,2.56,115476,Petrol,Individual,Automatic,0,799,21.1,Gurugram,Red,9
8775,Maruti Dzire,2016,9.66,1.16,88099,Petrol,Individual,Manual,1,1199,15.4,Mohali,Brown,10
8776,Tata Harrier,2018,21.98,3.11,78619,Diesel,Individual,Manual,0,2755,12.7,Ludhiana,Brown,8
8777,Volkswagen Polo,2015,7.47,0.9,127566,Petrol,Dealer,Manual,0,1956,13.2,Kolkata,Grey,11
8778,Nissan Magnite,2020,8.65,3.61,48141,Petrol,Dealer,Manual,0,1956,23.0,Chennai,White,6
8779,Tata Safari,2013,22.89,2.75,97335,Diesel,Individual,Automatic,2,1498,16.7,Kolkata,Silver,13
8780,Volkswagen Polo,2021,8.32,3.04,46420,Petrol,Dealer,Manual,1,2179,16.8,Chennai,Silver,5
8781,Skoda Slavia,2014,19.47,2.34,106960,Petrol,Dealer,Automatic,1,1497,14.5,Chennai,Black,12
8782,Ford EcoSport,2017,8.9,1.07,78623,Diesel,Individual,Manual,1,1197,14.7,Chennai,Blue,9
8783,Nissan Magnite,2014,8.11,0.97,80518,Petrol,Individual,Manual,0,2179,21.4,Noida,Blue,12
8784,Hyundai Alcazar,2022,23.92,14.82,17051,Diesel,Individual,Automatic,0,1497,13.0,Lucknow,Red,4
8785,Volkswagen Virtus,2021,16.5,6.91,70902,Petrol,Dealer,Automatic,1,799,13.8,Delhi,Blue,5
8786,Kia Seltos,2022,16.84,10.82,19485,Diesel,Individual,Manual,0,1997,24.4,Hyderabad,White,4
8787,Hyundai Creta,2015,15.1,1.81,102148,Diesel,Individual,Manual,0,1497,20.7,Delhi,Grey,11
8788,Hyundai Alcazar,2014,20.4,2.45,89519,Diesel,Dealer,Automatic,2,1498,17.0,Amritsar,Black,12
8789,Renault Kwid,2014,4.43,0.55,115141,Petrol,Individual,Manual,0,998,21.1,Kolkata,White,12
8790,Toyota Innova Crysta,2021,27.86,10.58,39537,Diesel,Individual,Manual,3,1497,24.1,Lucknow,White,5
8791,Renault Kiger,2022,8.31,5.52,19361,Petrol,Individual,Manual,0,2179,22.3,Delhi,White,4
8792,Hyundai Verna,2012,13.92,1.67,62978,Petrol,Individual,Manual,1,2393,21.5,Chandigarh,Brown,14
8793,Hyundai Venue,2025,13.01,9.28,66762,Petrol,Dealer,Manual,0,1956,16.2,Lucknow,Red,1
8794,Maruti Swift,2020,9.07,4.31,19813,Petrol,Dealer,Manual,1,1597,23.0,Chennai,Red,6
8795,Maruti Brezza,2015,13.42,1.61,111854,Petrol,Dealer,Manual,2,2755,19.8,Mohali,Silver,11
8796,Tata Tiago,2013,7.31,0.88,124803,Petrol,Dealer,Manual,0,2179,13.4,Ludhiana,White,13
8797,Renault Kwid,2014,5.17,0.62,113328,Petrol,Individual,Manual,0,1197,19.5,Jaipur,Black,12
8798,Toyota Innova Crysta,2015,23.69,2.84,127525,Diesel,Individual,Manual,0,1597,16.5,Bengaluru,White,11
8799,Maruti Fronx,2019,8.96,3.11,34126,Petrol,Dealer,Manual,0,799,15.9,Jaipur,Brown,7
8800,Tata Harrier,2021,20.47,11.75,21224,Diesel,Dealer,Manual,0,1498,13.5,Bengaluru,Red,5
8801,Hyundai Alcazar,2025,20.81,18.37,2500,Diesel,Individual,Automatic,0,2755,23.1,Mohali,Silver,1
8802,Tata Tiago,2015,6.71,0.81,107880,Petrol,Dealer,Manual,0,2393,22.1,Chennai,Silver,11
8803,Tata Punch,2022,8.06,5.39,2500,Petrol,Dealer,Manual,0,799,19.1,Mumbai,Blue,4
8804,Volkswagen Virtus,2024,18.43,12.87,36285,Petrol,Individual,Automatic,1,1497,17.7,Hyderabad,Silver,2
8805,Maruti Dzire,2020,9.4,2.5,95390,Petrol,Individual,Manual,0,1597,16.8,Jaipur,Grey,6
8806,Maruti Alto,2015,4.55,0.55,60045,Petrol,Individual,Manual,1,799,22.9,Ludhiana,Black,11
8807,Hyundai Venue,2022,11.48,7.1,7179,Petrol,Individual,Manual,1,1597,22.7,Delhi,Grey,4
8808,Toyota Fortuner,2019,39.89,4.79,80967,Diesel,Dealer,Automatic,2,2755,19.1,Delhi,White,7
8809,Kia Seltos,2013,16.74,2.01,132421,Diesel,Dealer,Manual,0,2755,16.6,Delhi,Red,13
8810,Mahindra Bolero,2015,8.96,1.08,95481,Diesel,Dealer,Manual,3,1197,22.9,Hyderabad,White,11
8811,Toyota Innova Crysta,2015,25.12,3.01,108763,Diesel,Individual,Manual,2,799,20.1,Chennai,Black,11
8812,Hyundai Creta,2020,15.68,4.63,72436,Diesel,Dealer,Manual,1,1498,13.7,Jaipur,Red,6
8813,Honda Amaze,2016,9.16,1.1,92054,Petrol,Dealer,Manual,0,1197,17.1,Lucknow,Blue,10
8814,Kia Sonet,2015,13.4,1.61,77957,Petrol,Dealer,Manual,2,1498,23.8,Noida,Silver,11
8815,Maruti Wagon R,2022,5.99,2.7,73820,Petrol,Dealer,Manual,0,2179,21.9,Kolkata,Blue,4
8816,Volkswagen Virtus,2015,17.1,2.05,80200,Petrol,Individual,Automatic,1,1997,17.6,Amritsar,Silver,11
8817,Hyundai Venue,2013,13.27,1.59,109877,Petrol,Individual,Manual,0,1597,22.7,Ludhiana,Black,13
8818,Ford EcoSport,2023,9.16,6.31,17315,Diesel,Dealer,Manual,0,1197,16.6,Noida,White,3
8819,Honda Elevate,2024,14.09,9.04,38020,Petrol,Dealer,Manual,2,1956,15.2,Gurugram,Blue,2
8820,Mahindra Scorpio,2020,21.67,9.51,56999,Diesel,Individual,Manual,0,1997,15.9,Noida,Brown,6
8821,Maruti Alto,2020,3.81,1.13,86333,Petrol,Individual,Manual,0,2179,13.4,Chandigarh,Grey,6
8822,Renault Kwid,2024,5.33,4.2,15607,Petrol,Individual,Manual,0,1498,23.2,Amritsar,Red,2
8823,Maruti Ertiga,2013,12.36,1.48,98045,Petrol,Dealer,Manual,1,998,15.9,Pune,Black,13
8824,Renault Kwid,2015,5.5,0.66,95671,Petrol,Individual,Manual,0,1597,23.2,Chennai,Blue,11
8825,Jeep Compass,2020,24.4,9.62,40948,Diesel,Individual,Automatic,1,1498,19.9,Amritsar,Grey,6
8826,Skoda Rapid,2017,9.54,1.14,67899,Diesel,Dealer,Manual,1,1956,24.8,Hyderabad,Grey,9
8827,Tata Harrier,2022,21.41,14.19,2500,Diesel,Individual,Manual,1,1597,15.2,Hyderabad,Brown,4
8828,Nissan Magnite,2018,8.68,3.23,27766,Petrol,Dealer,Manual,0,2393,23.2,Amritsar,Red,8
8829,Tata Punch,2017,9.85,1.97,38225,Petrol,Dealer,Manual,0,998,25.2,Pune,Blue,9
8830,Mahindra Bolero,2012,10.29,1.24,162076,Diesel,Individual,Manual,1,998,15.1,Hyderabad,Brown,14
8831,Skoda Slavia,2017,17.29,2.08,88793,Petrol,Individual,Automatic,1,1997,17.1,Mohali,Brown,9
8832,Toyota Fortuner,2015,37.15,4.46,58204,Diesel,Individual,Automatic,2,1498,14.7,Ludhiana,Blue,11
8833,Hyundai Venue,2017,11.41,1.37,64191,Petrol,Individual,Manual,1,799,13.2,Delhi,White,9
8834,Maruti Alto,2024,4.42,3.15,27355,Petrol,Individual,Manual,0,1199,21.6,Chandigarh,Brown,2
8835,Renault Kwid,2023,5.6,4.34,8812,Petrol,Individual,Manual,0,799,14.0,Ludhiana,White,3
8836,Tata Nexon,2024,11.32,8.3,25131,Petrol,Dealer,Manual,0,1197,21.2,Chandigarh,Black,2
8837,Hyundai i20,2016,9.03,1.08,94492,Petrol,Dealer,Manual,0,998,14.8,Delhi,White,10
8838,Maruti Dzire,2019,8.58,3.27,29231,Petrol,Dealer,Manual,0,998,17.8,Delhi,Brown,7
8839,Ford EcoSport,2015,9.55,1.15,106473,Diesel,Individual,Manual,0,2393,23.6,Mumbai,White,11
8840,MG Hector,2012,20.09,2.41,117836,Petrol,Dealer,Automatic,0,1497,15.0,Kolkata,Blue,14
8841,Honda Elevate,2019,15.74,3.36,64444,Petrol,Dealer,Manual,0,1199,16.4,Amritsar,Red,7
8842,Honda City,2020,15.4,3.3,85267,Petrol,Dealer,Manual,1,2179,20.9,Chandigarh,Black,6
8843,Tata Altroz,2013,9.4,1.13,149291,Petrol,Individual,Manual,0,2393,21.8,Jaipur,Red,13
8844,Maruti Ciaz,2013,12.12,1.45,81269,Petrol,Individual,Manual,0,1199,13.4,Mohali,Blue,13
8845,Hyundai Creta,2012,16.37,1.96,104245,Diesel,Individual,Manual,0,1197,12.4,Bengaluru,Grey,14
8846,Volkswagen Virtus,2021,17.25,9.05,33004,Petrol,Individual,Automatic,0,799,22.4,Mumbai,White,5
8847,Volkswagen Virtus,2023,15.18,8.69,39793,Petrol,Dealer,Automatic,1,1197,18.7,Amritsar,Red,3
8848,Renault Kwid,2021,5.33,2.06,94909,Petrol,Individual,Manual,1,799,25.3,Mumbai,Red,5
8849,Maruti Brezza,2020,13.51,2.95,88785,Petrol,Dealer,Manual,2,1956,12.3,Gurugram,White,6
8850,Honda Amaze,2015,9.93,1.19,60678,Petrol,Dealer,Manual,0,1956,16.6,Chandigarh,Grey,11
8851,Maruti Ciaz,2019,10.14,2.29,28936,Petrol,Individual,Manual,2,1199,17.5,Gurugram,Blue,7
8852,Honda Elevate,2018,16.51,3.84,52620,Petrol,Individual,Manual,0,1498,21.3,Kolkata,Black,8
8853,Volkswagen Virtus,2025,16.07,12.24,35234,Petrol,Individual,Automatic,0,1597,19.1,Bengaluru,Black,1
8854,Mahindra XUV700,2015,23.13,2.78,103901,Diesel,Dealer,Automatic,3,998,21.5,Gurugram,White,11
8855,Mahindra Scorpio,2012,21.5,2.58,93169,Diesel,Dealer,Manual,0,1199,19.7,Kolkata,Black,14
8856,Hyundai Grand i10,2019,6.45,0.85,91550,Petrol,Individual,Manual,1,2393,21.5,Gurugram,Silver,7
8857,Volkswagen Virtus,2016,15.58,1.87,97234,Petrol,Individual,Automatic,2,2393,14.2,Mohali,Black,10
8858,Maruti Ertiga,2025,11.27,10.2,2820,Petrol,Dealer,Manual,0,1956,25.2,Mumbai,Blue,1
8859,Maruti Wagon R,2013,5.81,0.7,98193,Petrol,Individual,Manual,0,1997,13.2,Hyderabad,Silver,13
8860,Maruti Baleno,2020,9.96,3.99,36966,Petrol,Individual,Manual,1,1497,13.2,Delhi,Grey,6
8861,Hyundai Creta,2023,15.65,9.46,41503,Diesel,Dealer,Manual,0,998,20.2,Bengaluru,Silver,3
8862,Toyota Glanza,2022,8.72,3.68,64498,Petrol,Dealer,Manual,0,1498,13.2,Chennai,Red,4
8863,Hyundai Creta,2017,18.77,2.25,45414,Diesel,Dealer,Manual,1,799,22.7,Pune,Red,9
8864,Mahindra Thar,2019,16.61,3.82,46685,Diesel,Individual,Manual,1,998,14.9,Delhi,Grey,7
8865,Tata Safari,2025,23.72,19.25,29410,Diesel,Individual,Automatic,0,2179,20.5,Mumbai,White,1
8866,Volkswagen Polo,2022,8.6,5.47,10887,Petrol,Dealer,Manual,0,1956,20.2,Bengaluru,White,4
8867,Maruti Baleno,2014,9.48,1.14,66528,Petrol,Individual,Manual,0,1597,23.7,Lucknow,Grey,12
8868,Maruti Baleno,2014,9.68,1.16,84157,Petrol,Dealer,Manual,1,1956,18.2,Chennai,Blue,12
8869,Renault Kiger,2017,8.91,1.07,72050,Petrol,Dealer,Manual,0,1199,14.1,Delhi,Red,9
8870,Skoda Slavia,2019,16.84,3.54,95557,Petrol,Dealer,Automatic,0,799,24.8,Lucknow,Grey,7
8871,Toyota Glanza,2014,9.66,1.16,104827,Petrol,Individual,Manual,0,1497,16.2,Kolkata,Silver,12
8872,Maruti Ciaz,2020,12.13,4.97,26686,Petrol,Individual,Manual,1,1597,23.3,Delhi,Brown,6
8873,Ford EcoSport,2024,9.74,8.08,2500,Diesel,Dealer,Manual,0,1197,20.9,Bengaluru,Red,2
8874,Volkswagen Polo,2016,7.05,0.85,69907,Petrol,Dealer,Manual,0,1498,19.2,Kolkata,Brown,10
8875,MG Hector,2013,21.04,2.52,102443,Petrol,Individual,Automatic,1,998,25.0,Bengaluru,Black,13
8876,Maruti Brezza,2014,12.05,1.45,125321,Petrol,Dealer,Manual,0,1199,16.8,Gurugram,Blue,12
8877,Kia Sonet,2015,11.25,1.35,41550,Petrol,Individual,Manual,0,1597,20.0,Chandigarh,Blue,11
8878,Maruti Ciaz,2019,10.37,3.21,64163,Petrol,Dealer,Manual,0,1497,17.3,Bengaluru,White,7
8879,Renault Kiger,2021,9.84,3.83,68024,Petrol,Dealer,Manual,0,1997,24.8,Pune,Silver,5
8880,Hyundai Grand i10,2012,6.51,0.78,123429,Petrol,Dealer,Manual,0,1997,17.6,Mohali,White,14
8881,Hyundai Creta,2024,15.15,10.27,42033,Diesel,Dealer,Manual,0,2755,23.4,Kolkata,Black,2
8882,Toyota Fortuner,2012,37.3,4.48,119686,Diesel,Individual,Automatic,0,1997,23.0,Lucknow,Grey,14
8883,Maruti Alto,2012,4.0,0.55,123779,Petrol,Individual,Manual,0,1197,23.4,Delhi,Blue,14
8884,Maruti Fronx,2012,9.85,1.18,102526,Petrol,Dealer,Manual,0,2755,16.9,Delhi,Blue,14
8885,Maruti Ertiga,2025,12.78,12.39,2500,Petrol,Dealer,Manual,0,2393,21.2,Hyderabad,Black,1
8886,Maruti Alto,2019,3.76,1.4,35163,Petrol,Dealer,Manual,0,1498,14.3,Mohali,Brown,7
8887,Toyota Fortuner,2013,37.42,4.49,103750,Diesel,Dealer,Automatic,1,2179,21.9,Lucknow,Red,13
8888,Maruti Brezza,2017,11.51,1.38,90391,Petrol,Dealer,Manual,1,2755,17.9,Chandigarh,Brown,9
8889,Volkswagen Polo,2013,7.7,0.92,69515,Petrol,Dealer,Manual,1,1197,22.2,Kolkata,White,13
8890,Toyota Innova Crysta,2015,25.29,3.04,103309,Diesel,Individual,Manual,1,1199,23.4,Gurugram,Brown,11
8891,Maruti Wagon R,2018,6.22,1.31,37394,Petrol,Individual,Manual,1,1997,12.4,Pune,Red,8
8892,Honda Amaze,2014,8.13,0.98,110686,Petrol,Dealer,Manual,0,998,24.9,Hyderabad,Blue,12
8893,Renault Kiger,2019,9.79,1.37,74307,Petrol,Individual,Manual,2,1497,16.2,Jaipur,Grey,7
8894,Maruti Ciaz,2025,12.28,11.22,3294,Petrol,Dealer,Manual,0,2179,18.3,Ludhiana,Brown,1
8895,Tata Punch,2018,9.94,1.19,78345,Petrol,Individual,Manual,2,1956,13.6,Hyderabad,Brown,8
8896,Maruti Baleno,2024,7.99,5.62,25374,Petrol,Dealer,Manual,1,799,19.9,Bengaluru,Silver,2
8897,Hyundai Verna,2023,15.29,7.26,81036,Petrol,Dealer,Manual,1,1197,20.5,Pune,Black,3
8898,Tata Altroz,2012,8.71,1.04,109112,Petrol,Dealer,Manual,0,998,14.0,Pune,Grey,14
8899,Ford EcoSport,2021,8.71,4.22,30565,Diesel,Individual,Manual,0,1199,16.2,Noida,Red,5
8900,Mahindra Bolero,2021,11.04,4.13,52791,Diesel,Dealer,Manual,2,2393,17.6,Chennai,Grey,5
8901,Hyundai i20,2020,9.2,2.05,63997,Petrol,Dealer,Manual,1,2393,16.5,Chennai,Silver,6
8902,Honda Amaze,2023,7.99,5.42,7855,Petrol,Dealer,Manual,2,2179,24.1,Amritsar,Red,3
8903,Maruti Baleno,2012,9.68,1.16,124417,Petrol,Individual,Manual,2,1497,20.0,Lucknow,White,14
8904,Hyundai i20,2019,9.9,2.72,56165,Petrol,Individual,Manual,0,1597,19.6,Jaipur,Grey,7
8905,Nissan Magnite,2024,8.56,6.29,22324,Petrol,Dealer,Manual,0,2393,16.7,Chandigarh,Grey,2
8906,Tata Harrier,2022,19.34,6.87,70098,Diesel,Dealer,Manual,1,2179,12.8,Kolkata,Silver,4
8907,Mahindra Bolero,2019,8.92,1.93,59242,Diesel,Dealer,Manual,1,1956,16.1,Ludhiana,White,7
8908,Hyundai Grand i10,2025,6.64,5.91,2500,Petrol,Individual,Manual,0,1199,19.4,Noida,Blue,1
8909,Tata Punch,2015,9.84,1.18,90975,Petrol,Individual,Manual,0,2179,22.0,Amritsar,Black,11
8910,Kia Seltos,2016,18.0,2.16,82910,Diesel,Individual,Manual,2,799,23.7,Mohali,Brown,10
8911,Jeep Compass,2013,24.58,2.95,97557,Diesel,Individual,Automatic,2,799,15.7,Gurugram,Grey,13
8912,Skoda Slavia,2025,17.49,13.35,37508,Petrol,Dealer,Automatic,1,2393,17.6,Lucknow,Brown,1
8913,MG Hector,2013,20.64,2.48,105101,Petrol,Individual,Automatic,1,1497,22.6,Chandigarh,Silver,13
8914,Hyundai Grand i10,2024,6.81,5.33,14096,Petrol,Individual,Manual,0,2755,23.1,Hyderabad,White,2
8915,Toyota Glanza,2024,7.96,4.55,50590,Petrol,Individual,Manual,2,1199,20.9,Mohali,White,2
8916,Tata Altroz,2013,9.98,1.2,141768,Petrol,Individual,Manual,0,1997,13.5,Delhi,White,13
8917,Tata Nexon,2023,11.4,6.89,39344,Petrol,Dealer,Manual,0,998,19.6,Ludhiana,Blue,3
8918,Skoda Rapid,2014,10.84,1.3,127458,Diesel,Dealer,Manual,1,1956,22.0,Kolkata,Blue,12
8919,Hyundai Alcazar,2020,19.37,5.63,62742,Diesel,Dealer,Automatic,0,1956,22.4,Chandigarh,Silver,6
8920,Tata Punch,2018,9.61,1.15,85186,Petrol,Individual,Manual,2,1956,18.6,Delhi,Blue,8
8921,Maruti Fronx,2024,10.11,8.66,4184,Petrol,Dealer,Manual,0,1199,13.9,Mohali,Blue,2
8922,Hyundai Verna,2024,16.5,10.39,38130,Petrol,Individual,Manual,0,1199,15.0,Chandigarh,White,2
8923,Skoda Slavia,2013,18.4,2.21,89681,Petrol,Individual,Automatic,0,2179,16.5,Ludhiana,Black,13
8924,Hyundai Venue,2019,11.02,3.09,52763,Petrol,Dealer,Manual,0,1498,16.7,Bengaluru,Brown,7
8925,Maruti Baleno,2015,10.04,1.2,55077,Petrol,Individual,Manual,0,799,16.4,Delhi,Blue,11
8926,Honda Elevate,2014,16.06,1.93,90809,Petrol,Dealer,Manual,1,1199,21.0,Pune,Blue,12
8927,Honda Elevate,2025,15.57,13.6,21395,Petrol,Dealer,Manual,0,1597,16.2,Noida,White,1
8928,Tata Altroz,2020,9.85,3.0,69581,Petrol,Dealer,Manual,1,1197,15.5,Kolkata,Brown,6
8929,Honda Amaze,2018,9.4,1.99,50427,Petrol,Individual,Manual,0,2179,24.3,Kolkata,Silver,8
8930,Maruti Alto,2023,4.56,3.02,14028,Petrol,Dealer,Manual,0,1199,12.6,Hyderabad,Grey,3
8931,Jeep Compass,2021,24.93,9.72,64860,Diesel,Individual,Automatic,0,1199,23.1,Amritsar,Brown,5
8932,Hyundai Alcazar,2018,20.01,2.4,84684,Diesel,Dealer,Automatic,3,799,23.7,Jaipur,Grey,8
8933,Maruti Swift,2020,7.46,3.19,33410,Petrol,Dealer,Manual,0,1997,13.5,Amritsar,Silver,6
8934,Volkswagen Virtus,2024,18.14,11.96,24870,Petrol,Individual,Automatic,3,1498,21.5,Kolkata,White,2
8935,Mahindra Scorpio,2012,18.82,2.26,106809,Diesel,Dealer,Manual,1,1197,19.4,Pune,Black,14
8936,Skoda Rapid,2014,9.39,1.13,140822,Diesel,Dealer,Manual,0,1497,19.9,Mumbai,Grey,12
8937,MG Hector,2025,23.34,20.71,2500,Petrol,Dealer,Automatic,1,799,16.8,Gurugram,Black,1
8938,Mahindra Bolero,2012,10.62,1.27,106451,Diesel,Individual,Manual,0,1997,16.1,Amritsar,Red,14
8939,Hyundai i20,2017,9.88,1.19,81219,Petrol,Dealer,Manual,1,2393,19.1,Mumbai,Blue,9
8940,Hyundai Creta,2025,16.28,14.3,2500,Diesel,Dealer,Manual,1,1497,23.2,Kolkata,Brown,1
8941,Kia Seltos,2012,18.6,2.23,166343,Diesel,Dealer,Manual,3,2179,17.7,Chennai,Silver,14
8942,Tata Altroz,2021,9.3,4.72,21189,Petrol,Dealer,Manual,0,1997,16.3,Chennai,Red,5
8943,Toyota Fortuner,2014,41.78,5.01,119236,Diesel,Dealer,Automatic,0,799,13.2,Chandigarh,Red,12
8944,Ford EcoSport,2015,8.58,1.03,103324,Diesel,Dealer,Manual,0,1497,22.2,Delhi,Black,11
8945,Kia Sonet,2022,12.81,6.76,27176,Petrol,Dealer,Manual,1,1597,13.1,Mohali,Blue,4
8946,Hyundai Venue,2017,12.87,1.54,74247,Petrol,Dealer,Manual,0,1498,23.5,Lucknow,Black,9
8947,Hyundai Creta,2016,16.13,1.94,70442,Diesel,Dealer,Manual,2,2393,19.4,Pune,Brown,10
8948,Maruti Alto,2018,4.12,0.69,75124,Petrol,Individual,Manual,0,799,19.5,Bengaluru,Brown,8
8949,Tata Harrier,2022,21.18,10.68,43778,Diesel,Dealer,Manual,1,1956,17.8,Chandigarh,Brown,4
8950,Kia Seltos,2019,16.23,3.68,66162,Diesel,Dealer,Manual,0,1956,13.0,Kolkata,Grey,7
8951,Hyundai Grand i10,2015,6.85,0.82,85953,Petrol,Dealer,Manual,1,1956,14.2,Delhi,Brown,11
8952,MG Hector,2017,24.32,2.92,72952,Petrol,Dealer,Automatic,0,799,25.2,Mumbai,Grey,9
8953,Mahindra XUV700,2020,23.81,9.35,32946,Diesel,Dealer,Automatic,0,2393,22.8,Mumbai,White,6
8954,Maruti Baleno,2021,8.63,4.41,46593,Petrol,Dealer,Manual,0,1956,18.8,Ludhiana,Grey,5
8955,Tata Nexon,2025,11.1,9.36,4722,Petrol,Individual,Manual,1,2755,17.3,Noida,Black,1
8956,Hyundai i20,2022,9.07,5.83,17992,Petrol,Dealer,Manual,1,1497,23.2,Bengaluru,White,4
8957,Mahindra Bolero,2016,9.85,1.18,65883,Diesel,Individual,Manual,1,2179,25.2,Lucknow,Grey,10
8958,Ford EcoSport,2023,8.37,5.38,27136,Diesel,Dealer,Manual,0,998,16.5,Mohali,Black,3
8959,Kia Seltos,2014,18.44,2.21,105795,Diesel,Dealer,Manual,1,2179,14.6,Kolkata,Red,12
8960,Renault Kiger,2020,9.91,2.9,67184,Petrol,Dealer,Manual,1,1597,12.4,Amritsar,White,6
8961,Maruti Wagon R,2024,6.08,4.35,50565,Petrol,Dealer,Manual,0,799,14.1,Noida,Red,2
8962,Hyundai Venue,2020,11.04,3.4,59816,Petrol,Individual,Manual,0,998,15.4,Lucknow,Brown,6
8963,Nissan Magnite,2024,9.18,6.12,38880,Petrol,Individual,Manual,1,1199,22.1,Pune,Silver,2
8964,Nissan Magnite,2012,7.99,0.96,119071,Petrol,Individual,Manual,0,2179,18.2,Lucknow,Black,14
8965,Maruti Dzire,2017,8.22,2.15,31898,Petrol,Individual,Manual,0,2393,17.5,Mohali,Silver,9
8966,Tata Nexon,2018,12.55,2.25,79246,Petrol,Individual,Manual,0,2179,23.8,Pune,Brown,8
8967,Honda City,2018,15.08,3.43,70443,Petrol,Dealer,Manual,0,1956,21.7,Delhi,White,8
8968,Nissan Magnite,2014,9.62,1.15,86372,Petrol,Dealer,Manual,0,2755,19.9,Amritsar,Silver,12
8969,Renault Kwid,2013,5.21,0.63,127338,Petrol,Dealer,Manual,1,2393,16.6,Mumbai,Red,13
8970,Honda City,2022,13.28,7.41,37955,Petrol,Individual,Manual,0,2179,21.4,Hyderabad,Grey,4
8971,Maruti Brezza,2023,12.91,9.26,14118,Petrol,Individual,Manual,1,1497,16.2,Chandigarh,White,3
8972,Tata Safari,2015,26.17,3.14,120063,Diesel,Dealer,Automatic,0,1497,12.7,Delhi,Black,11
8973,Tata Nexon,2020,12.45,3.99,113691,Petrol,Individual,Manual,0,1997,17.2,Amritsar,Brown,6
8974,Honda Elevate,2012,14.9,1.79,102024,Petrol,Dealer,Manual,0,799,21.7,Lucknow,Blue,14
8975,Mahindra XUV700,2016,27.77,3.33,81049,Diesel,Individual,Automatic,0,2393,16.9,Mohali,White,10
8976,Maruti Brezza,2018,13.48,1.62,75143,Petrol,Dealer,Manual,1,1197,22.5,Noida,Black,8
8977,Kia Sonet,2025,11.88,10.44,2500,Petrol,Individual,Manual,1,1498,13.7,Hyderabad,Blue,1
8978,Honda City,2024,15.1,12.86,2500,Petrol,Dealer,Manual,0,1597,12.6,Jaipur,Red,2
8979,Skoda Rapid,2019,8.99,2.7,24635,Diesel,Dealer,Manual,2,998,22.7,Gurugram,Blue,7
8980,Renault Kwid,2012,5.39,0.65,144428,Petrol,Dealer,Manual,2,1997,25.2,Hyderabad,Blue,14
8981,Maruti Ciaz,2017,11.09,1.33,65617,Petrol,Dealer,Manual,2,1199,13.6,Jaipur,Silver,9
8982,Hyundai Alcazar,2024,21.45,17.66,17842,Diesel,Individual,Automatic,0,1197,18.5,Mumbai,Grey,2
8983,Tata Safari,2023,25.71,13.11,71942,Diesel,Dealer,Automatic,0,1497,22.5,Noida,Brown,3
8984,Nissan Magnite,2016,9.25,1.11,100099,Petrol,Individual,Manual,0,1497,21.9,Bengaluru,White,10
8985,Mahindra XUV700,2023,28.91,19.13,2500,Diesel,Individual,Automatic,1,1199,24.9,Lucknow,Black,3
8986,Toyota Innova Crysta,2018,27.0,4.35,63701,Diesel,Dealer,Manual,0,1956,15.4,Pune,White,8
8987,Tata Nexon,2017,11.34,1.82,47675,Petrol,Individual,Manual,0,1956,25.0,Gurugram,White,9
8988,Tata Punch,2022,9.35,4.38,65629,Petrol,Individual,Manual,1,2393,14.0,Ludhiana,Blue,4
8989,Skoda Slavia,2017,15.85,1.9,138084,Petrol,Individual,Automatic,1,2393,13.3,Delhi,Blue,9
8990,Jeep Compass,2013,23.66,2.84,115456,Diesel,Individual,Automatic,0,1497,23.3,Delhi,Black,13
8991,Maruti Alto,2019,4.58,1.59,44809,Petrol,Individual,Manual,1,998,21.7,Noida,White,7
8992,Volkswagen Virtus,2023,15.93,10.75,34831,Petrol,Individual,Automatic,0,1199,19.0,Noida,Silver,3
8993,Tata Nexon,2019,12.46,3.77,45694,Petrol,Dealer,Manual,0,2393,12.1,Chandigarh,Blue,7
8994,Tata Safari,2018,23.53,2.82,96829,Diesel,Individual,Automatic,2,1498,23.6,Chandigarh,Grey,8
8995,Hyundai Grand i10,2013,6.39,0.77,119191,Petrol,Dealer,Manual,0,1199,22.3,Bengaluru,Brown,13
8996,Maruti Brezza,2018,11.55,1.39,93986,Petrol,Dealer,Manual,1,2393,14.3,Lucknow,Silver,8
8997,Kia Sonet,2016,11.44,1.37,51030,Petrol,Dealer,Manual,1,1498,12.8,Noida,Silver,10
8998,Toyota Glanza,2012,8.26,0.99,127764,Petrol,Individual,Manual,0,998,15.6,Bengaluru,White,14
8999,Maruti Baleno,2015,8.96,1.08,71751,Petrol,Dealer,Manual,3,2755,14.6,Bengaluru,Red,11
9000,Kia Seltos,2018,19.25,6.24,36622,Diesel,Dealer,Manual,0,1497,24.9,Amritsar,Grey,8
9001,Tata Harrier,2024,18.12,15.3,6770,Diesel,Individual,Manual,0,998,24.1,Amritsar,Silver,2
9002,Renault Kwid,2016,4.8,0.58,104858,Petrol,Dealer,Manual,1,1597,12.1,Delhi,Blue,10
9003,Maruti Baleno,2024,9.84,7.43,21440,Petrol,Individual,Manual,1,1497,18.2,Chandigarh,Red,2
9004,Kia Seltos,2025,17.85,14.22,28100,Diesel,Dealer,Manual,0,1498,18.3,Lucknow,Black,1
9005,Toyota Glanza,2021,8.53,2.96,83874,Petrol,Individual,Manual,0,1498,15.5,Mohali,Brown,5
9006,Hyundai Verna,2020,15.16,4.76,73242,Petrol,Individual,Manual,0,1197,14.3,Amritsar,Black,6
9007,Toyota Innova Crysta,2014,24.62,2.95,82932,Diesel,Dealer,Manual,0,1497,12.5,Amritsar,Grey,12
9008,Renault Kwid,2020,5.24,1.12,67682,Petrol,Dealer,Manual,3,2755,15.9,Chennai,Grey,6
9009,Hyundai Alcazar,2016,19.74,2.37,75029,Diesel,Dealer,Automatic,0,1997,24.2,Lucknow,Red,10
9010,Tata Harrier,2013,20.26,2.43,92495,Diesel,Dealer,Manual,1,1498,20.2,Amritsar,Red,13
9011,Skoda Rapid,2014,10.11,1.21,98405,Diesel,Individual,Manual,0,1498,14.6,Noida,Blue,12
9012,Hyundai i20,2016,9.61,1.15,111120,Petrol,Individual,Manual,0,998,12.9,Kolkata,White,10
9013,Tata Harrier,2024,21.5,17.71,18710,Diesel,Dealer,Manual,0,2179,24.0,Amritsar,Grey,2
9014,Maruti Ertiga,2012,10.57,1.27,113286,Petrol,Dealer,Manual,2,1199,13.7,Delhi,Red,14
9015,Maruti Swift,2019,9.04,1.12,75166,Petrol,Dealer,Manual,2,2393,20.5,Jaipur,Blue,7
9016,Hyundai Grand i10,2018,7.61,0.91,79369,Petrol,Dealer,Manual,1,799,19.5,Chennai,Red,8
9017,Kia Sonet,2023,11.18,6.64,49104,Petrol,Dealer,Manual,1,2393,15.1,Kolkata,Black,3
9018,Tata Harrier,2019,20.16,4.58,77029,Diesel,Individual,Manual,0,1597,12.3,Gurugram,Black,7
9019,Maruti Baleno,2021,8.18,3.07,58566,Petrol,Dealer,Manual,0,1199,22.4,Bengaluru,Black,5
9020,Tata Safari,2025,26.56,21.06,30191,Diesel,Individual,Automatic,1,2393,21.1,Lucknow,White,1
9021,Maruti Alto,2017,4.53,0.55,77420,Petrol,Individual,Manual,0,1997,17.1,Bengaluru,Blue,9
9022,Tata Tiago,2019,6.72,1.06,84785,Petrol,Individual,Manual,1,2393,24.7,Amritsar,Red,7
9023,Maruti Baleno,2012,9.7,1.16,103151,Petrol,Dealer,Manual,0,1597,19.9,Gurugram,Brown,14
9024,Honda Amaze,2020,9.34,3.36,36518,Petrol,Dealer,Manual,2,1597,15.8,Chennai,White,6
9025,Tata Tiago,2019,6.41,1.43,77103,Petrol,Dealer,Manual,1,1997,19.1,Lucknow,Blue,7
9026,Honda Amaze,2024,8.73,7.08,2500,Petrol,Dealer,Manual,0,1997,20.4,Gurugram,Blue,2
9027,Tata Nexon,2020,13.28,4.14,63317,Petrol,Dealer,Manual,0,1197,18.3,Mumbai,Black,6
9028,Maruti Brezza,2024,12.25,7.86,44201,Petrol,Individual,Manual,0,1199,12.8,Amritsar,Blue,2
9029,Toyota Fortuner,2017,39.0,4.68,98687,Diesel,Individual,Automatic,0,2393,20.2,Chandigarh,Blue,9
9030,Toyota Innova Crysta,2017,26.21,5.97,33154,Diesel,Individual,Manual,0,2393,12.7,Jaipur,Silver,9
9031,Maruti Ertiga,2025,11.57,10.24,8412,Petrol,Dealer,Manual,1,2179,13.0,Jaipur,Black,1
9032,Honda City,2013,13.99,1.68,170864,Petrol,Dealer,Manual,1,1956,22.6,Chandigarh,White,13
9033,Honda Elevate,2018,16.34,3.03,56285,Petrol,Dealer,Manual,0,1199,25.3,Jaipur,Red,8
9034,Hyundai Alcazar,2019,21.49,5.38,104832,Diesel,Dealer,Automatic,0,2179,18.8,Kolkata,Grey,7
9035,Mahindra Thar,2023,17.69,10.14,69632,Diesel,Dealer,Manual,0,1597,15.9,Delhi,Silver,3
9036,Tata Safari,2015,22.55,2.71,116915,Diesel,Dealer,Automatic,1,1597,20.0,Noida,Silver,11
9037,Skoda Slavia,2015,16.38,1.97,89637,Petrol,Dealer,Automatic,0,2179,17.5,Chennai,Brown,11
9038,Renault Kwid,2018,4.52,0.55,65635,Petrol,Individual,Manual,2,2179,17.1,Chennai,Red,8
9039,Jeep Compass,2022,26.02,9.37,125153,Diesel,Individual,Automatic,0,1497,12.5,Lucknow,Red,4
9040,Toyota Glanza,2018,9.26,1.11,86629,Petrol,Dealer,Manual,1,2755,23.7,Chandigarh,Grey,8
9041,Tata Nexon,2019,11.81,2.34,62628,Petrol,Individual,Manual,1,1497,14.5,Lucknow,Red,7
9042,Renault Kiger,2024,8.48,6.37,27838,Petrol,Dealer,Manual,0,799,12.9,Bengaluru,Silver,2
9043,Kia Seltos,2019,16.5,3.54,66892,Diesel,Dealer,Manual,1,2393,12.3,Bengaluru,Grey,7
9044,Mahindra Bolero,2016,11.18,1.34,105261,Diesel,Dealer,Manual,3,1197,18.0,Chennai,Silver,10
9045,Kia Seltos,2014,16.52,1.98,136844,Diesel,Dealer,Manual,3,1997,12.4,Pune,White,12
9046,Maruti Ertiga,2020,12.36,5.46,38722,Petrol,Dealer,Manual,0,1497,23.6,Mumbai,Blue,6
9047,Hyundai i20,2018,8.05,1.62,44899,Petrol,Individual,Manual,1,1197,19.6,Delhi,Red,8
9048,Tata Tiago,2022,6.48,4.24,17588,Petrol,Dealer,Manual,0,1597,21.9,Jaipur,Grey,4
9049,Skoda Rapid,2023,11.01,7.38,27794,Diesel,Dealer,Manual,2,799,14.3,Delhi,Blue,3
9050,Volkswagen Virtus,2017,16.23,3.95,26300,Petrol,Dealer,Automatic,0,998,12.7,Mumbai,Silver,9
9051,Hyundai i20,2025,8.27,7.1,23671,Petrol,Dealer,Manual,1,998,22.8,Ludhiana,Brown,1
9052,Tata Altroz,2017,9.18,1.1,70269,Petrol,Dealer,Manual,2,1997,24.8,Ludhiana,Red,9
9053,Maruti Ciaz,2023,10.54,7.66,20761,Petrol,Individual,Manual,0,1597,12.2,Chandigarh,Brown,3
9054,Maruti Swift,2024,8.92,7.07,24949,Petrol,Dealer,Manual,0,1956,12.5,Noida,White,2
9055,Maruti Dzire,2018,8.07,0.97,73796,Petrol,Individual,Manual,1,1997,22.3,Lucknow,Brown,8
9056,Tata Tiago,2016,7.33,0.88,77992,Petrol,Dealer,Manual,3,1956,22.0,Bengaluru,Brown,10
9057,Tata Punch,2021,8.07,3.05,58384,Petrol,Dealer,Manual,0,1997,24.5,Pune,White,5
9058,Mahindra Bolero,2016,9.17,1.1,96188,Diesel,Individual,Manual,0,2179,15.4,Jaipur,Silver,10
9059,Kia Sonet,2015,11.44,1.37,86807,Petrol,Dealer,Manual,0,1497,13.7,Bengaluru,Silver,11
9060,Honda Amaze,2016,9.51,1.14,67213,Petrol,Dealer,Manual,0,2179,14.7,Kolkata,Brown,10
9061,Hyundai i20,2012,9.49,1.14,116297,Petrol,Dealer,Manual,2,1597,18.1,Jaipur,Black,14
9062,Hyundai i20,2023,8.0,4.98,33524,Petrol,Dealer,Manual,0,998,22.8,Hyderabad,Grey,3
9063,Skoda Rapid,2012,10.73,1.29,77856,Diesel,Individual,Manual,0,1597,24.5,Kolkata,Brown,14
9064,Skoda Slavia,2023,15.07,11.77,2500,Petrol,Dealer,Automatic,0,1956,12.2,Mumbai,Silver,3
9065,Renault Kwid,2024,4.7,2.78,49874,Petrol,Individual,Manual,1,2393,22.6,Noida,Blue,2
9066,Tata Nexon,2022,12.79,6.83,60247,Petrol,Dealer,Manual,0,1197,14.8,Jaipur,Grey,4
9067,Toyota Fortuner,2020,42.58,10.4,65614,Diesel,Individual,Automatic,1,1197,23.4,Chandigarh,Brown,6
9068,Hyundai Venue,2022,11.72,6.42,30694,Petrol,Dealer,Manual,0,1997,13.7,Delhi,Grey,4
9069,Tata Altroz,2017,8.89,1.07,103676,Petrol,Individual,Manual,2,2179,17.0,Noida,Red,9
9070,Ford EcoSport,2017,9.44,1.13,72419,Diesel,Dealer,Manual,2,1956,19.0,Ludhiana,White,9
9071,Jeep Compass,2019,23.8,5.76,53030,Diesel,Individual,Automatic,1,1997,18.9,Bengaluru,Brown,7
9072,Nissan Magnite,2015,9.94,1.19,72145,Petrol,Dealer,Manual,0,1497,17.8,Kolkata,Red,11
9073,Skoda Slavia,2012,18.85,2.26,112146,Petrol,Dealer,Automatic,0,2755,24.8,Hyderabad,Brown,14
9074,Hyundai Creta,2023,15.5,8.72,67587,Diesel,Dealer,Manual,1,1197,13.5,Hyderabad,Blue,3
9075,Honda Amaze,2012,8.84,1.06,97782,Petrol,Individual,Manual,0,1956,22.1,Pune,Silver,14
9076,Tata Nexon,2024,13.2,10.85,2500,Petrol,Dealer,Manual,0,1956,14.2,Noida,Black,2
9077,Tata Nexon,2023,12.44,7.54,32198,Petrol,Dealer,Manual,0,799,15.3,Noida,Grey,3
9078,Maruti Brezza,2015,13.96,1.68,105781,Petrol,Individual,Manual,2,1497,15.2,Noida,White,11
9079,Skoda Rapid,2022,9.57,5.83,27223,Diesel,Dealer,Manual,0,1597,22.2,Gurugram,Grey,4
9080,Skoda Rapid,2017,9.48,1.14,70511,Diesel,Dealer,Manual,1,1956,21.5,Hyderabad,Red,9
9081,Hyundai Grand i10,2021,7.25,4.01,13665,Petrol,Dealer,Manual,1,799,14.3,Amritsar,Blue,5
9082,Tata Harrier,2013,20.76,2.49,112110,Diesel,Dealer,Manual,1,799,22.5,Delhi,Red,13
9083,Maruti Ertiga,2016,10.46,1.26,113935,Petrol,Individual,Manual,1,799,16.0,Mumbai,Red,10
9084,Maruti Ciaz,2021,11.9,4.42,43318,Petrol,Dealer,Manual,2,1956,14.8,Mohali,Blue,5
9085,Mahindra Bolero,2015,10.31,1.24,105087,Diesel,Individual,Manual,0,2755,23.9,Mohali,Black,11
9086,Ford EcoSport,2023,9.86,5.99,42659,Diesel,Dealer,Manual,0,1956,21.8,Delhi,Black,3
9087,Mahindra Bolero,2022,9.39,6.21,9213,Diesel,Individual,Manual,1,2755,16.8,Kolkata,White,4
9088,Honda Amaze,2013,9.45,1.13,103571,Petrol,Dealer,Manual,0,799,18.3,Lucknow,White,13
9089,Kia Seltos,2023,17.75,11.67,37596,Diesel,Dealer,Manual,0,1498,25.3,Amritsar,Red,3
9090,Toyota Glanza,2016,9.4,1.13,63908,Petrol,Dealer,Manual,1,1498,20.4,Jaipur,Black,10
9091,Maruti Alto,2025,3.94,3.37,26744,Petrol,Dealer,Manual,0,1498,16.9,Chandigarh,White,1
9092,Toyota Innova Crysta,2018,23.13,2.96,87562,Diesel,Dealer,Manual,0,1997,23.9,Bengaluru,Blue,8
9093,Tata Tiago,2025,7.48,6.38,31622,Petrol,Dealer,Manual,0,2755,13.7,Bengaluru,White,1
9094,Toyota Fortuner,2025,40.84,35.35,12000,Diesel,Individual,Automatic,0,998,13.2,Lucknow,Red,1
9095,Maruti Dzire,2012,8.36,1.0,128361,Petrol,Individual,Manual,3,1197,25.1,Mumbai,Silver,14
9096,Hyundai Creta,2024,17.25,13.93,15209,Diesel,Individual,Manual,0,2179,19.5,Gurugram,Silver,2
9097,Maruti Ciaz,2018,12.7,3.26,41375,Petrol,Dealer,Manual,0,2755,19.7,Bengaluru,Grey,8
9098,Hyundai Alcazar,2012,22.91,2.75,93668,Diesel,Dealer,Automatic,3,2393,22.5,Bengaluru,Brown,14
9099,Toyota Innova Crysta,2021,26.63,12.96,37547,Diesel,Dealer,Manual,0,1197,12.0,Bengaluru,Grey,5
9100,Volkswagen Virtus,2017,17.8,3.97,39200,Petrol,Dealer,Automatic,0,1956,23.2,Gurugram,Black,9
9101,Mahindra Bolero,2022,8.86,4.15,62693,Diesel,Individual,Manual,0,1497,12.4,Jaipur,Black,4
9102,Tata Harrier,2025,21.22,18.2,24351,Diesel,Dealer,Manual,1,1956,15.5,Chennai,Brown,1
9103,Ford EcoSport,2022,10.53,5.26,58312,Diesel,Individual,Manual,0,1498,15.7,Ludhiana,Black,4
9104,MG Hector,2016,19.88,2.39,86550,Petrol,Dealer,Automatic,1,1956,21.8,Chennai,Silver,10
9105,Maruti Fronx,2018,9.39,1.13,83127,Petrol,Dealer,Manual,1,1597,15.4,Delhi,Red,8
9106,Tata Tiago,2020,7.18,2.07,76649,Petrol,Individual,Manual,0,1197,17.6,Jaipur,Silver,6
9107,Honda Amaze,2021,8.86,2.66,71139,Petrol,Dealer,Manual,1,1199,20.9,Hyderabad,Grey,5
9108,Tata Harrier,2025,21.89,17.86,39532,Diesel,Dealer,Manual,0,1199,18.9,Ludhiana,Red,1
9109,Renault Kwid,2023,4.8,3.1,18864,Petrol,Dealer,Manual,1,1197,20.8,Jaipur,Silver,3
9110,Kia Seltos,2015,15.69,1.88,76184,Diesel,Dealer,Manual,0,2755,24.9,Noida,Brown,11
9111,Tata Harrier,2024,20.48,15.05,37036,Diesel,Dealer,Manual,1,1597,12.3,Mumbai,Blue,2
9112,Tata Altroz,2016,9.79,1.18,82363,Petrol,Individual,Manual,0,2393,12.8,Jaipur,Red,10
9113,Toyota Glanza,2013,9.66,1.16,92328,Petrol,Individual,Manual,1,2393,22.1,Lucknow,Brown,13
9114,Hyundai Grand i10,2022,6.79,3.4,46845,Petrol,Individual,Manual,0,1497,25.5,Chennai,White,4
9115,Maruti Baleno,2018,8.89,2.41,39798,Petrol,Dealer,Manual,2,799,12.5,Mohali,Brown,8
9116,MG Hector,2017,19.81,2.65,68616,Petrol,Dealer,Automatic,0,2179,14.7,Chandigarh,Black,9
9117,Tata Harrier,2012,18.64,2.24,140690,Diesel,Individual,Manual,1,1597,14.3,Mumbai,Black,14
9118,Maruti Fronx,2020,9.83,2.73,44160,Petrol,Dealer,Manual,2,2179,13.4,Noida,Red,6
9119,Tata Tiago,2024,7.65,6.19,13427,Petrol,Individual,Manual,0,2755,12.7,Mohali,Blue,2
9120,Toyota Fortuner,2016,44.25,5.31,91307,Diesel,Individual,Automatic,0,1497,14.9,Bengaluru,Blue,10
9121,Maruti Wagon R,2017,5.65,1.05,45485,Petrol,Dealer,Manual,0,998,13.3,Jaipur,Blue,9
9122,Hyundai i20,2014,8.27,0.99,106569,Petrol,Dealer,Manual,0,2179,21.8,Delhi,Brown,12
9123,Tata Nexon,2021,11.94,4.76,51434,Petrol,Dealer,Manual,1,998,24.1,Chennai,White,5
9124,Tata Harrier,2024,21.11,18.26,2500,Diesel,Individual,Manual,0,1497,19.5,Amritsar,Blue,2
9125,Toyota Fortuner,2018,44.34,5.5,44693,Diesel,Individual,Automatic,3,1498,25.0,Jaipur,Brown,8
9126,Toyota Innova Crysta,2019,27.28,6.81,39501,Diesel,Dealer,Manual,2,799,12.8,Jaipur,Red,7
9127,Hyundai Venue,2017,13.41,1.61,86319,Petrol,Individual,Manual,1,1956,13.6,Ludhiana,Silver,9
9128,Hyundai Grand i10,2015,6.2,0.74,69910,Petrol,Dealer,Manual,0,1497,20.5,Kolkata,Blue,11
9129,Toyota Fortuner,2012,37.36,4.48,89059,Diesel,Individual,Automatic,2,2755,24.2,Amritsar,Blue,14
9130,Maruti Ertiga,2021,12.32,7.7,5188,Petrol,Individual,Manual,0,1997,23.5,Kolkata,Red,5
9131,Honda Elevate,2019,16.3,2.64,65690,Petrol,Dealer,Manual,2,1199,22.3,Delhi,White,7
9132,Toyota Glanza,2019,9.37,3.01,47063,Petrol,Individual,Manual,0,1497,19.2,Lucknow,Red,7
9133,Toyota Fortuner,2016,40.2,4.82,79444,Diesel,Individual,Automatic,3,1197,24.4,Mohali,White,10
9134,Kia Seltos,2021,18.61,9.24,52793,Diesel,Dealer,Manual,0,2393,15.4,Lucknow,Silver,5
9135,Volkswagen Virtus,2017,18.53,2.22,105759,Petrol,Individual,Automatic,0,1498,18.1,Gurugram,Grey,9
9136,Hyundai Grand i10,2024,6.37,5.33,20022,Petrol,Individual,Manual,0,1597,24.9,Kolkata,Brown,2
9137,Nissan Magnite,2020,8.75,2.94,71001,Petrol,Dealer,Manual,0,1597,22.9,Chandigarh,Red,6
9138,Mahindra Scorpio,2019,18.88,4.82,68674,Diesel,Individual,Manual,1,1197,21.3,Jaipur,Silver,7
9139,Jeep Compass,2021,28.25,10.25,67420,Diesel,Dealer,Automatic,0,1197,18.4,Mohali,Black,5
9140,Hyundai Venue,2016,10.82,1.3,96624,Petrol,Dealer,Manual,1,799,16.1,Mumbai,Brown,10
9141,Maruti Wagon R,2022,5.57,3.17,37007,Petrol,Individual,Manual,1,998,23.5,Amritsar,Red,4
9142,Hyundai Verna,2014,14.73,1.77,111309,Petrol,Dealer,Manual,0,1197,22.0,Hyderabad,White,12
9143,Mahindra Thar,2023,17.86,9.97,61881,Diesel,Dealer,Manual,0,1597,15.7,Chennai,Blue,3
9144,Kia Seltos,2024,18.14,11.66,38196,Diesel,Dealer,Manual,1,1197,20.9,Mohali,Grey,2
9145,Kia Seltos,2017,16.05,1.93,67530,Diesel,Dealer,Manual,1,2755,16.5,Ludhiana,Brown,9
9146,Toyota Fortuner,2014,39.87,4.78,91970,Diesel,Dealer,Automatic,0,1497,20.2,Bengaluru,Brown,12
9147,Honda Amaze,2016,9.44,1.13,100372,Petrol,Individual,Manual,1,1199,18.3,Lucknow,Silver,10
9148,Hyundai i20,2012,9.97,1.2,149037,Petrol,Individual,Manual,1,1956,24.0,Kolkata,Red,14
9149,Tata Nexon,2018,11.23,1.35,86877,Petrol,Dealer,Manual,1,2755,19.8,Amritsar,Brown,8
9150,Maruti Brezza,2013,13.8,1.66,121504,Petrol,Dealer,Manual,0,1498,14.9,Gurugram,Red,13
9151,Maruti Baleno,2019,8.93,3.8,43979,Petrol,Individual,Manual,0,1199,13.1,Mumbai,Black,7
9152,Volkswagen Virtus,2016,15.76,1.89,62421,Petrol,Individual,Automatic,0,2755,21.8,Chandigarh,Brown,10
9153,Kia Seltos,2015,17.03,2.04,53876,Diesel,Individual,Manual,1,1497,16.6,Pune,Black,11
9154,Nissan Magnite,2021,8.1,3.77,29342,Petrol,Individual,Manual,1,1498,20.5,Pune,Silver,5
9155,Honda Amaze,2019,8.28,2.11,89604,Petrol,Dealer,Manual,0,1199,16.7,Ludhiana,Grey,7
9156,Hyundai Alcazar,2017,21.07,2.53,81996,Diesel,Individual,Automatic,0,998,17.0,Bengaluru,Black,9
9157,Maruti Fronx,2019,8.99,1.12,64473,Petrol,Dealer,Manual,3,1498,16.4,Chandigarh,Silver,7
9158,Kia Seltos,2013,19.27,2.31,117074,Diesel,Dealer,Manual,1,2179,20.6,Bengaluru,Grey,13
9159,Toyota Glanza,2012,9.62,1.15,135458,Petrol,Individual,Manual,0,1597,13.5,Delhi,Black,14
9160,Toyota Glanza,2022,9.98,6.3,24366,Petrol,Individual,Manual,0,2755,13.6,Gurugram,White,4
9161,Tata Punch,2019,8.4,3.38,11506,Petrol,Dealer,Manual,0,799,19.8,Gurugram,White,7
9162,Volkswagen Polo,2025,8.6,6.48,21743,Petrol,Individual,Manual,2,2179,15.9,Noida,Red,1
9163,Volkswagen Polo,2022,8.96,4.41,43223,Petrol,Individual,Manual,3,1997,19.9,Chandigarh,Red,4
9164,Hyundai Alcazar,2022,20.64,11.86,37860,Diesel,Individual,Automatic,0,1956,18.6,Bengaluru,Black,4
9165,Maruti Alto,2021,3.87,2.13,43423,Petrol,Individual,Manual,0,2755,15.8,Mohali,Blue,5
9166,Toyota Fortuner,2019,39.63,15.25,45389,Diesel,Individual,Automatic,0,1956,14.4,Hyderabad,Red,7
9167,Maruti Fronx,2012,10.9,1.31,110014,Petrol,Individual,Manual,3,1197,21.7,Delhi,Brown,14
9168,Honda Elevate,2024,14.25,10.81,24553,Petrol,Individual,Manual,0,1199,21.3,Mohali,Brown,2
9169,Maruti Dzire,2018,9.48,2.03,54886,Petrol,Dealer,Manual,0,1997,22.4,Gurugram,White,8
9170,Nissan Magnite,2024,9.27,6.59,18571,Petrol,Dealer,Manual,0,1199,20.7,Mohali,Brown,2
9171,Honda City,2025,14.65,13.51,2500,Petrol,Dealer,Manual,1,2755,25.0,Mumbai,Grey,1
9172,Renault Kiger,2014,9.92,1.19,127283,Petrol,Dealer,Manual,0,2755,15.5,Kolkata,White,12
9173,Volkswagen Virtus,2012,16.35,1.96,108921,Petrol,Dealer,Automatic,0,1597,19.2,Amritsar,Silver,14
9174,Toyota Innova Crysta,2021,23.8,11.04,40946,Diesel,Dealer,Manual,0,1197,12.7,Lucknow,Grey,5
9175,Toyota Innova Crysta,2021,23.49,8.05,68226,Diesel,Dealer,Manual,0,1497,20.1,Ludhiana,White,5
9176,Mahindra XUV700,2012,27.59,3.31,88653,Diesel,Dealer,Automatic,0,799,13.7,Ludhiana,Grey,14
9177,Mahindra Bolero,2018,9.69,2.68,59185,Diesel,Individual,Manual,0,1199,15.8,Pune,Blue,8
9178,Toyota Innova Crysta,2025,26.47,20.68,31291,Diesel,Dealer,Manual,1,2179,20.3,Pune,Grey,1
9179,Hyundai Verna,2025,15.43,12.24,36351,Petrol,Dealer,Manual,0,2179,22.5,Mohali,White,1
9180,Mahindra Scorpio,2019,17.87,4.78,51471,Diesel,Dealer,Manual,0,1997,12.9,Noida,White,7
9181,Maruti Brezza,2018,12.81,2.88,71474,Petrol,Individual,Manual,0,1956,25.0,Hyderabad,Black,8
9182,Volkswagen Virtus,2017,16.04,1.92,66151,Petrol,Individual,Automatic,0,1497,14.7,Chandigarh,Silver,9
9183,Tata Altroz,2013,9.89,1.19,124731,Petrol,Dealer,Manual,0,1199,22.4,Ludhiana,White,13
9184,Volkswagen Virtus,2018,15.32,1.84,66262,Petrol,Individual,Automatic,3,1497,17.6,Jaipur,Blue,8
9185,Hyundai Creta,2024,15.97,10.69,58396,Diesel,Individual,Manual,0,1997,13.8,Mumbai,White,2
9186,Hyundai Verna,2012,14.83,1.78,89927,Petrol,Dealer,Manual,0,1197,18.5,Kolkata,Red,14
9187,Maruti Ciaz,2020,10.21,2.48,49931,Petrol,Dealer,Manual,3,1199,14.9,Mohali,Silver,6
9188,Renault Kwid,2023,5.26,3.12,50454,Petrol,Dealer,Manual,0,1497,16.1,Noida,Black,3
9189,Kia Sonet,2020,13.27,2.46,77854,Petrol,Dealer,Manual,1,2393,17.4,Delhi,Red,6
9190,Maruti Fronx,2018,10.11,1.21,104805,Petrol,Dealer,Manual,0,2755,19.7,Delhi,Blue,8
9191,Tata Altroz,2025,8.58,7.31,5581,Petrol,Individual,Manual,1,998,24.1,Gurugram,Black,1
9192,Toyota Innova Crysta,2015,25.9,3.11,82741,Diesel,Individual,Manual,1,998,21.0,Gurugram,Black,11
9193,Skoda Slavia,2023,16.98,10.2,33879,Petrol,Dealer,Automatic,1,2755,21.1,Chennai,Silver,3
9194,Volkswagen Polo,2017,7.31,0.88,106249,Petrol,Dealer,Manual,1,1956,21.4,Mohali,Silver,9
9195,Tata Punch,2016,8.19,0.98,76722,Petrol,Individual,Manual,2,1497,18.7,Delhi,Silver,10
9196,Maruti Fronx,2020,9.62,2.41,71166,Petrol,Dealer,Manual,1,2179,21.9,Mumbai,Red,6
9197,Hyundai Grand i10,2023,6.58,3.76,29470,Petrol,Individual,Manual,2,998,22.9,Mohali,Grey,3
9198,Renault Kwid,2018,5.36,0.81,57412,Petrol,Dealer,Manual,0,1956,14.3,Pune,Brown,8
9199,Maruti Ertiga,2017,12.22,1.47,84395,Petrol,Dealer,Manual,0,799,17.5,Ludhiana,Silver,9
9200,Toyota Fortuner,2013,36.94,4.43,124507,Diesel,Individual,Automatic,2,799,17.0,Pune,Red,13
9201,Renault Kiger,2013,8.26,0.99,98791,Petrol,Dealer,Manual,0,2393,22.6,Pune,Silver,13
9202,Jeep Compass,2015,22.91,2.75,130401,Diesel,Dealer,Automatic,0,1956,17.2,Jaipur,Grey,11
9203,Hyundai Venue,2018,12.49,1.5,95219,Petrol,Individual,Manual,0,2755,16.9,Amritsar,Brown,8
9204,Tata Altroz,2019,9.7,1.9,70616,Petrol,Dealer,Manual,1,1498,24.4,Chandigarh,Blue,7
9205,Honda Elevate,2019,16.08,2.48,88857,Petrol,Individual,Manual,1,1956,23.6,Chennai,Brown,7
9206,Tata Altroz,2019,8.96,2.32,59692,Petrol,Dealer,Manual,1,1997,15.5,Hyderabad,Black,7
9207,Toyota Glanza,2018,9.04,2.34,56933,Petrol,Individual,Manual,0,1497,16.4,Delhi,White,8
9208,Toyota Glanza,2025,9.83,7.22,29941,Petrol,Individual,Manual,2,998,19.0,Bengaluru,Brown,1
9209,Volkswagen Virtus,2016,17.1,2.05,38020,Petrol,Dealer,Automatic,1,1956,18.2,Ludhiana,White,10
9210,Volkswagen Polo,2019,7.25,1.99,55434,Petrol,Dealer,Manual,1,1498,24.2,Gurugram,Silver,7
9211,Volkswagen Virtus,2013,17.01,2.04,94965,Petrol,Individual,Automatic,0,2393,21.9,Jaipur,White,13
9212,Skoda Rapid,2014,9.48,1.14,128573,Diesel,Individual,Manual,0,2393,14.4,Lucknow,Black,12
9213,Hyundai Alcazar,2022,18.47,10.56,21745,Diesel,Dealer,Automatic,1,1498,17.9,Noida,Brown,4
9214,Mahindra Bolero,2023,10.57,8.18,14498,Diesel,Dealer,Manual,1,1199,20.8,Gurugram,White,3
9215,Skoda Slavia,2018,17.48,2.9,90315,Petrol,Dealer,Automatic,0,1498,14.7,Chandigarh,Black,8
9216,Toyota Glanza,2021,7.97,3.86,22631,Petrol,Dealer,Manual,2,1997,14.1,Jaipur,White,5
9217,Maruti Alto,2024,4.45,3.07,26869,Petrol,Individual,Manual,0,2393,17.8,Amritsar,Brown,2
9218,Ford EcoSport,2013,9.22,1.11,108732,Diesel,Dealer,Manual,0,1597,16.6,Pune,Blue,13
9219,Hyundai Alcazar,2022,21.08,12.24,34606,Diesel,Dealer,Automatic,1,1498,12.5,Pune,Red,4
9220,Hyundai Verna,2021,13.83,5.25,65897,Petrol,Dealer,Manual,0,2179,19.1,Kolkata,Brown,5
9221,Renault Kwid,2014,5.42,0.65,106692,Petrol,Individual,Manual,0,1498,16.1,Mohali,Silver,12
9222,Tata Harrier,2023,19.27,7.42,76082,Diesel,Individual,Manual,3,1997,21.5,Noida,Red,3
9223,Hyundai Alcazar,2018,22.32,4.87,54784,Diesel,Dealer,Automatic,0,2393,25.4,Bengaluru,Blue,8
9224,Honda Amaze,2016,8.95,1.07,104924,Petrol,Dealer,Manual,1,1497,12.8,Bengaluru,Red,10
9225,Tata Tiago,2023,7.09,5.15,10939,Petrol,Dealer,Manual,1,998,12.2,Mohali,Blue,3
9226,Hyundai Creta,2021,18.62,7.54,70071,Diesel,Dealer,Manual,0,2393,14.3,Ludhiana,Blue,5
9227,Maruti Ertiga,2022,10.78,7.83,2500,Petrol,Dealer,Manual,1,1197,22.7,Hyderabad,White,4
9228,Mahindra Bolero,2015,8.95,1.07,71494,Diesel,Individual,Manual,0,1597,14.5,Ludhiana,Blue,11
9229,Renault Kwid,2023,5.36,2.62,77141,Petrol,Dealer,Manual,1,1597,18.8,Chennai,Black,3
9230,Tata Punch,2021,7.97,1.77,67979,Petrol,Dealer,Manual,3,799,21.5,Delhi,Blue,5
9231,Honda City,2014,16.78,2.01,111954,Petrol,Individual,Manual,0,1498,21.4,Lucknow,Black,12
9232,Renault Kwid,2025,5.44,4.35,23723,Petrol,Individual,Manual,1,1997,18.2,Mohali,Red,1
9233,Toyota Glanza,2013,8.13,0.98,113721,Petrol,Dealer,Manual,0,1197,13.7,Noida,Blue,13
9234,Renault Kiger,2018,8.92,1.25,70323,Petrol,Dealer,Manual,2,2755,25.5,Chandigarh,Red,8
9235,Hyundai Creta,2021,16.6,8.21,40415,Diesel,Dealer,Manual,0,1997,13.9,Bengaluru,White,5
9236,Ford EcoSport,2019,8.96,1.08,80773,Diesel,Individual,Manual,2,2393,24.6,Jaipur,Silver,7
9237,Tata Punch,2023,9.79,7.3,2500,Petrol,Individual,Manual,0,1197,25.1,Bengaluru,Blue,3
9238,Maruti Wagon R,2014,5.3,0.64,99005,Petrol,Individual,Manual,0,1498,22.4,Mohali,White,12
9239,Maruti Ertiga,2014,11.86,1.42,122883,Petrol,Individual,Manual,2,1199,18.4,Chandigarh,Blue,12
9240,Kia Seltos,2021,19.14,7.18,69843,Diesel,Individual,Manual,0,998,18.1,Bengaluru,Black,5
9241,Mahindra Bolero,2025,10.87,8.7,17691,Diesel,Dealer,Manual,2,2755,18.7,Mohali,Blue,1
9242,Maruti Ertiga,2022,10.71,5.38,54185,Petrol,Dealer,Manual,0,2179,13.4,Mumbai,Brown,4
9243,Maruti Baleno,2013,9.99,1.2,68388,Petrol,Individual,Manual,3,1597,15.4,Kolkata,Brown,13
9244,Maruti Ertiga,2019,12.13,4.98,31898,Petrol,Individual,Manual,0,1498,14.7,Lucknow,Blue,7
9245,Hyundai i20,2015,9.89,1.19,78935,Petrol,Dealer,Manual,1,1997,23.6,Pune,Black,11
9246,Maruti Wagon R,2018,5.57,0.79,63869,Petrol,Dealer,Manual,1,1597,13.9,Kolkata,Grey,8
9247,Toyota Fortuner,2012,35.59,4.27,102856,Diesel,Dealer,Automatic,1,1956,15.7,Bengaluru,Silver,14
9248,Ford EcoSport,2020,8.97,4.71,6969,Diesel,Dealer,Manual,0,799,18.2,Mumbai,White,6
9249,Tata Nexon,2020,10.93,4.43,41114,Petrol,Individual,Manual,1,1497,24.6,Gurugram,Red,6
9250,Maruti Swift,2015,8.43,1.01,105037,Petrol,Dealer,Manual,1,1497,18.5,Chandigarh,White,11
9251,Toyota Fortuner,2019,39.34,7.98,77269,Diesel,Dealer,Automatic,0,799,22.9,Pune,Silver,7
9252,Maruti Ciaz,2019,11.52,4.63,50395,Petrol,Dealer,Manual,0,1197,23.5,Ludhiana,Grey,7
9253,Toyota Fortuner,2016,41.11,4.93,58166,Diesel,Dealer,Automatic,0,1197,17.5,Amritsar,Brown,10
9254,Hyundai Creta,2017,17.86,2.14,82347,Diesel,Individual,Manual,1,2179,16.5,Mohali,White,9
9255,Renault Kiger,2013,9.28,1.11,65196,Petrol,Dealer,Manual,0,2393,24.3,Amritsar,Black,13
9256,Mahindra Thar,2022,15.68,5.72,81873,Diesel,Individual,Manual,2,1997,15.4,Gurugram,Brown,4
9257,Renault Kwid,2017,4.68,0.56,57815,Petrol,Individual,Manual,1,799,18.5,Gurugram,Brown,9
9258,Ford EcoSport,2025,9.33,6.75,71579,Diesel,Dealer,Manual,0,2393,15.3,Ludhiana,Blue,1
9259,Mahindra Thar,2020,18.5,6.21,97090,Diesel,Dealer,Manual,0,1497,23.2,Mohali,Red,6
9260,Tata Altroz,2023,8.89,4.87,66621,Petrol,Dealer,Manual,1,2393,25.0,Kolkata,Black,3
9261,Hyundai Creta,2024,15.3,11.2,31588,Diesel,Dealer,Manual,0,1597,12.7,Bengaluru,Silver,2
9262,Maruti Ertiga,2021,10.81,4.57,56664,Petrol,Dealer,Manual,0,998,18.9,Noida,Blue,5
9263,Toyota Glanza,2024,8.51,7.22,4400,Petrol,Dealer,Manual,0,1597,17.7,Amritsar,Black,2
9264,Toyota Glanza,2022,8.58,4.82,50047,Petrol,Individual,Manual,0,1497,14.2,Amritsar,Brown,4
9265,Toyota Innova Crysta,2018,25.39,3.05,69005,Diesel,Individual,Manual,2,2179,17.0,Mohali,White,8
9266,Mahindra Thar,2021,18.54,9.17,40677,Diesel,Individual,Manual,1,2393,14.9,Gurugram,Black,5
9267,Tata Altroz,2019,9.06,2.68,50457,Petrol,Individual,Manual,0,1197,13.8,Ludhiana,Blue,7
9268,Nissan Magnite,2016,10.05,1.21,103476,Petrol,Dealer,Manual,0,1497,13.1,Lucknow,Silver,10
9269,Renault Kwid,2017,5.11,0.61,73991,Petrol,Dealer,Manual,0,1597,21.3,Pune,White,9
9270,Tata Harrier,2025,18.54,14.32,50032,Diesel,Dealer,Manual,0,799,16.3,Noida,Red,1
9271,Hyundai Grand i10,2012,6.18,0.74,63209,Petrol,Dealer,Manual,1,1597,15.1,Kolkata,Blue,14
9272,Kia Seltos,2023,16.51,7.53,55891,Diesel,Dealer,Manual,1,1997,24.7,Delhi,Blue,3
9273,Toyota Fortuner,2015,39.58,4.75,36572,Diesel,Dealer,Automatic,2,1497,20.5,Jaipur,Grey,11
9274,Maruti Dzire,2018,9.03,1.97,64951,Petrol,Individual,Manual,0,998,22.7,Mumbai,Grey,8
9275,Nissan Magnite,2022,9.35,6.02,15862,Petrol,Individual,Manual,1,1597,21.4,Pune,Grey,4
9276,Jeep Compass,2012,26.28,3.15,104481,Diesel,Dealer,Automatic,0,2755,15.3,Jaipur,Grey,14
9277,Hyundai Grand i10,2013,6.64,0.8,28784,Petrol,Dealer,Manual,2,1956,23.1,Kolkata,Black,13
9278,Tata Safari,2017,26.8,3.4,57311,Diesel,Dealer,Automatic,1,2755,18.3,Bengaluru,Red,9
9279,Maruti Alto,2015,4.62,0.55,96663,Petrol,Dealer,Manual,0,1997,13.6,Chandigarh,Grey,11
9280,Ford EcoSport,2013,8.91,1.07,110180,Diesel,Individual,Manual,2,2393,17.9,Mumbai,Grey,13
9281,Renault Kiger,2015,9.95,1.19,48013,Petrol,Dealer,Manual,1,2179,23.2,Noida,Silver,11
9282,Maruti Dzire,2021,9.03,2.73,42667,Petrol,Individual,Manual,3,2179,13.6,Noida,Grey,5
9283,Maruti Fronx,2024,10.82,8.35,27879,Petrol,Individual,Manual,0,1497,15.7,Chandigarh,White,2
9284,Maruti Baleno,2018,8.71,1.04,83645,Petrol,Individual,Manual,2,1497,14.5,Mohali,Black,8
9285,Kia Sonet,2019,12.12,2.76,76983,Petrol,Dealer,Manual,1,1997,14.9,Pune,Blue,7
9286,Toyota Glanza,2025,8.68,7.21,21499,Petrol,Dealer,Manual,0,1199,19.1,Noida,Black,1
9287,Toyota Innova Crysta,2016,25.92,3.11,102134,Diesel,Dealer,Manual,0,1199,25.1,Chennai,Grey,10
9288,Renault Kiger,2014,9.02,1.08,97419,Petrol,Dealer,Manual,1,1597,15.5,Gurugram,Grey,12
9289,Tata Harrier,2017,19.52,2.34,67769,Diesel,Dealer,Manual,0,1956,23.6,Hyderabad,Red,9
9290,Tata Punch,2018,9.4,1.24,74868,Petrol,Individual,Manual,0,1199,13.5,Gurugram,Red,8
9291,Maruti Dzire,2022,8.18,4.76,23401,Petrol,Dealer,Manual,0,1199,25.1,Jaipur,Grey,4
9292,Mahindra Thar,2023,18.78,10.65,51825,Diesel,Dealer,Manual,1,1497,22.4,Kolkata,White,3
9293,Kia Sonet,2024,11.33,7.57,40302,Petrol,Dealer,Manual,0,799,24.6,Delhi,Blue,2
9294,Maruti Ertiga,2018,11.56,1.39,88313,Petrol,Dealer,Manual,1,1199,20.0,Gurugram,Blue,8
9295,Maruti Wagon R,2024,5.57,3.31,45779,Petrol,Individual,Manual,0,1497,24.0,Kolkata,Blue,2
9296,Honda Amaze,2014,8.74,1.05,95727,Petrol,Dealer,Manual,0,1498,20.0,Jaipur,Grey,12
9297,Maruti Ciaz,2021,12.09,5.9,28516,Petrol,Individual,Manual,1,2179,18.8,Hyderabad,Red,5
9298,Skoda Slavia,2016,18.48,2.22,62825,Petrol,Dealer,Automatic,1,1497,22.0,Noida,Brown,10
9299,Tata Tiago,2025,6.51,5.43,9358,Petrol,Dealer,Manual,2,799,21.3,Pune,Red,1
9300,Kia Seltos,2023,17.37,8.11,74786,Diesel,Dealer,Manual,1,1497,12.1,Delhi,Silver,3
9301,Hyundai Creta,2014,18.49,2.22,104980,Diesel,Dealer,Manual,1,1199,17.1,Chandigarh,Blue,12
9302,Hyundai Venue,2014,12.18,1.46,86870,Petrol,Individual,Manual,0,1956,21.4,Chennai,Silver,12
9303,Mahindra Scorpio,2023,18.0,12.38,33035,Diesel,Individual,Manual,1,2179,22.2,Lucknow,Grey,3
9304,Tata Nexon,2025,10.95,9.6,2976,Petrol,Dealer,Manual,0,1497,14.0,Kolkata,Black,1
9305,Honda City,2021,13.93,5.12,63560,Petrol,Individual,Manual,0,1197,16.3,Gurugram,Blue,5
9306,Renault Kiger,2015,8.58,1.03,111422,Petrol,Dealer,Manual,1,799,14.6,Mohali,Red,11
9307,Mahindra Scorpio,2021,19.1,6.06,56979,Diesel,Individual,Manual,3,1199,24.7,Ludhiana,White,5
9308,Mahindra XUV700,2020,28.56,8.4,63126,Diesel,Dealer,Automatic,1,2755,21.6,Ludhiana,Blue,6
9309,Maruti Ertiga,2022,12.15,5.46,57464,Petrol,Dealer,Manual,3,1199,19.1,Gurugram,Blue,4
9310,Tata Tiago,2018,7.77,2.24,31358,Petrol,Individual,Manual,0,1497,15.4,Ludhiana,White,8
9311,Tata Altroz,2018,8.61,1.03,63438,Petrol,Dealer,Manual,3,2755,13.4,Amritsar,Blue,8
9312,Renault Kiger,2013,10.04,1.21,90275,Petrol,Dealer,Manual,0,1199,13.3,Pune,Red,13
9313,Honda Amaze,2013,9.57,1.15,105266,Petrol,Individual,Manual,2,1199,18.6,Chandigarh,Blue,13
9314,Maruti Baleno,2022,8.72,3.11,61774,Petrol,Dealer,Manual,3,2393,24.0,Lucknow,Grey,4
9315,Maruti Wagon R,2020,6.43,1.9,54128,Petrol,Dealer,Manual,0,1997,16.3,Hyderabad,Brown,6
9316,Hyundai i20,2021,9.49,5.82,2500,Petrol,Dealer,Manual,0,1997,17.8,Pune,Red,5
9317,Maruti Swift,2014,7.26,0.87,124381,Petrol,Individual,Manual,1,1497,25.2,Pune,Grey,12
9318,Tata Tiago,2017,6.71,0.81,69463,Petrol,Individual,Manual,0,1199,18.3,Noida,Black,9
9319,Maruti Brezza,2025,13.8,10.52,37869,Petrol,Dealer,Manual,1,2755,23.3,Chennai,Grey,1
9320,Tata Safari,2022,22.45,11.81,51103,Diesel,Dealer,Automatic,0,2393,16.9,Kolkata,Red,4
9321,Mahindra Bolero,2021,11.03,5.2,56757,Diesel,Dealer,Manual,0,1597,12.9,Chandigarh,Grey,5
9322,Honda Amaze,2014,8.82,1.06,96968,Petrol,Dealer,Manual,0,1497,25.2,Kolkata,Brown,12
9323,Renault Kiger,2023,8.2,5.22,43830,Petrol,Individual,Manual,1,1197,16.1,Gurugram,Brown,3
9324,Mahindra Bolero,2025,10.36,9.29,2500,Diesel,Individual,Manual,0,2393,13.1,Bengaluru,White,1
9325,Toyota Fortuner,2013,36.55,4.39,104454,Diesel,Dealer,Automatic,0,1197,21.1,Hyderabad,Brown,13
9326,Tata Tiago,2022,7.69,4.35,28523,Petrol,Dealer,Manual,1,2755,25.1,Delhi,Black,4
9327,Mahindra Bolero,2017,9.68,1.16,56139,Diesel,Individual,Manual,0,1197,24.3,Mumbai,Black,9
9328,Mahindra Thar,2025,16.13,11.66,30456,Diesel,Individual,Manual,0,1197,15.3,Pune,Red,1
9329,Maruti Dzire,2020,9.4,2.8,74994,Petrol,Individual,Manual,0,1197,14.2,Gurugram,White,6
9330,Nissan Magnite,2019,9.63,1.4,93474,Petrol,Individual,Manual,2,2393,22.5,Chandigarh,Blue,7
9331,Hyundai Alcazar,2024,22.23,14.23,75557,Diesel,Dealer,Automatic,0,1197,13.8,Kolkata,Black,2
9332,Hyundai Grand i10,2016,6.61,0.79,57196,Petrol,Individual,Manual,0,1199,20.5,Chennai,Black,10
9333,Mahindra Bolero,2022,10.7,6.24,36916,Diesel,Individual,Manual,0,799,21.9,Jaipur,Black,4
9334,Mahindra XUV700,2015,25.36,3.04,97830,Diesel,Dealer,Automatic,3,2179,17.7,Amritsar,Grey,11
9335,Hyundai Creta,2017,15.1,1.81,78354,Diesel,Dealer,Manual,0,1956,20.1,Lucknow,Grey,9
9336,Jeep Compass,2013,25.63,3.08,123585,Diesel,Dealer,Automatic,1,998,15.4,Mumbai,White,13
9337,Mahindra Scorpio,2018,19.33,2.32,101451,Diesel,Dealer,Manual,1,998,21.0,Pune,Brown,8
9338,Maruti Baleno,2021,9.01,4.87,24751,Petrol,Individual,Manual,1,1597,16.6,Chennai,Grey,5
9339,MG Hector,2017,21.36,2.56,72835,Petrol,Dealer,Automatic,0,998,23.4,Pune,Red,9
9340,MG Hector,2023,23.52,14.27,41195,Petrol,Individual,Automatic,0,1497,24.2,Gurugram,Blue,3
9341,Renault Kwid,2013,5.59,0.67,138305,Petrol,Individual,Manual,2,2179,15.0,Amritsar,Black,13
9342,Renault Kwid,2024,5.48,3.94,52624,Petrol,Individual,Manual,0,1497,19.7,Chennai,Black,2
9343,Tata Punch,2015,8.44,1.01,78683,Petrol,Individual,Manual,1,1956,22.4,Gurugram,Brown,11
9344,Honda Amaze,2018,8.08,0.97,89152,Petrol,Dealer,Manual,0,2179,22.3,Hyderabad,Grey,8
9345,Tata Harrier,2014,18.62,2.23,83001,Diesel,Individual,Manual,0,2755,23.4,Jaipur,Blue,12
9346,Skoda Rapid,2022,10.69,6.37,32720,Diesel,Dealer,Manual,1,1997,21.7,Mohali,Red,4
9347,Hyundai Venue,2015,10.59,1.27,76713,Petrol,Dealer,Manual,0,1956,23.2,Lucknow,Red,11
9348,Maruti Wagon R,2023,5.43,3.53,33113,Petrol,Dealer,Manual,0,1199,18.8,Jaipur,Black,3
9349,Maruti Dzire,2022,9.81,6.04,27642,Petrol,Individual,Manual,0,1597,21.2,Chennai,Blue,4
9350,Tata Tiago,2024,7.24,5.63,19200,Petrol,Individual,Manual,1,1199,12.2,Kolkata,Silver,2
9351,Tata Altroz,2013,8.32,1.0,117893,Petrol,Dealer,Manual,0,1597,24.4,Lucknow,Blue,13
9352,Tata Harrier,2019,20.18,2.42,62754,Diesel,Dealer,Manual,2,1497,12.5,Amritsar,Brown,7
9353,Maruti Alto,2018,3.71,0.89,31934,Petrol,Dealer,Manual,1,1997,17.3,Amritsar,Blue,8
9354,Toyota Glanza,2015,9.89,1.19,82871,Petrol,Individual,Manual,1,1197,13.9,Pune,Red,11
9355,Kia Sonet,2013,13.13,1.58,99900,Petrol,Dealer,Manual,1,1597,24.0,Amritsar,Brown,13
9356,Tata Harrier,2012,20.25,2.43,102320,Diesel,Individual,Manual,0,2393,15.8,Pune,Grey,14
9357,Mahindra Thar,2017,15.76,1.89,100729,Diesel,Dealer,Manual,2,1597,12.5,Chennai,Silver,9
9358,Honda Amaze,2024,9.72,6.12,25290,Petrol,Individual,Manual,3,1956,25.3,Chandigarh,Red,2
9359,Maruti Fronx,2015,10.53,1.26,111610,Petrol,Dealer,Manual,1,998,13.8,Noida,Black,11
9360,Kia Sonet,2022,13.47,7.69,27139,Petrol,Dealer,Manual,0,2755,18.1,Chandigarh,Silver,4
9361,Maruti Ertiga,2023,12.8,8.41,35186,Petrol,Dealer,Manual,0,1956,18.5,Jaipur,Silver,3
9362,Renault Kiger,2015,8.94,1.07,101734,Petrol,Individual,Manual,0,1197,12.9,Mumbai,Silver,11
9363,Hyundai Alcazar,2025,21.93,18.08,7884,Diesel,Individual,Automatic,2,2179,21.1,Delhi,Brown,1
9364,Toyota Fortuner,2025,42.66,39.26,2500,Diesel,Dealer,Automatic,0,1597,17.9,Hyderabad,Black,1
9365,Skoda Slavia,2020,16.35,4.92,88057,Petrol,Dealer,Automatic,0,1498,17.3,Jaipur,Red,6
9366,Tata Punch,2021,9.18,4.17,46439,Petrol,Dealer,Manual,1,998,24.0,Bengaluru,Blue,5
9367,Tata Altroz,2016,8.88,1.07,73600,Petrol,Dealer,Manual,1,1997,15.1,Bengaluru,Grey,10
9368,Mahindra Bolero,2025,9.48,8.29,8351,Diesel,Dealer,Manual,0,1498,15.1,Mohali,White,1
9369,Maruti Dzire,2014,7.96,0.95,93837,Petrol,Individual,Manual,0,2179,22.6,Gurugram,White,12
9370,Honda Amaze,2024,9.73,8.13,33311,Petrol,Dealer,Manual,0,1597,19.4,Bengaluru,Black,2
9371,Mahindra Scorpio,2012,20.19,2.42,91608,Diesel,Individual,Manual,0,1199,25.4,Gurugram,Blue,14
9372,Toyota Fortuner,2022,42.9,19.96,40418,Diesel,Dealer,Automatic,2,1197,15.1,Lucknow,Brown,4
9373,Hyundai Venue,2017,11.07,1.33,66129,Petrol,Dealer,Manual,0,1497,21.1,Bengaluru,Red,9
9374,Maruti Wagon R,2017,6.02,0.72,86978,Petrol,Dealer,Manual,2,1497,16.6,Chandigarh,Red,9
9375,Tata Harrier,2022,21.61,14.96,2500,Diesel,Individual,Manual,0,2393,19.4,Chandigarh,White,4
9376,Skoda Slavia,2014,17.02,2.04,106417,Petrol,Dealer,Automatic,2,2393,16.2,Ludhiana,Grey,12
9377,Mahindra Scorpio,2019,18.93,5.43,41762,Diesel,Dealer,Manual,1,1199,22.2,Gurugram,Grey,7
9378,Honda Elevate,2023,17.86,9.93,49720,Petrol,Dealer,Manual,1,1197,21.3,Pune,Blue,3
9379,Mahindra Thar,2024,15.6,11.24,9842,Diesel,Dealer,Manual,1,799,20.9,Hyderabad,Silver,2
9380,Maruti Fronx,2016,10.54,1.27,110763,Petrol,Dealer,Manual,0,799,16.6,Amritsar,Silver,10
9381,Tata Punch,2012,8.99,1.08,96666,Petrol,Dealer,Manual,1,1997,18.9,Hyderabad,Grey,14
9382,Jeep Compass,2021,27.78,13.61,48374,Diesel,Individual,Automatic,0,1597,21.9,Pune,Red,5
9383,Toyota Glanza,2012,9.79,1.17,117076,Petrol,Dealer,Manual,1,1597,19.3,Chennai,Grey,14
9384,Renault Kiger,2025,8.01,7.3,2500,Petrol,Dealer,Manual,1,998,22.0,Chandigarh,Red,1
9385,Jeep Compass,2012,29.36,3.52,75154,Diesel,Dealer,Automatic,1,1497,20.3,Ludhiana,White,14
9386,Tata Tiago,2017,7.77,0.93,84302,Petrol,Dealer,Manual,0,1498,15.3,Chandigarh,Blue,9
9387,Renault Kwid,2022,5.37,3.43,2500,Petrol,Dealer,Manual,1,998,13.4,Mumbai,Blue,4
9388,Hyundai Creta,2016,17.72,2.13,117408,Diesel,Dealer,Manual,0,1497,13.7,Ludhiana,Blue,10
9389,Jeep Compass,2021,24.41,8.44,74566,Diesel,Individual,Automatic,1,2179,21.3,Jaipur,White,5
9390,Renault Kiger,2013,9.51,1.14,100453,Petrol,Dealer,Manual,0,799,25.0,Chandigarh,Blue,13
9391,Tata Harrier,2018,21.48,4.56,66572,Diesel,Individual,Manual,0,799,12.0,Jaipur,White,8
9392,Mahindra Scorpio,2016,22.39,2.69,101981,Diesel,Individual,Manual,1,1956,20.8,Lucknow,Silver,10
9393,Tata Harrier,2016,20.49,2.46,99616,Diesel,Dealer,Manual,0,2393,21.4,Hyderabad,Black,10
9394,Hyundai Alcazar,2013,22.59,2.71,88510,Diesel,Individual,Automatic,1,1197,16.1,Lucknow,Grey,13
9395,Maruti Dzire,2014,9.98,1.2,114039,Petrol,Dealer,Manual,2,1498,22.8,Lucknow,Brown,12
9396,Maruti Swift,2013,7.77,0.93,96180,Petrol,Individual,Manual,0,1997,23.6,Mohali,Black,13
9397,Tata Nexon,2015,12.07,1.45,79928,Petrol,Individual,Manual,1,1498,21.2,Pune,Blue,11
9398,Kia Sonet,2016,13.03,1.56,89566,Petrol,Individual,Manual,1,1997,12.8,Bengaluru,Brown,10
9399,Skoda Rapid,2015,10.49,1.26,102913,Diesel,Dealer,Manual,1,1197,12.4,Hyderabad,Blue,11
9400,Toyota Fortuner,2020,45.24,15.81,38365,Diesel,Dealer,Automatic,1,2393,17.2,Lucknow,Black,6
9401,Volkswagen Virtus,2012,15.87,1.9,175842,Petrol,Individual,Automatic,2,1997,15.7,Lucknow,Silver,14
9402,Honda Elevate,2019,17.7,2.12,89139,Petrol,Dealer,Manual,1,2179,23.7,Lucknow,White,7
9403,Renault Kiger,2017,9.7,1.49,66356,Petrol,Dealer,Manual,0,2179,21.8,Mumbai,Blue,9
9404,Mahindra Scorpio,2012,19.68,2.36,104151,Diesel,Individual,Manual,0,1997,12.2,Amritsar,Brown,14
9405,Nissan Magnite,2021,9.04,3.74,49597,Petrol,Dealer,Manual,0,1199,16.0,Hyderabad,Silver,5
9406,Renault Kiger,2022,9.54,3.94,69300,Petrol,Dealer,Manual,1,2179,21.2,Gurugram,Silver,4
9407,Nissan Magnite,2013,9.73,1.17,99742,Petrol,Dealer,Manual,1,2755,15.4,Chennai,Brown,13
9408,Tata Nexon,2023,11.11,7.93,21240,Petrol,Dealer,Manual,0,1956,16.6,Chennai,Grey,3
9409,Maruti Wagon R,2018,6.68,1.37,67366,Petrol,Dealer,Manual,0,1597,17.8,Ludhiana,Black,8
9410,Maruti Dzire,2018,8.93,1.73,69386,Petrol,Individual,Manual,0,1497,21.7,Pune,Grey,8
9411,Tata Harrier,2015,22.05,2.65,45550,Diesel,Dealer,Manual,0,2179,22.0,Bengaluru,Silver,11
9412,Mahindra XUV700,2014,25.54,3.06,79501,Diesel,Dealer,Automatic,1,2179,13.9,Chennai,White,12
9413,Honda Elevate,2012,15.08,1.81,141196,Petrol,Dealer,Manual,1,2393,12.5,Noida,Red,14
9414,Maruti Swift,2023,8.65,5.9,32516,Petrol,Individual,Manual,0,1997,21.4,Chennai,Grey,3
9415,Renault Kiger,2022,8.06,4.48,17033,Petrol,Dealer,Manual,1,1597,17.0,Mumbai,Grey,4
9416,Maruti Ertiga,2024,12.43,8.62,55670,Petrol,Individual,Manual,1,2755,19.8,Amritsar,Blue,2
9417,Skoda Rapid,2019,10.04,2.66,65266,Diesel,Individual,Manual,0,2755,18.8,Chennai,Red,7
9418,Tata Punch,2023,9.96,6.22,10825,Petrol,Individual,Manual,1,799,15.5,Bengaluru,White,3
9419,Nissan Magnite,2013,9.2,1.1,82627,Petrol,Individual,Manual,0,998,18.8,Bengaluru,Black,13
9420,Honda Elevate,2016,17.0,2.04,86719,Petrol,Individual,Manual,1,1497,13.6,Mumbai,Red,10
9421,Volkswagen Polo,2018,8.16,0.98,70891,Petrol,Individual,Manual,1,1956,20.3,Mohali,Red,8
9422,Honda City,2021,13.78,5.7,45831,Petrol,Individual,Manual,1,998,18.9,Ludhiana,Brown,5
9423,Volkswagen Virtus,2024,17.14,14.93,8422,Petrol,Dealer,Automatic,0,1597,20.6,Hyderabad,Grey,2
9424,Skoda Slavia,2022,15.02,9.57,26061,Petrol,Dealer,Automatic,1,799,21.9,Kolkata,Black,4
9425,Maruti Wagon R,2024,5.46,4.01,23774,Petrol,Dealer,Manual,0,998,12.8,Jaipur,Brown,2
9426,Hyundai Grand i10,2021,6.3,3.44,30772,Petrol,Dealer,Manual,0,2755,17.9,Delhi,White,5
9427,Skoda Rapid,2015,11.15,1.34,91389,Diesel,Individual,Manual,0,1597,17.0,Kolkata,White,11
9428,Hyundai Venue,2021,11.23,4.69,58742,Petrol,Individual,Manual,0,1956,12.7,Mohali,Blue,5
9429,Maruti Ertiga,2016,11.94,1.43,92905,Petrol,Dealer,Manual,1,2755,14.8,Mumbai,Blue,10
9430,Maruti Wagon R,2022,6.1,4.26,2500,Petrol,Dealer,Manual,0,1997,14.0,Jaipur,Brown,4
9431,Volkswagen Polo,2023,8.43,4.93,21973,Petrol,Individual,Manual,3,2179,13.5,Noida,White,3
9432,Kia Sonet,2017,11.3,1.36,80065,Petrol,Dealer,Manual,1,1199,23.1,Mumbai,Grey,9
9433,Honda Elevate,2023,17.65,10.73,14740,Petrol,Individual,Manual,3,1498,16.2,Chandigarh,Silver,3
9434,Skoda Rapid,2021,9.21,3.65,74246,Diesel,Individual,Manual,0,2179,24.5,Mumbai,Grey,5
9435,Renault Kwid,2021,5.52,3.1,2500,Petrol,Individual,Manual,1,1956,13.6,Noida,Brown,5
9436,Maruti Wagon R,2020,5.68,2.09,62842,Petrol,Dealer,Manual,1,2393,21.5,Lucknow,Red,6
9437,Hyundai Grand i10,2013,6.54,0.78,95094,Petrol,Individual,Manual,0,1997,13.8,Ludhiana,Black,13
9438,Hyundai Creta,2017,15.83,1.9,93074,Diesel,Dealer,Manual,1,2179,15.7,Noida,Grey,9
9439,Honda Elevate,2013,15.63,1.88,70652,Petrol,Dealer,Manual,1,799,21.2,Noida,Blue,13
9440,Jeep Compass,2021,27.84,10.7,73088,Diesel,Individual,Automatic,0,1199,16.4,Hyderabad,Blue,5
9441,Tata Nexon,2023,11.63,6.29,55842,Petrol,Individual,Manual,1,1956,20.2,Amritsar,Silver,3
9442,Maruti Ertiga,2014,10.23,1.23,85393,Petrol,Dealer,Manual,0,799,15.9,Mohali,Brown,12
9443,Hyundai Verna,2021,15.8,7.63,43939,Petrol,Individual,Manual,1,1497,20.8,Mohali,Red,5
9444,Skoda Slavia,2014,17.73,2.13,133330,Petrol,Individual,Automatic,0,998,25.2,Chandigarh,Grey,12
9445,Honda Elevate,2021,17.63,6.64,63877,Petrol,Individual,Manual,0,2393,15.1,Gurugram,Black,5
9446,Renault Kwid,2022,4.78,2.44,58417,Petrol,Individual,Manual,0,1497,24.6,Amritsar,Brown,4
9447,Honda City,2021,15.6,9.96,2500,Petrol,Dealer,Manual,0,2179,22.7,Mumbai,Grey,5
9448,Maruti Baleno,2021,9.71,2.78,84582,Petrol,Dealer,Manual,0,1997,18.0,Jaipur,Blue,5
9449,Renault Kwid,2015,4.68,0.56,97380,Petrol,Dealer,Manual,1,998,23.1,Chennai,Black,11
9450,Hyundai Grand i10,2016,7.76,1.11,41973,Petrol,Individual,Manual,1,799,24.2,Hyderabad,Black,10
9451,Volkswagen Virtus,2021,18.19,9.46,31660,Petrol,Dealer,Automatic,0,2179,12.0,Amritsar,Silver,5
9452,Maruti Swift,2012,8.35,1.0,129901,Petrol,Dealer,Manual,0,1197,12.1,Mohali,Black,14
9453,Volkswagen Virtus,2018,17.25,4.04,42416,Petrol,Dealer,Automatic,1,998,13.3,Chandigarh,Brown,8
9454,Maruti Brezza,2022,11.7,5.27,53129,Petrol,Individual,Manual,1,1956,25.2,Delhi,Blue,4
9455,Skoda Rapid,2020,9.43,4.56,36864,Diesel,Individual,Manual,0,1997,14.7,Mumbai,Grey,6
9456,Mahindra Bolero,2021,10.02,3.6,40197,Diesel,Individual,Manual,2,1199,13.2,Pune,White,5
9457,Tata Tiago,2023,7.11,4.18,50525,Petrol,Dealer,Manual,1,1997,15.7,Lucknow,Brown,3
9458,Maruti Alto,2020,4.24,1.43,42289,Petrol,Dealer,Manual,1,1597,15.7,Noida,Silver,6
9459,Mahindra XUV700,2015,29.05,3.49,79192,Diesel,Dealer,Automatic,1,1199,20.3,Chandigarh,Silver,11
9460,Tata Nexon,2013,13.15,1.58,124390,Petrol,Individual,Manual,0,2179,21.1,Delhi,Silver,13
9461,Maruti Swift,2013,7.79,0.93,77371,Petrol,Individual,Manual,0,2179,24.0,Mumbai,Brown,13
9462,Maruti Dzire,2024,10.04,7.02,29552,Petrol,Individual,Manual,0,1597,16.1,Mohali,Red,2
9463,Honda City,2015,16.39,1.97,100316,Petrol,Individual,Manual,0,1956,16.0,Noida,Brown,11
9464,Honda City,2017,14.37,1.72,101996,Petrol,Individual,Manual,0,1997,16.3,Chennai,Blue,9
9465,Mahindra Bolero,2022,10.94,6.75,6735,Diesel,Individual,Manual,2,2179,16.3,Noida,Blue,4
9466,Hyundai Venue,2018,11.05,1.33,85884,Petrol,Dealer,Manual,0,2755,15.9,Jaipur,White,8
9467,Renault Kwid,2019,4.69,0.98,76570,Petrol,Individual,Manual,1,2755,17.7,Lucknow,Black,7
9468,Mahindra Thar,2015,18.43,2.21,88663,Diesel,Dealer,Manual,1,2179,19.7,Chandigarh,Silver,11
9469,Nissan Magnite,2016,9.83,1.18,68861,Petrol,Dealer,Manual,1,1498,24.0,Mohali,Brown,10
9470,Hyundai Alcazar,2024,19.15,13.67,32504,Diesel,Dealer,Automatic,0,2393,14.4,Lucknow,Grey,2
9471,Maruti Fronx,2024,9.78,6.19,41271,Petrol,Dealer,Manual,3,1597,25.4,Mohali,Blue,2
9472,Mahindra XUV700,2024,26.5,18.97,20405,Diesel,Individual,Automatic,1,1997,22.5,Chandigarh,Brown,2
9473,Maruti Brezza,2025,13.35,10.14,22508,Petrol,Individual,Manual,2,1956,25.4,Delhi,Blue,1
9474,MG Hector,2018,22.25,3.61,82199,Petrol,Dealer,Automatic,0,2179,13.2,Mohali,Silver,8
9475,Maruti Baleno,2013,10.03,1.2,116125,Petrol,Individual,Manual,0,2393,21.0,Bengaluru,Silver,13
9476,Hyundai Venue,2012,10.85,1.3,94819,Petrol,Dealer,Manual,0,1497,23.7,Lucknow,Blue,14
9477,Toyota Innova Crysta,2023,26.72,15.61,50523,Diesel,Dealer,Manual,1,799,13.7,Noida,Blue,3
9478,Toyota Fortuner,2022,40.57,23.13,26008,Diesel,Dealer,Automatic,1,2393,20.2,Hyderabad,Grey,4
9479,Tata Altroz,2021,9.29,5.17,34607,Petrol,Dealer,Manual,0,2179,23.3,Lucknow,Brown,5
9480,Hyundai Grand i10,2012,7.62,0.91,110434,Petrol,Dealer,Manual,0,1997,23.0,Pune,Silver,14
9481,Maruti Ertiga,2020,10.22,3.1,50057,Petrol,Individual,Manual,1,1197,14.2,Bengaluru,Grey,6
9482,Tata Altroz,2015,10.01,1.2,101325,Petrol,Dealer,Manual,1,1956,12.6,Ludhiana,Red,11
9483,Mahindra Scorpio,2013,18.26,2.19,78774,Diesel,Dealer,Manual,0,1597,13.6,Delhi,Grey,13
9484,Jeep Compass,2012,24.7,2.96,144476,Diesel,Dealer,Automatic,0,1199,21.8,Gurugram,Red,14
9485,Maruti Wagon R,2023,6.36,4.23,24631,Petrol,Individual,Manual,1,2393,19.8,Chennai,Grey,3
9486,Maruti Baleno,2019,8.72,3.03,33914,Petrol,Dealer,Manual,1,799,19.2,Kolkata,Silver,7
9487,Jeep Compass,2014,27.48,3.3,70017,Diesel,Individual,Automatic,0,1597,14.0,Mohali,Red,12
9488,Honda Elevate,2023,14.88,6.48,80396,Petrol,Dealer,Manual,2,799,20.1,Delhi,Red,3
9489,Ford EcoSport,2015,9.42,1.13,89270,Diesel,Dealer,Manual,0,1197,20.7,Amritsar,Brown,11
9490,Volkswagen Polo,2020,7.22,3.27,28960,Petrol,Dealer,Manual,0,799,14.9,Amritsar,White,6
9491,Maruti Wagon R,2017,6.37,0.76,70907,Petrol,Individual,Manual,0,1199,21.8,Bengaluru,Blue,9
9492,Nissan Magnite,2012,9.31,1.12,93262,Petrol,Dealer,Manual,1,1197,13.7,Ludhiana,Black,14
9493,Maruti Alto,2016,4.3,0.55,72334,Petrol,Individual,Manual,0,2755,14.4,Bengaluru,Brown,10
9494,Honda City,2025,15.85,13.48,13521,Petrol,Dealer,Manual,0,2755,14.1,Hyderabad,Silver,1
9495,Volkswagen Virtus,2024,15.51,10.08,39641,Petrol,Dealer,Automatic,0,998,24.1,Mohali,White,2
9496,Honda Elevate,2019,14.55,3.05,56240,Petrol,Dealer,Manual,0,2393,25.4,Chennai,Blue,7
9497,Maruti Baleno,2019,8.89,2.6,50382,Petrol,Individual,Manual,1,1956,22.3,Mohali,Blue,7
9498,Hyundai i20,2024,10.08,7.89,23742,Petrol,Dealer,Manual,0,1497,20.9,Lucknow,Red,2
9499,Maruti Brezza,2012,12.51,1.5,117031,Petrol,Dealer,Manual,0,998,19.7,Hyderabad,Blue,14
9500,Tata Harrier,2012,18.57,2.23,82089,Diesel,Dealer,Manual,0,1956,16.0,Mumbai,Black,14
9501,MG Hector,2017,21.7,2.6,85284,Petrol,Individual,Automatic,2,998,24.3,Pune,Blue,9
9502,Toyota Innova Crysta,2021,22.39,9.42,49053,Diesel,Dealer,Manual,1,1997,23.8,Jaipur,Brown,5
9503,MG Hector,2012,22.92,2.75,121659,Petrol,Dealer,Automatic,1,1498,20.9,Delhi,Red,14
9504,Mahindra Scorpio,2016,20.76,2.49,74109,Diesel,Individual,Manual,0,799,21.5,Mohali,Red,10
9505,Maruti Ertiga,2017,12.49,1.5,86575,Petrol,Individual,Manual,1,2755,13.3,Chennai,White,9
9506,Hyundai Creta,2014,16.12,1.93,121052,Diesel,Dealer,Manual,0,1498,21.7,Gurugram,Grey,12
9507,Maruti Ciaz,2019,11.33,2.44,75575,Petrol,Dealer,Manual,0,1199,12.8,Mumbai,Blue,7
9508,Tata Punch,2019,7.94,2.59,35352,Petrol,Individual,Manual,1,1597,25.0,Ludhiana,Grey,7
9509,Volkswagen Polo,2021,7.14,3.85,42397,Petrol,Dealer,Manual,0,2755,16.6,Gurugram,Brown,5
9510,Volkswagen Virtus,2024,18.3,10.95,81014,Petrol,Dealer,Automatic,0,1956,17.6,Noida,Black,2
9511,Hyundai Venue,2020,11.13,6.25,2979,Petrol,Dealer,Manual,1,2393,16.5,Noida,Grey,6
9512,Mahindra Thar,2016,17.77,2.13,111405,Diesel,Dealer,Manual,1,2393,13.5,Amritsar,Silver,10
9513,Honda City,2014,13.4,1.61,71560,Petrol,Dealer,Manual,1,1199,24.1,Kolkata,Blue,12
9514,Toyota Glanza,2019,8.49,1.96,73565,Petrol,Dealer,Manual,0,1497,13.5,Lucknow,Grey,7
9515,Honda City,2013,16.17,1.94,88404,Petrol,Dealer,Manual,0,998,22.9,Mohali,Brown,13
9516,Mahindra Bolero,2021,8.97,3.36,64472,Diesel,Dealer,Manual,1,1199,21.5,Noida,Red,5
9517,Maruti Dzire,2022,8.87,2.9,75649,Petrol,Dealer,Manual,2,1497,16.1,Chennai,Grey,4
9518,Hyundai Alcazar,2013,19.52,2.34,92907,Diesel,Dealer,Automatic,0,1199,22.6,Mumbai,Brown,13
9519,Tata Harrier,2025,19.3,16.08,4483,Diesel,Individual,Manual,2,1997,15.1,Chennai,Red,1
9520,Toyota Fortuner,2019,45.12,16.46,33925,Diesel,Individual,Automatic,0,1197,19.9,Chennai,Silver,7
9521,Hyundai i20,2019,8.77,1.71,95505,Petrol,Dealer,Manual,1,799,14.7,Lucknow,Red,7
9522,Maruti Wagon R,2015,5.79,0.69,65291,Petrol,Individual,Manual,0,1956,18.6,Chennai,Silver,11
9523,Maruti Fronx,2022,9.78,5.79,16784,Petrol,Individual,Manual,2,1997,20.9,Mumbai,Red,4
9524,Tata Tiago,2014,6.53,0.78,128009,Petrol,Dealer,Manual,1,1997,25.0,Chennai,Red,12
9525,Maruti Brezza,2014,12.47,1.5,93287,Petrol,Individual,Manual,0,1199,20.3,Lucknow,Grey,12
9526,Maruti Baleno,2018,8.67,1.33,67614,Petrol,Dealer,Manual,1,1199,21.0,Mumbai,Red,8
9527,Maruti Swift,2015,8.05,0.97,116700,Petrol,Individual,Manual,1,1199,13.3,Chandigarh,Red,11
9528,Maruti Fronx,2022,11.04,6.96,14963,Petrol,Dealer,Manual,0,2179,20.3,Chennai,Grey,4
9529,Tata Safari,2025,23.28,19.73,33751,Diesel,Dealer,Automatic,1,2755,22.9,Amritsar,Grey,1
9530,Honda City,2024,13.37,9.28,44807,Petrol,Dealer,Manual,0,998,14.3,Ludhiana,Red,2
9531,Hyundai Venue,2019,12.55,2.06,74112,Petrol,Dealer,Manual,2,1997,16.3,Mumbai,Black,7
9532,Tata Punch,2013,9.36,1.12,84180,Petrol,Dealer,Manual,0,1197,20.8,Chennai,White,13
9533,Maruti Brezza,2025,11.33,9.92,11580,Petrol,Dealer,Manual,0,1199,14.8,Kolkata,Red,1
9534,Maruti Brezza,2017,13.39,1.61,82565,Petrol,Individual,Manual,2,2755,12.4,Gurugram,Black,9
9535,Volkswagen Virtus,2022,15.55,8.43,31184,Petrol,Dealer,Automatic,1,1199,16.3,Delhi,Silver,4
9536,Mahindra Bolero,2020,10.37,3.57,31687,Diesel,Individual,Manual,0,998,19.3,Bengaluru,Brown,6
9537,Hyundai Alcazar,2025,20.76,18.69,2500,Diesel,Dealer,Automatic,0,1199,16.3,Kolkata,Brown,1
9538,Honda City,2019,15.05,3.72,62583,Petrol,Individual,Manual,0,1197,18.7,Mohali,Grey,7
9539,Honda City,2015,14.57,1.75,107630,Petrol,Individual,Manual,0,1997,17.3,Hyderabad,Brown,11
9540,Hyundai Alcazar,2015,21.82,2.62,86715,Diesel,Individual,Automatic,3,2755,14.2,Ludhiana,Brown,11
9541,Nissan Magnite,2015,8.77,1.05,91135,Petrol,Dealer,Manual,0,2755,23.3,Noida,Red,11
9542,Maruti Dzire,2016,7.99,0.96,77826,Petrol,Individual,Manual,0,1597,23.0,Noida,Grey,10
9543,Honda Elevate,2012,17.3,2.08,132306,Petrol,Individual,Manual,0,2393,14.1,Jaipur,Grey,14
9544,Hyundai Venue,2020,11.92,2.7,76976,Petrol,Dealer,Manual,1,998,22.7,Pune,Red,6
9545,Tata Safari,2015,25.34,3.04,90345,Diesel,Individual,Automatic,0,1197,20.1,Chandigarh,Black,11
9546,Mahindra XUV700,2017,27.1,3.65,70324,Diesel,Individual,Automatic,1,1497,23.9,Mumbai,Blue,9
9547,Hyundai i20,2021,7.92,3.27,61074,Petrol,Individual,Manual,1,998,13.9,Noida,Blue,5
9548,Tata Altroz,2018,9.73,1.31,54705,Petrol,Dealer,Manual,0,1197,19.1,Pune,Grey,8
9549,Maruti Dzire,2020,9.72,3.35,47700,Petrol,Individual,Manual,1,1956,15.0,Pune,Grey,6
9550,Ford EcoSport,2018,8.51,1.44,86177,Diesel,Dealer,Manual,0,1497,13.8,Bengaluru,Grey,8
9551,Hyundai Verna,2015,13.68,1.64,118378,Petrol,Dealer,Manual,0,1199,19.7,Mumbai,Black,11
9552,Hyundai Venue,2015,12.35,1.48,80087,Petrol,Dealer,Manual,0,1199,18.2,Lucknow,Red,11
9553,Kia Sonet,2015,12.83,1.54,76569,Petrol,Individual,Manual,0,1497,24.3,Amritsar,Grey,11
9554,Honda Amaze,2013,8.95,1.07,94328,Petrol,Dealer,Manual,0,799,14.4,Delhi,Blue,13
9555,Ford EcoSport,2018,8.96,1.07,50468,Diesel,Dealer,Manual,3,1498,23.4,Ludhiana,Grey,8
9556,Renault Kiger,2022,8.77,5.32,2500,Petrol,Dealer,Manual,1,1956,25.5,Noida,Brown,4
9557,Tata Tiago,2014,7.41,0.89,120340,Petrol,Dealer,Manual,0,1956,15.7,Hyderabad,Blue,12
9558,Honda City,2019,15.74,4.27,56316,Petrol,Dealer,Manual,0,1956,23.6,Pune,Grey,7
9559,Maruti Alto,2025,4.41,3.95,7099,Petrol,Individual,Manual,1,799,16.4,Mumbai,Brown,1
9560,Tata Nexon,2024,12.41,9.15,41295,Petrol,Dealer,Manual,0,998,22.7,Mohali,White,2
9561,Maruti Fronx,2013,8.87,1.06,123303,Petrol,Dealer,Manual,2,998,21.3,Amritsar,Grey,13
9562,Volkswagen Virtus,2014,18.16,2.18,112933,Petrol,Individual,Automatic,0,1199,19.1,Mohali,Black,12
9563,Honda City,2017,16.39,1.97,102739,Petrol,Individual,Manual,0,998,17.2,Noida,Silver,9
9564,Tata Nexon,2024,11.49,7.41,20523,Petrol,Individual,Manual,3,2755,20.7,Pune,White,2
9565,Hyundai Creta,2021,17.43,6.42,54359,Diesel,Individual,Manual,1,1597,13.0,Mohali,Grey,5
9566,Tata Safari,2025,21.7,17.79,31355,Diesel,Individual,Automatic,1,1997,16.8,Mumbai,Brown,1
9567,Skoda Slavia,2012,17.05,2.05,127584,Petrol,Dealer,Automatic,1,799,23.0,Mumbai,Blue,14
9568,Maruti Alto,2015,3.79,0.55,73096,Petrol,Individual,Manual,0,1956,24.5,Bengaluru,Silver,11
9569,MG Hector,2025,19.45,17.89,2500,Petrol,Dealer,Automatic,0,1956,15.4,Chennai,Grey,1
9570,Skoda Rapid,2012,10.79,1.29,102039,Diesel,Dealer,Manual,1,1597,21.8,Hyderabad,Black,14
9571,Hyundai Alcazar,2024,23.66,19.85,2500,Diesel,Individual,Automatic,0,1497,24.6,Gurugram,Black,2
9572,Maruti Fronx,2016,10.52,1.26,96236,Petrol,Individual,Manual,0,1497,16.5,Chennai,Grey,10
9573,Honda Amaze,2019,8.85,1.41,88475,Petrol,Dealer,Manual,2,799,23.6,Kolkata,White,7
9574,Maruti Swift,2022,8.63,4.52,55597,Petrol,Dealer,Manual,0,2755,12.7,Chennai,White,4
9575,Maruti Dzire,2017,9.55,1.15,67305,Petrol,Individual,Manual,1,1199,19.5,Gurugram,Silver,9
9576,Toyota Fortuner,2022,40.68,23.2,23545,Diesel,Dealer,Automatic,0,799,14.1,Lucknow,Brown,4
9577,Tata Altroz,2023,9.82,7.28,21525,Petrol,Dealer,Manual,0,2755,24.8,Chennai,Black,3
9578,Renault Kwid,2015,4.59,0.55,98745,Petrol,Individual,Manual,1,1498,13.4,Lucknow,Black,11
9579,Toyota Fortuner,2025,40.6,31.99,13774,Diesel,Individual,Automatic,2,1956,21.9,Noida,Silver,1
9580,Tata Safari,2019,21.7,3.2,69646,Diesel,Dealer,Automatic,2,1498,20.2,Bengaluru,Blue,7
9581,Ford EcoSport,2014,9.41,1.13,73401,Diesel,Individual,Manual,0,1199,20.5,Ludhiana,Brown,12
9582,Honda Amaze,2020,9.65,3.16,59647,Petrol,Dealer,Manual,1,1197,15.2,Chennai,Brown,6
9583,Volkswagen Polo,2024,8.71,6.57,33516,Petrol,Individual,Manual,0,1597,16.1,Gurugram,Red,2
9584,Ford EcoSport,2025,10.56,8.53,19005,Diesel,Dealer,Manual,1,2755,21.7,Bengaluru,Blue,1
9585,Volkswagen Virtus,2012,17.76,2.13,102175,Petrol,Dealer,Automatic,0,2755,15.9,Lucknow,Brown,14
9586,Tata Safari,2013,25.45,3.05,141534,Diesel,Dealer,Automatic,0,1199,17.4,Gurugram,Blue,13
9587,Maruti Fronx,2016,10.63,1.28,76410,Petrol,Dealer,Manual,1,2755,16.1,Ludhiana,Red,10
9588,Hyundai Grand i10,2013,6.55,0.79,84098,Petrol,Individual,Manual,0,998,25.0,Kolkata,Grey,13
9589,Tata Altroz,2021,9.5,4.73,50235,Petrol,Individual,Manual,1,1199,14.2,Mohali,Black,5
9590,Hyundai Verna,2014,13.83,1.66,89043,Petrol,Individual,Manual,2,1497,19.5,Ludhiana,White,12
9591,Hyundai Alcazar,2023,24.03,13.34,45385,Diesel,Individual,Automatic,0,2179,25.0,Ludhiana,Brown,3
9592,Volkswagen Polo,2012,8.89,1.07,89289,Petrol,Dealer,Manual,0,998,25.0,Lucknow,White,14
9593,Toyota Fortuner,2015,36.35,4.36,107458,Diesel,Dealer,Automatic,0,1956,16.2,Pune,Blue,11
9594,Hyundai Verna,2016,15.96,1.92,87917,Petrol,Individual,Manual,0,2179,17.4,Lucknow,White,10
9595,Honda Amaze,2017,10.08,1.21,91857,Petrol,Dealer,Manual,0,1956,23.8,Lucknow,Brown,9
9596,Toyota Glanza,2018,9.48,1.68,63302,Petrol,Individual,Manual,0,799,13.2,Chandigarh,Brown,8
9597,Volkswagen Virtus,2016,16.71,2.51,42280,Petrol,Dealer,Automatic,0,1597,21.0,Hyderabad,Grey,10
9598,Honda City,2024,16.74,13.98,12441,Petrol,Individual,Manual,0,1199,18.9,Lucknow,Black,2
9599,Hyundai Grand i10,2014,6.71,0.8,63396,Petrol,Dealer,Manual,0,1956,13.4,Hyderabad,Red,12
9600,Maruti Brezza,2018,12.31,2.3,75752,Petrol,Individual,Manual,0,1197,19.3,Amritsar,White,8
9601,Maruti Ciaz,2014,11.91,1.43,91193,Petrol,Dealer,Manual,0,2179,23.5,Noida,Grey,12
9602,Hyundai i20,2024,8.25,6.24,2500,Petrol,Individual,Manual,2,1497,16.5,Amritsar,Blue,2
9603,Maruti Wagon R,2018,5.53,0.66,75333,Petrol,Individual,Manual,0,1497,14.0,Gurugram,White,8
9604,Kia Sonet,2022,11.52,7.86,2500,Petrol,Dealer,Manual,1,2179,19.6,Kolkata,Grey,4
9605,Hyundai Venue,2017,12.09,2.37,49728,Petrol,Individual,Manual,0,1597,23.9,Pune,Grey,9
9606,Honda Elevate,2014,14.7,1.76,68558,Petrol,Dealer,Manual,1,1197,19.9,Mumbai,Red,12
9607,Tata Nexon,2016,10.67,1.28,95614,Petrol,Dealer,Manual,2,1498,20.5,Jaipur,Brown,10
9608,Toyota Glanza,2018,9.28,1.59,75873,Petrol,Dealer,Manual,0,1597,22.2,Ludhiana,Black,8
9609,Maruti Dzire,2020,8.91,3.8,48291,Petrol,Dealer,Manual,0,2393,15.6,Ludhiana,Black,6
9610,Ford EcoSport,2012,10.31,1.24,138084,Diesel,Individual,Manual,1,1956,12.9,Amritsar,White,14
9611,Maruti Wagon R,2013,6.09,0.73,118014,Petrol,Individual,Manual,0,2179,23.0,Lucknow,Black,13
9612,Toyota Glanza,2022,9.14,4.51,60876,Petrol,Dealer,Manual,0,1497,21.7,Mumbai,Grey,4
9613,Maruti Fronx,2016,9.3,1.12,83540,Petrol,Dealer,Manual,1,2755,22.1,Delhi,Black,10
9614,Renault Kiger,2021,10.06,4.55,59620,Petrol,Dealer,Manual,0,1498,23.2,Mumbai,Red,5
9615,Mahindra Thar,2020,18.78,7.71,35793,Diesel,Dealer,Manual,2,1199,18.6,Chandigarh,Grey,6
9616,Hyundai Creta,2014,18.36,2.2,111558,Diesel,Dealer,Manual,1,1498,13.4,Kolkata,Red,12
9617,Maruti Alto,2019,3.71,0.58,94126,Petrol,Individual,Manual,1,1597,18.4,Noida,White,7
9618,Mahindra XUV700,2014,23.14,2.78,109217,Diesel,Dealer,Automatic,0,2393,19.1,Chennai,Blue,12
9619,Nissan Magnite,2024,9.83,7.23,23717,Petrol,Dealer,Manual,1,1199,23.9,Gurugram,Blue,2
9620,Maruti Brezza,2025,13.32,9.95,39724,Petrol,Dealer,Manual,0,1199,12.1,Chandigarh,Black,1
9621,Maruti Ciaz,2023,12.71,7.6,37019,Petrol,Dealer,Manual,0,1197,23.6,Bengaluru,Black,3
9622,Kia Seltos,2019,15.93,4.82,42181,Diesel,Individual,Manual,0,998,24.5,Bengaluru,White,7
9623,Honda City,2013,15.11,1.81,82213,Petrol,Dealer,Manual,0,1997,18.8,Chennai,Red,13
9624,Hyundai Venue,2016,10.95,1.31,101763,Petrol,Dealer,Manual,1,1597,19.3,Chennai,Silver,10
9625,Toyota Fortuner,2014,44.08,5.29,123033,Diesel,Individual,Automatic,0,2755,24.2,Amritsar,Grey,12
9626,Maruti Baleno,2014,8.84,1.06,131527,Petrol,Individual,Manual,0,799,19.1,Chandigarh,Black,12
9627,Renault Kwid,2020,4.76,1.0,89462,Petrol,Dealer,Manual,1,998,22.7,Kolkata,Silver,6
9628,Tata Punch,2021,8.0,4.29,2500,Petrol,Individual,Manual,1,1997,24.3,Gurugram,Blue,5
9629,Toyota Fortuner,2023,37.8,29.84,21677,Diesel,Dealer,Automatic,0,2393,16.2,Chandigarh,Grey,3
9630,Tata Tiago,2020,6.78,2.0,77800,Petrol,Dealer,Manual,0,2755,20.6,Chennai,Grey,6
9631,Tata Safari,2025,23.53,19.71,15751,Diesel,Individual,Automatic,1,2755,21.3,Pune,Red,1
9632,Skoda Slavia,2013,18.22,2.19,96693,Petrol,Dealer,Automatic,0,1497,21.1,Noida,Blue,13
9633,Toyota Fortuner,2019,39.43,11.33,62510,Diesel,Dealer,Automatic,0,799,19.0,Gurugram,Brown,7
9634,Tata Punch,2020,9.54,3.39,54675,Petrol,Individual,Manual,0,1199,17.4,Mumbai,White,6
9635,Renault Kiger,2016,9.87,1.18,59050,Petrol,Dealer,Manual,0,1997,12.6,Mumbai,Black,10
9636,Mahindra Bolero,2016,10.99,1.32,78120,Diesel,Individual,Manual,0,1956,23.9,Kolkata,Blue,10
9637,Maruti Fronx,2022,9.61,5.67,35174,Petrol,Dealer,Manual,0,1997,12.8,Gurugram,Silver,4
9638,Tata Harrier,2019,19.53,4.67,62395,Diesel,Individual,Manual,1,2755,12.6,Bengaluru,Brown,7
9639,Tata Tiago,2013,7.25,0.87,112757,Petrol,Dealer,Manual,0,799,17.5,Ludhiana,Black,13
9640,Tata Altroz,2025,8.94,7.99,2500,Petrol,Dealer,Manual,0,998,22.5,Ludhiana,Blue,1
9641,Toyota Innova Crysta,2017,25.01,3.0,58424,Diesel,Dealer,Manual,1,2179,17.1,Pune,Blue,9
9642,Hyundai Alcazar,2025,22.19,20.53,13218,Diesel,Individual,Automatic,0,1956,23.7,Mohali,Red,1
9643,Tata Nexon,2017,12.96,1.91,60590,Petrol,Individual,Manual,0,1199,25.2,Mohali,Red,9
9644,Honda Amaze,2017,8.79,1.05,78355,Petrol,Individual,Manual,1,998,25.1,Jaipur,Grey,9
9645,Jeep Compass,2023,24.19,15.19,49111,Diesel,Individual,Automatic,0,1199,20.0,Mohali,Red,3
9646,Maruti Dzire,2023,8.96,6.53,15118,Petrol,Dealer,Manual,0,2179,19.3,Chandigarh,Silver,3
9647,Kia Sonet,2014,12.63,1.52,119512,Petrol,Individual,Manual,0,2755,24.7,Ludhiana,Black,12
9648,Nissan Magnite,2019,9.01,1.77,67309,Petrol,Individual,Manual,1,1997,24.9,Mumbai,Red,7
9649,MG Hector,2017,19.83,2.38,71512,Petrol,Dealer,Automatic,0,1956,17.4,Hyderabad,Silver,9
9650,Maruti Ciaz,2012,12.68,1.52,103239,Petrol,Dealer,Manual,0,799,12.1,Hyderabad,Brown,14
9651,Renault Kiger,2020,8.1,3.2,59867,Petrol,Dealer,Manual,0,1498,24.2,Lucknow,Black,6
9652,Maruti Wagon R,2022,5.48,2.72,54031,Petrol,Dealer,Manual,0,799,15.3,Chennai,Silver,4
9653,Maruti Dzire,2024,8.45,6.8,2500,Petrol,Dealer,Manual,1,2755,16.2,Kolkata,Blue,2
9654,Honda City,2012,13.28,1.59,83258,Petrol,Individual,Manual,1,2179,19.0,Amritsar,Red,14
9655,Toyota Glanza,2025,9.05,7.53,19128,Petrol,Individual,Manual,0,998,20.6,Gurugram,Silver,1
9656,Hyundai Grand i10,2018,6.42,0.77,77685,Petrol,Dealer,Manual,0,1597,13.1,Gurugram,Blue,8
9657,Jeep Compass,2023,24.75,15.61,35432,Diesel,Individual,Automatic,0,1197,16.7,Mohali,Silver,3
9658,Toyota Fortuner,2021,42.73,15.54,80042,Diesel,Individual,Automatic,0,1197,24.6,Chennai,Silver,5
9659,Maruti Swift,2019,8.36,2.12,61841,Petrol,Dealer,Manual,0,1997,13.8,Gurugram,Grey,7
9660,Hyundai i20,2016,8.92,1.07,78848,Petrol,Individual,Manual,1,2179,17.8,Pune,Brown,10
9661,Tata Punch,2018,8.55,2.29,48801,Petrol,Individual,Manual,0,1199,24.2,Noida,Silver,8
9662,Honda Elevate,2013,14.54,1.74,143557,Petrol,Individual,Manual,1,1497,20.4,Delhi,Silver,13
9663,Maruti Swift,2014,8.74,1.05,125001,Petrol,Dealer,Manual,1,1197,15.5,Bengaluru,Red,12
9664,Hyundai Verna,2018,15.86,2.58,101849,Petrol,Dealer,Manual,0,2179,24.1,Pune,Silver,8
9665,Toyota Innova Crysta,2025,23.08,18.53,43692,Diesel,Individual,Manual,0,2179,17.8,Chennai,Red,1
9666,Tata Punch,2015,8.25,0.99,135722,Petrol,Individual,Manual,0,1197,19.3,Delhi,Brown,11
9667,Skoda Slavia,2014,15.91,1.91,107581,Petrol,Dealer,Automatic,1,1997,20.6,Chandigarh,Blue,12
9668,Hyundai Verna,2021,13.87,6.92,49436,Petrol,Dealer,Manual,0,2393,13.2,Bengaluru,Red,5
9669,Hyundai Creta,2017,17.06,2.05,78574,Diesel,Dealer,Manual,0,2755,15.9,Delhi,Grey,9
9670,Maruti Ciaz,2012,10.22,1.23,109335,Petrol,Dealer,Manual,0,998,22.2,Chennai,Blue,14
9671,Hyundai Alcazar,2025,21.46,19.18,13138,Diesel,Dealer,Automatic,0,2179,22.3,Ludhiana,Red,1
9672,Toyota Glanza,2024,9.91,8.25,2500,Petrol,Dealer,Manual,0,1199,23.1,Pune,Silver,2
9673,Renault Kiger,2020,9.58,3.85,58789,Petrol,Dealer,Manual,0,998,20.1,Delhi,Blue,6
9674,Tata Harrier,2024,18.54,11.18,59447,Diesel,Dealer,Manual,2,1497,14.8,Chennai,Brown,2
9675,Tata Altroz,2023,9.78,6.64,14364,Petrol,Dealer,Manual,0,1956,24.8,Hyderabad,Black,3
9676,Nissan Magnite,2019,9.9,2.34,83271,Petrol,Dealer,Manual,0,799,20.2,Chennai,White,7
9677,Hyundai i20,2024,8.52,5.57,44119,Petrol,Individual,Manual,1,1197,21.5,Lucknow,Red,2
9678,Hyundai Verna,2025,15.05,11.55,33439,Petrol,Individual,Manual,3,1497,23.8,Mohali,Blue,1
9679,Renault Kiger,2017,9.13,1.1,80319,Petrol,Individual,Manual,0,1997,24.0,Gurugram,Red,9
9680,Mahindra XUV700,2015,24.84,2.98,72476,Diesel,Dealer,Automatic,3,1956,12.8,Kolkata,Black,11
9681,Maruti Ertiga,2017,10.99,1.32,51259,Petrol,Individual,Manual,0,2755,12.1,Gurugram,Black,9
9682,Tata Harrier,2022,20.57,14.01,18098,Diesel,Dealer,Manual,0,1597,19.5,Noida,Grey,4
9683,Kia Seltos,2016,18.41,2.21,95179,Diesel,Dealer,Manual,0,998,24.4,Noida,Blue,10
9684,Honda Amaze,2019,8.92,1.53,83971,Petrol,Individual,Manual,0,799,15.5,Pune,Brown,7
9685,Maruti Alto,2014,4.58,0.55,107524,Petrol,Dealer,Manual,0,1199,18.2,Chandigarh,Red,12
9686,Tata Nexon,2019,11.32,1.65,86200,Petrol,Individual,Manual,2,1197,25.3,Gurugram,Red,7
9687,Nissan Magnite,2021,8.86,4.28,34381,Petrol,Dealer,Manual,1,2179,13.0,Chandigarh,White,5
9688,Nissan Magnite,2025,8.07,7.0,23874,Petrol,Dealer,Manual,1,2393,22.0,Chennai,Grey,1
9689,Toyota Fortuner,2018,37.19,6.7,62470,Diesel,Individual,Automatic,0,2179,17.6,Gurugram,Grey,8
9690,Hyundai i20,2012,8.5,1.02,119172,Petrol,Dealer,Manual,1,2179,19.4,Chennai,White,14
9691,Hyundai i20,2022,9.06,4.55,60355,Petrol,Dealer,Manual,0,2393,18.6,Ludhiana,Blue,4
9692,Tata Safari,2012,22.93,2.75,93213,Diesel,Dealer,Automatic,0,998,13.3,Amritsar,White,14
9693,Ford EcoSport,2020,8.48,2.69,31987,Diesel,Dealer,Manual,2,2393,14.1,Noida,Red,6
9694,Honda City,2020,15.53,3.82,98051,Petrol,Dealer,Manual,1,2393,17.8,Noida,White,6
9695,Maruti Alto,2022,4.27,1.89,72311,Petrol,Individual,Manual,0,998,21.7,Pune,Red,4
9696,Renault Kiger,2012,9.7,1.16,142642,Petrol,Dealer,Manual,0,1197,16.7,Hyderabad,Red,14
9697,Mahindra Scorpio,2018,18.44,2.21,69053,Diesel,Dealer,Manual,0,2755,16.6,Mohali,Brown,8
9698,Skoda Slavia,2015,18.16,2.18,110138,Petrol,Dealer,Automatic,0,998,18.6,Delhi,Black,11
9699,Hyundai Venue,2012,11.84,1.42,133680,Petrol,Individual,Manual,1,1597,12.5,Mumbai,Blue,14
9700,Maruti Swift,2022,7.83,3.63,61021,Petrol,Individual,Manual,0,2179,15.2,Amritsar,Brown,4
9701,Hyundai Venue,2023,11.44,7.62,27047,Petrol,Individual,Manual,1,1497,13.9,Chandigarh,Silver,3
9702,Toyota Innova Crysta,2025,27.56,18.99,52686,Diesel,Dealer,Manual,1,799,12.6,Mumbai,White,1
9703,Hyundai Venue,2012,13.11,1.57,106602,Petrol,Individual,Manual,0,998,24.2,Mumbai,Grey,14
9704,Honda Amaze,2018,9.69,1.29,75870,Petrol,Dealer,Manual,1,1199,21.9,Jaipur,Blue,8
9705,Tata Tiago,2016,7.34,0.88,82241,Petrol,Individual,Manual,0,1956,15.5,Chennai,Grey,10
9706,Tata Tiago,2016,7.22,0.87,79635,Petrol,Dealer,Manual,1,1956,24.0,Noida,Silver,10
9707,Maruti Ertiga,2013,11.31,1.36,138734,Petrol,Individual,Manual,1,1498,14.3,Amritsar,Red,13
9708,Tata Nexon,2024,12.93,9.84,42808,Petrol,Dealer,Manual,0,1199,19.8,Hyderabad,Brown,2
9709,Mahindra Scorpio,2017,21.06,2.53,85243,Diesel,Individual,Manual,0,2755,13.4,Hyderabad,White,9
9710,Honda City,2015,16.3,1.96,129626,Petrol,Individual,Manual,3,1956,15.2,Lucknow,Black,11
9711,Honda Elevate,2020,16.87,6.73,39690,Petrol,Dealer,Manual,1,2179,25.2,Lucknow,Brown,6
9712,Hyundai i20,2015,9.7,1.16,62001,Petrol,Individual,Manual,0,1956,22.2,Chandigarh,Grey,11
9713,Tata Safari,2014,26.24,3.15,62785,Diesel,Individual,Automatic,0,1956,16.9,Mumbai,White,12
9714,Maruti Dzire,2024,8.09,6.25,6322,Petrol,Dealer,Manual,1,998,25.5,Mohali,Brown,2
9715,Maruti Baleno,2020,9.1,3.18,42402,Petrol,Individual,Manual,2,1997,14.7,Jaipur,Grey,6
9716,Mahindra Thar,2018,18.31,2.2,91188,Diesel,Dealer,Manual,1,1997,22.0,Noida,White,8
9717,Honda Amaze,2023,8.03,3.54,65094,Petrol,Individual,Manual,2,1997,23.1,Ludhiana,Red,3
9718,Maruti Fronx,2017,10.88,1.49,57754,Petrol,Dealer,Manual,0,2755,16.4,Mumbai,White,9
9719,Maruti Baleno,2017,8.38,1.01,47302,Petrol,Dealer,Manual,0,1197,20.0,Hyderabad,Blue,9
9720,Maruti Dzire,2014,8.24,0.99,105725,Petrol,Dealer,Manual,0,1498,12.0,Kolkata,Red,12
9721,Maruti Brezza,2021,11.97,5.16,60067,Petrol,Dealer,Manual,0,1197,24.2,Lucknow,Red,5
9722,Hyundai Alcazar,2022,20.09,14.11,3782,Diesel,Dealer,Automatic,0,2755,20.4,Ludhiana,Grey,4
9723,Toyota Fortuner,2021,43.38,17.57,60728,Diesel,Dealer,Automatic,0,998,16.4,Noida,Red,5
9724,Volkswagen Polo,2025,7.35,6.04,2500,Petrol,Individual,Manual,2,1197,24.0,Delhi,Blue,1
9725,Jeep Compass,2012,26.6,3.19,110176,Diesel,Dealer,Automatic,1,799,14.4,Amritsar,Red,14
9726,Renault Kiger,2020,9.09,2.85,53699,Petrol,Dealer,Manual,0,1956,21.0,Amritsar,Brown,6
9727,Maruti Fronx,2014,10.0,1.2,111488,Petrol,Dealer,Manual,0,1197,22.4,Hyderabad,Red,12
9728,Maruti Baleno,2020,10.01,3.78,34648,Petrol,Dealer,Manual,0,998,17.7,Mumbai,Grey,6
9729,Maruti Baleno,2022,8.21,4.96,19930,Petrol,Individual,Manual,0,1956,23.0,Mumbai,Red,4
9730,Renault Kiger,2022,7.97,3.19,60575,Petrol,Dealer,Manual,3,1956,13.1,Hyderabad,Blue,4
9731,Maruti Ertiga,2019,12.34,1.97,69992,Petrol,Individual,Manual,2,1956,24.7,Delhi,Blue,7
9732,Jeep Compass,2020,28.99,9.31,53069,Diesel,Dealer,Automatic,1,1956,15.6,Noida,Blue,6
9733,Toyota Fortuner,2025,43.12,37.28,9579,Diesel,Dealer,Automatic,1,1197,16.8,Mohali,Silver,1
9734,Maruti Baleno,2024,8.04,5.49,64186,Petrol,Individual,Manual,0,1497,20.5,Gurugram,Blue,2
9735,Mahindra Scorpio,2012,21.77,2.61,102808,Diesel,Individual,Manual,0,998,20.1,Chennai,Red,14
9736,Honda Amaze,2025,9.86,7.57,31708,Petrol,Individual,Manual,0,1597,14.8,Chennai,Red,1
9737,Hyundai Creta,2024,18.21,12.19,32316,Diesel,Dealer,Manual,2,1997,16.5,Jaipur,Brown,2
9738,Mahindra XUV700,2013,28.91,3.47,78763,Diesel,Dealer,Automatic,0,1597,20.6,Pune,White,13
9739,Maruti Swift,2025,7.56,6.55,10545,Petrol,Individual,Manual,1,2393,15.0,Kolkata,Grey,1
9740,Maruti Wagon R,2012,6.46,0.77,113037,Petrol,Dealer,Manual,0,1956,22.9,Delhi,Brown,14
9741,Toyota Fortuner,2016,43.04,5.16,92223,Diesel,Individual,Automatic,0,998,14.6,Mumbai,White,10
9742,Renault Kiger,2024,7.96,5.2,49063,Petrol,Dealer,Manual,1,1497,20.8,Ludhiana,Blue,2
9743,Honda Amaze,2018,8.57,2.72,27199,Petrol,Dealer,Manual,0,1997,15.7,Bengaluru,White,8
9744,Tata Nexon,2020,11.6,5.3,36949,Petrol,Dealer,Manual,0,998,20.9,Mumbai,Grey,6
9745,Honda City,2018,14.2,3.26,49212,Petrol,Dealer,Manual,0,1197,19.9,Lucknow,Grey,8
9746,Tata Harrier,2015,21.72,2.61,78039,Diesel,Individual,Manual,0,1597,20.0,Amritsar,Red,11
9747,Maruti Ciaz,2025,10.88,7.72,26455,Petrol,Individual,Manual,2,2393,22.1,Lucknow,Red,1
9748,Maruti Dzire,2018,9.23,1.11,82309,Petrol,Dealer,Manual,0,1597,25.1,Mohali,Brown,8
9749,Honda City,2025,15.07,12.33,3555,Petrol,Dealer,Manual,2,1199,16.4,Hyderabad,Silver,1
9750,Hyundai Grand i10,2022,7.17,3.66,33792,Petrol,Dealer,Manual,0,1197,25.2,Gurugram,Black,4
9751,Toyota Innova Crysta,2015,22.47,2.7,39612,Diesel,Dealer,Manual,1,1498,13.5,Bengaluru,Black,11
9752,Renault Kwid,2019,4.64,0.56,68001,Petrol,Dealer,Manual,2,1597,17.0,Kolkata,White,7
9753,Maruti Dzire,2012,9.86,1.18,124791,Petrol,Dealer,Manual,0,2755,22.2,Bengaluru,White,14
9754,Kia Sonet,2016,13.81,1.66,101472,Petrol,Individual,Manual,0,2755,18.5,Delhi,Brown,10
9755,Jeep Compass,2012,26.64,3.2,152496,Diesel,Dealer,Automatic,0,1956,20.9,Chandigarh,Red,14
9756,Honda City,2017,15.58,1.87,66343,Petrol,Dealer,Manual,1,1597,20.2,Noida,Brown,9
9757,Renault Kiger,2015,8.94,1.07,82846,Petrol,Individual,Manual,0,799,15.5,Gurugram,Grey,11
9758,Hyundai Grand i10,2022,6.36,4.11,24512,Petrol,Individual,Manual,0,998,24.1,Pune,Silver,4
9759,Tata Harrier,2023,19.24,10.47,70192,Diesel,Dealer,Manual,0,2393,15.7,Ludhiana,Brown,3
9760,Tata Punch,2018,10.0,1.2,62385,Petrol,Dealer,Manual,2,1956,16.6,Hyderabad,White,8
9761,Honda City,2022,16.03,9.31,43180,Petrol,Dealer,Manual,0,2755,12.3,Amritsar,Silver,4
9762,Honda City,2022,13.4,8.23,27854,Petrol,Dealer,Manual,1,1956,25.0,Noida,White,4
9763,Maruti Ertiga,2013,12.17,1.46,107945,Petrol,Individual,Manual,2,998,24.8,Gurugram,Brown,13
9764,Maruti Wagon R,2022,6.13,3.72,39459,Petrol,Dealer,Manual,0,1956,19.0,Ludhiana,Red,4
9765,Maruti Ertiga,2024,11.3,7.21,46628,Petrol,Dealer,Manual,1,1197,24.2,Noida,Black,2
9766,Maruti Baleno,2025,7.97,7.22,17373,Petrol,Individual,Manual,1,2393,16.2,Hyderabad,Grey,1
9767,MG Hector,2022,21.1,9.94,46854,Petrol,Dealer,Automatic,3,1197,18.7,Delhi,Blue,4
9768,Honda Amaze,2014,9.75,1.17,133401,Petrol,Individual,Manual,0,1497,15.1,Mumbai,Silver,12
9769,Hyundai i20,2025,8.96,7.07,42532,Petrol,Individual,Manual,1,1197,21.0,Chandigarh,Red,1
9770,Hyundai Creta,2024,16.59,12.72,29860,Diesel,Individual,Manual,0,1956,15.2,Gurugram,Red,2
9771,Maruti Ciaz,2023,12.65,7.7,57103,Petrol,Dealer,Manual,0,1498,20.6,Chandigarh,Grey,3
9772,Hyundai Grand i10,2017,6.87,1.44,39168,Petrol,Dealer,Manual,0,1199,22.1,Noida,Red,9
9773,Hyundai Alcazar,2016,22.03,2.64,93068,Diesel,Dealer,Automatic,1,1597,19.2,Mohali,Grey,10
9774,Volkswagen Polo,2022,8.39,4.93,39542,Petrol,Dealer,Manual,0,1199,17.8,Noida,Brown,4
9775,Mahindra XUV700,2019,26.58,6.74,84982,Diesel,Dealer,Automatic,0,2179,21.2,Bengaluru,Blue,7
9776,Tata Harrier,2020,18.51,3.13,64527,Diesel,Individual,Manual,3,1997,16.2,Mumbai,Red,6
9777,Hyundai Alcazar,2017,19.74,3.43,29248,Diesel,Dealer,Automatic,1,2179,17.7,Lucknow,Black,9
9778,Tata Safari,2019,21.3,6.44,56837,Diesel,Individual,Automatic,0,2179,15.8,Delhi,Red,7
9779,Toyota Fortuner,2021,39.18,16.38,25342,Diesel,Dealer,Automatic,1,2755,18.2,Lucknow,Red,5
9780,Hyundai Grand i10,2012,7.52,0.9,104354,Petrol,Individual,Manual,3,1497,12.8,Bengaluru,White,14
9781,Toyota Innova Crysta,2020,23.54,8.09,67496,Diesel,Individual,Manual,0,1197,17.1,Ludhiana,Grey,6
9782,Honda Amaze,2012,9.24,1.11,110155,Petrol,Dealer,Manual,1,2755,15.2,Mumbai,Grey,14
9783,Maruti Dzire,2017,8.83,1.06,60607,Petrol,Individual,Manual,1,1498,13.0,Mumbai,Black,9
9784,Hyundai Grand i10,2023,7.44,5.37,7039,Petrol,Dealer,Manual,0,1997,23.5,Mohali,Blue,3
9785,Toyota Glanza,2013,9.67,1.16,108482,Petrol,Dealer,Manual,0,1197,12.3,Chennai,Blue,13
9786,Tata Nexon,2021,12.4,5.23,64378,Petrol,Dealer,Manual,0,799,22.3,Kolkata,Black,5
9787,Hyundai Creta,2023,15.02,11.96,2500,Diesel,Individual,Manual,1,1597,21.1,Kolkata,White,3
9788,Tata Punch,2024,9.12,6.94,4389,Petrol,Individual,Manual,1,1197,15.4,Jaipur,Blue,2
9789,Maruti Wagon R,2022,6.18,4.45,3679,Petrol,Dealer,Manual,0,1597,24.6,Noida,Grey,4
9790,Honda City,2015,15.48,1.86,96796,Petrol,Individual,Manual,1,998,12.3,Pune,Blue,11
9791,Tata Altroz,2023,8.29,4.1,62921,Petrol,Dealer,Manual,0,998,22.0,Mumbai,Grey,3
9792,Maruti Baleno,2021,9.33,4.26,54510,Petrol,Dealer,Manual,0,1197,20.9,Chennai,Black,5
9793,Kia Seltos,2012,15.81,1.9,104519,Diesel,Dealer,Manual,2,799,14.8,Noida,Silver,14
9794,Skoda Slavia,2016,17.38,2.09,45687,Petrol,Individual,Automatic,0,1956,25.4,Amritsar,Red,10
9795,Hyundai Alcazar,2014,22.0,2.64,102375,Diesel,Individual,Automatic,0,2179,24.5,Bengaluru,Red,12
9796,Mahindra Scorpio,2022,18.83,8.48,53259,Diesel,Dealer,Manual,3,1199,24.0,Mumbai,Red,4
9797,Maruti Fronx,2012,9.19,1.1,113517,Petrol,Dealer,Manual,0,799,20.5,Jaipur,Red,14
9798,Nissan Magnite,2014,9.25,1.11,61450,Petrol,Individual,Manual,0,1497,23.7,Lucknow,Brown,12
9799,Renault Kiger,2023,8.64,5.68,24188,Petrol,Individual,Manual,0,1997,17.3,Lucknow,Silver,3
9800,Maruti Ertiga,2019,12.61,2.77,54171,Petrol,Dealer,Manual,0,998,25.4,Ludhiana,Grey,7
9801,Honda Elevate,2018,16.43,2.92,73184,Petrol,Individual,Manual,0,2755,22.1,Ludhiana,Blue,8
9802,Maruti Baleno,2025,8.13,6.13,49258,Petrol,Individual,Manual,0,2179,23.9,Bengaluru,Blue,1
9803,Toyota Innova Crysta,2024,27.67,19.27,32674,Diesel,Dealer,Manual,2,998,20.0,Mohali,Blue,2
9804,Toyota Fortuner,2022,40.7,15.93,92764,Diesel,Individual,Automatic,2,1498,24.4,Mohali,Grey,4
9805,Maruti Baleno,2015,8.18,0.98,82514,Petrol,Dealer,Manual,1,998,21.2,Mohali,Grey,11
9806,Maruti Wagon R,2023,6.28,2.7,86398,Petrol,Dealer,Manual,0,1497,13.0,Mumbai,Silver,3
9807,Maruti Wagon R,2013,5.49,0.66,135360,Petrol,Dealer,Manual,1,2755,21.5,Bengaluru,Black,13
9808,Tata Nexon,2020,11.02,4.42,54525,Petrol,Dealer,Manual,0,1497,15.3,Mumbai,White,6
9809,Maruti Wagon R,2021,6.18,3.04,38547,Petrol,Individual,Manual,1,2179,14.5,Lucknow,Silver,5
9810,Maruti Fronx,2018,9.58,1.15,85555,Petrol,Dealer,Manual,0,1197,14.8,Bengaluru,Red,8
9811,Kia Sonet,2023,12.39,8.39,43141,Petrol,Dealer,Manual,0,998,23.4,Ludhiana,Silver,3
9812,Mahindra Bolero,2024,10.34,9.2,14548,Diesel,Individual,Manual,0,1956,12.8,Lucknow,Blue,2
9813,Mahindra Scorpio,2015,22.2,2.66,78404,Diesel,Dealer,Manual,1,799,13.1,Pune,Black,11
9814,Tata Punch,2022,9.47,6.58,16934,Petrol,Dealer,Manual,0,1956,12.4,Gurugram,Brown,4
9815,Hyundai Creta,2018,15.83,1.9,82302,Diesel,Dealer,Manual,1,2393,22.0,Chandigarh,Red,8
9816,Nissan Magnite,2024,8.95,7.32,14984,Petrol,Individual,Manual,0,1197,24.2,Mohali,Black,2
9817,Tata Harrier,2015,18.42,2.21,86128,Diesel,Individual,Manual,0,1956,12.6,Bengaluru,Red,11
9818,Mahindra Thar,2018,18.64,2.24,74585,Diesel,Dealer,Manual,1,1997,23.1,Mumbai,Grey,8
9819,Kia Seltos,2014,16.77,2.01,79274,Diesel,Dealer,Manual,0,1197,14.5,Chandigarh,Grey,12
9820,Tata Tiago,2018,6.4,1.0,61106,Petrol,Dealer,Manual,1,2755,13.4,Gurugram,Silver,8
9821,Tata Nexon,2018,11.87,1.42,76453,Petrol,Dealer,Manual,2,998,17.4,Bengaluru,Red,8
9822,Maruti Dzire,2025,7.96,6.82,23017,Petrol,Individual,Manual,1,2179,22.4,Kolkata,Black,1
9823,Tata Tiago,2015,6.9,0.83,87077,Petrol,Individual,Manual,0,2393,15.9,Jaipur,Grey,11
9824,Tata Nexon,2012,13.15,1.58,111043,Petrol,Individual,Manual,0,1956,12.7,Jaipur,Brown,14
9825,Hyundai i20,2024,7.99,6.14,19891,Petrol,Individual,Manual,1,1597,24.5,Noida,Silver,2
9826,Hyundai Venue,2019,11.01,2.93,58919,Petrol,Dealer,Manual,1,1997,16.7,Gurugram,Brown,7
9827,Tata Harrier,2025,18.78,13.06,68468,Diesel,Individual,Manual,1,2393,20.8,Bengaluru,Brown,1
9828,Maruti Swift,2024,7.35,5.46,36396,Petrol,Individual,Manual,1,1497,21.9,Kolkata,Brown,2
9829,Maruti Baleno,2023,8.63,6.77,2500,Petrol,Individual,Manual,0,2393,17.8,Mumbai,White,3
9830,Jeep Compass,2025,27.51,21.65,41835,Diesel,Dealer,Automatic,0,2179,23.4,Noida,White,1
9831,Maruti Alto,2025,4.13,3.42,40049,Petrol,Dealer,Manual,0,1997,18.9,Pune,Grey,1
9832,Honda Amaze,2012,8.66,1.04,145665,Petrol,Dealer,Manual,0,1597,14.3,Gurugram,Grey,14
9833,Toyota Innova Crysta,2012,23.44,2.81,49958,Diesel,Dealer,Manual,1,1497,19.8,Delhi,Brown,14
9834,Hyundai Creta,2017,16.42,2.4,53665,Diesel,Individual,Manual,1,1597,24.4,Mohali,White,9
9835,Hyundai Creta,2022,16.67,9.51,16462,Diesel,Individual,Manual,1,799,13.5,Delhi,White,4
9836,Honda Amaze,2017,9.11,1.09,50862,Petrol,Dealer,Manual,1,1956,25.2,Delhi,Red,9
9837,Volkswagen Polo,2012,8.82,1.06,71523,Petrol,Dealer,Manual,2,1498,18.4,Gurugram,Black,14
9838,Hyundai Venue,2024,11.08,8.8,9667,Petrol,Dealer,Manual,0,1956,18.1,Mohali,Grey,2
9839,Toyota Innova Crysta,2018,24.55,4.01,61286,Diesel,Dealer,Manual,1,998,18.7,Hyderabad,Blue,8
9840,Volkswagen Polo,2020,8.9,3.12,74513,Petrol,Individual,Manual,0,1997,22.0,Jaipur,Black,6
9841,Maruti Baleno,2025,9.01,8.39,6781,Petrol,Individual,Manual,0,799,16.4,Chandigarh,Blue,1
9842,Hyundai Venue,2018,12.64,2.48,56204,Petrol,Dealer,Manual,1,2755,19.2,Chandigarh,Black,8
9843,Skoda Slavia,2015,16.81,2.02,67799,Petrol,Dealer,Automatic,2,1498,16.7,Chandigarh,Silver,11
9844,Tata Punch,2014,8.56,1.03,59958,Petrol,Individual,Manual,1,2179,23.1,Gurugram,Blue,12
9845,Maruti Brezza,2014,12.75,1.53,139112,Petrol,Individual,Manual,0,1997,20.5,Pune,Blue,12
9846,Tata Safari,2021,27.08,10.5,58324,Diesel,Dealer,Automatic,1,2393,21.3,Jaipur,Black,5
9847,Maruti Brezza,2020,11.55,4.12,50046,Petrol,Individual,Manual,1,2755,21.3,Hyderabad,Brown,6
9848,Maruti Fronx,2024,10.53,5.52,63645,Petrol,Dealer,Manual,2,1597,12.4,Gurugram,Black,2
9849,Skoda Rapid,2016,9.06,1.09,109698,Diesel,Dealer,Manual,2,2393,24.4,Hyderabad,Silver,10
9850,Skoda Slavia,2016,16.78,2.01,73222,Petrol,Individual,Automatic,0,998,21.6,Pune,Silver,10
9851,Honda City,2022,13.97,6.32,45717,Petrol,Dealer,Manual,2,1597,12.3,Pune,Blue,4
9852,Hyundai Verna,2018,16.65,3.39,42420,Petrol,Dealer,Manual,1,799,21.8,Chennai,Red,8
9853,Toyota Glanza,2015,7.99,0.96,98794,Petrol,Individual,Manual,1,1597,19.2,Kolkata,Grey,11
9854,Hyundai Venue,2023,11.04,8.19,2500,Petrol,Individual,Manual,0,1997,17.7,Mohali,Brown,3
9855,Tata Safari,2025,23.13,18.71,26063,Diesel,Dealer,Automatic,0,1498,17.4,Lucknow,Blue,1
9856,Maruti Swift,2025,7.22,6.26,16628,Petrol,Dealer,Manual,0,1199,14.1,Delhi,Brown,1
9857,Volkswagen Polo,2021,8.7,3.65,50597,Petrol,Individual,Manual,1,2393,24.9,Delhi,White,5
9858,Tata Altroz,2022,9.31,5.53,16960,Petrol,Dealer,Manual,0,1197,14.5,Mohali,Silver,4
9859,Maruti Brezza,2023,13.16,8.1,53856,Petrol,Dealer,Manual,0,2179,19.0,Pune,Grey,3
9860,Toyota Innova Crysta,2014,23.12,2.77,87143,Diesel,Individual,Manual,0,1199,18.1,Lucknow,Silver,12
9861,Toyota Fortuner,2025,41.84,38.91,2500,Diesel,Dealer,Automatic,0,2393,24.2,Chandigarh,Black,1
9862,Maruti Alto,2024,4.15,3.11,2500,Petrol,Dealer,Manual,1,1197,13.7,Pune,Brown,2
9863,Mahindra Thar,2020,15.92,5.31,47402,Diesel,Dealer,Manual,1,2393,16.7,Amritsar,Red,6
9864,Hyundai Grand i10,2022,6.7,2.97,54250,Petrol,Dealer,Manual,1,1498,13.4,Chennai,Red,4
9865,Maruti Swift,2023,7.57,4.41,49956,Petrol,Individual,Manual,2,1498,21.1,Delhi,Brown,3
9866,Nissan Magnite,2014,9.68,1.16,113979,Petrol,Dealer,Manual,0,1956,23.1,Noida,Silver,12
9867,Maruti Ertiga,2023,10.44,4.65,79856,Petrol,Individual,Manual,0,1199,21.8,Bengaluru,White,3
9868,Maruti Alto,2013,4.01,0.55,96120,Petrol,Individual,Manual,1,1956,20.6,Delhi,Blue,13
9869,Renault Kwid,2021,4.87,2.34,32511,Petrol,Dealer,Manual,1,1498,15.1,Noida,Blue,5
9870,Tata Punch,2019,9.71,2.09,79379,Petrol,Dealer,Manual,1,1497,14.1,Jaipur,White,7
9871,Maruti Brezza,2021,11.78,4.03,71494,Petrol,Dealer,Manual,1,1597,19.8,Gurugram,Silver,5
9872,Tata Safari,2016,23.52,2.82,76367,Diesel,Individual,Automatic,2,1199,14.5,Mohali,Black,10
9873,Mahindra Bolero,2013,9.51,1.14,107729,Diesel,Individual,Manual,1,799,17.7,Mohali,Silver,13
9874,Toyota Glanza,2018,8.9,1.07,93967,Petrol,Individual,Manual,0,1956,14.3,Noida,White,8
9875,Kia Seltos,2021,18.16,6.64,71626,Diesel,Individual,Manual,0,1197,18.3,Jaipur,Silver,5
9876,Maruti Brezza,2015,12.9,1.55,52111,Petrol,Dealer,Manual,1,1997,19.3,Hyderabad,Blue,11
9877,Mahindra Thar,2019,18.48,4.94,63983,Diesel,Individual,Manual,0,2755,12.8,Pune,Blue,7
9878,Mahindra Bolero,2018,9.33,2.41,32893,Diesel,Dealer,Manual,1,2179,20.1,Chennai,Blue,8
9879,Hyundai Creta,2014,18.39,2.21,89025,Diesel,Dealer,Manual,1,1498,13.8,Mumbai,Grey,12
9880,Maruti Ciaz,2021,10.31,4.38,46219,Petrol,Individual,Manual,0,2179,21.8,Lucknow,Blue,5
9881,Hyundai Verna,2015,13.63,1.64,74009,Petrol,Dealer,Manual,0,1497,21.5,Amritsar,Blue,11
9882,Toyota Glanza,2020,9.1,4.21,18162,Petrol,Dealer,Manual,2,2393,24.9,Hyderabad,White,6
9883,Maruti Ciaz,2015,10.29,1.24,77125,Petrol,Dealer,Manual,1,1956,21.2,Ludhiana,Blue,11
9884,Mahindra Bolero,2016,11.14,1.34,69257,Diesel,Dealer,Manual,1,1997,14.2,Ludhiana,Black,10
9885,Hyundai Creta,2016,18.63,2.24,99188,Diesel,Individual,Manual,0,2755,13.1,Chennai,Blue,10
9886,Hyundai Venue,2024,13.03,8.98,55947,Petrol,Dealer,Manual,0,2179,20.8,Pune,White,2
9887,Hyundai Grand i10,2018,6.69,0.8,77445,Petrol,Individual,Manual,1,1597,25.2,Lucknow,Brown,8
9888,Mahindra Bolero,2024,11.09,7.67,26719,Diesel,Individual,Manual,0,799,22.5,Kolkata,Grey,2
9889,Hyundai Verna,2015,16.34,1.96,60089,Petrol,Dealer,Manual,0,998,14.0,Chandigarh,Grey,11
9890,Volkswagen Virtus,2023,18.52,12.49,30558,Petrol,Dealer,Automatic,0,1497,17.1,Hyderabad,Silver,3
9891,Nissan Magnite,2012,9.28,1.11,109408,Petrol,Individual,Manual,1,1197,16.0,Pune,Red,14
9892,Hyundai i20,2012,8.47,1.02,94601,Petrol,Individual,Manual,0,1197,14.5,Jaipur,Red,14
9893,Tata Safari,2015,28.07,3.37,54121,Diesel,Dealer,Automatic,0,1199,25.2,Gurugram,Red,11
9894,Maruti Alto,2020,4.21,1.4,51868,Petrol,Individual,Manual,1,1956,24.3,Chandigarh,Blue,6
9895,Tata Harrier,2019,21.36,4.55,62324,Diesel,Individual,Manual,1,2755,22.9,Chandigarh,Brown,7
9896,Maruti Fronx,2019,11.03,3.07,58593,Petrol,Dealer,Manual,1,799,20.8,Chandigarh,Blue,7
9897,Honda Amaze,2014,9.27,1.11,114983,Petrol,Dealer,Manual,0,1597,21.7,Bengaluru,Red,12
9898,Maruti Dzire,2015,7.92,0.95,83779,Petrol,Dealer,Manual,1,2393,21.8,Jaipur,Brown,11
9899,Mahindra XUV700,2013,22.87,2.74,133465,Diesel,Dealer,Automatic,0,1498,19.6,Mumbai,Brown,13
9900,Hyundai Grand i10,2015,7.2,0.86,84949,Petrol,Dealer,Manual,1,2179,24.2,Lucknow,Silver,11
9901,Tata Altroz,2018,9.6,1.41,71242,Petrol,Dealer,Manual,0,799,14.5,Bengaluru,Black,8
9902,Hyundai Verna,2017,13.79,1.65,120364,Petrol,Dealer,Manual,1,1997,18.5,Ludhiana,Black,9
9903,Toyota Glanza,2021,9.79,3.95,81381,Petrol,Dealer,Manual,0,998,19.1,Bengaluru,Blue,5
9904,MG Hector,2022,21.46,10.06,40774,Petrol,Dealer,Automatic,2,998,15.2,Pune,Brown,4
9905,Maruti Ciaz,2019,12.33,3.01,58856,Petrol,Dealer,Manual,0,1597,21.3,Chennai,Grey,7
9906,MG Hector,2021,21.46,12.35,20937,Petrol,Dealer,Automatic,0,2179,15.1,Pune,Blue,5
9907,Toyota Glanza,2023,9.24,5.43,26655,Petrol,Dealer,Manual,2,2179,16.3,Pune,Grey,3
9908,Tata Punch,2015,8.7,1.04,84571,Petrol,Individual,Manual,1,1199,19.0,Mohali,White,11
9909,Hyundai Alcazar,2013,19.45,2.33,112866,Diesel,Dealer,Automatic,0,1498,24.8,Delhi,Grey,13
9910,Tata Harrier,2016,18.85,2.26,89837,Diesel,Individual,Manual,1,1497,20.6,Bengaluru,Blue,10
9911,MG Hector,2022,20.67,9.76,30845,Petrol,Dealer,Automatic,3,1956,16.1,Pune,Brown,4
9912,Renault Kiger,2017,9.97,1.2,77464,Petrol,Dealer,Manual,0,1997,19.3,Hyderabad,Silver,9
9913,Honda Elevate,2017,14.42,1.73,52190,Petrol,Dealer,Manual,1,2755,17.0,Jaipur,Grey,9
9914,Maruti Wagon R,2015,6.71,0.81,34896,Petrol,Dealer,Manual,1,1199,17.4,Hyderabad,Blue,11
9915,Mahindra Thar,2024,18.87,14.25,13443,Diesel,Individual,Manual,2,1197,23.4,Noida,Grey,2
9916,Tata Nexon,2024,12.77,10.58,14115,Petrol,Individual,Manual,0,2179,13.6,Chandigarh,Blue,2
9917,Maruti Ciaz,2012,12.31,1.48,83836,Petrol,Dealer,Manual,1,1997,18.6,Delhi,Silver,14
9918,Volkswagen Virtus,2021,16.95,6.87,53464,Petrol,Individual,Automatic,0,2393,17.8,Delhi,Red,5
9919,Nissan Magnite,2015,9.79,1.17,117515,Petrol,Individual,Manual,1,2179,12.7,Mohali,Grey,11
9920,Toyota Innova Crysta,2019,24.3,9.32,28943,Diesel,Dealer,Manual,0,2393,24.0,Noida,Red,7
9921,Maruti Ertiga,2016,10.18,1.22,80707,Petrol,Dealer,Manual,1,2393,16.7,Jaipur,White,10
9922,Volkswagen Polo,2013,7.37,0.88,107500,Petrol,Individual,Manual,0,1597,15.6,Delhi,White,13
9923,MG Hector,2021,20.83,6.79,77749,Petrol,Dealer,Automatic,1,1199,22.1,Mohali,White,5
9924,Maruti Baleno,2020,9.95,4.26,30493,Petrol,Individual,Manual,0,1997,16.4,Lucknow,Grey,6
9925,Renault Kiger,2017,9.02,1.08,78314,Petrol,Dealer,Manual,0,1997,22.9,Lucknow,Blue,9
9926,Ford EcoSport,2021,8.65,3.15,61932,Diesel,Individual,Manual,1,1197,16.6,Chennai,White,5
9927,Kia Sonet,2024,11.98,8.04,54693,Petrol,Dealer,Manual,1,1199,17.2,Mohali,Black,2
9928,Hyundai Verna,2012,16.72,2.01,110580,Petrol,Individual,Manual,2,998,24.4,Mohali,Grey,14
9929,Maruti Brezza,2014,12.76,1.53,51927,Petrol,Dealer,Manual,1,1199,17.8,Amritsar,Silver,12
9930,Honda Elevate,2016,17.69,2.12,58484,Petrol,Dealer,Manual,1,1956,22.7,Noida,Blue,10
9931,Hyundai Grand i10,2025,7.52,5.7,39337,Petrol,Dealer,Manual,2,1197,17.6,Gurugram,Brown,1
9932,Renault Kwid,2025,5.47,3.96,30939,Petrol,Dealer,Manual,0,1199,17.5,Bengaluru,Grey,1
9933,Maruti Fronx,2018,10.52,2.49,50370,Petrol,Dealer,Manual,0,1197,24.4,Jaipur,Grey,8
9934,Tata Altroz,2020,9.97,2.51,75513,Petrol,Dealer,Manual,0,1597,23.2,Mumbai,Blue,6
9935,Maruti Dzire,2018,8.72,1.27,74461,Petrol,Dealer,Manual,0,2393,18.7,Gurugram,Grey,8
9936,Hyundai i20,2017,9.0,1.08,53423,Petrol,Dealer,Manual,1,1498,17.2,Amritsar,White,9
9937,Hyundai Venue,2016,12.27,1.47,72844,Petrol,Individual,Manual,1,2393,24.5,Lucknow,Red,10
9938,Volkswagen Polo,2019,7.09,2.02,57525,Petrol,Individual,Manual,1,998,15.4,Chennai,Black,7
9939,Tata Altroz,2017,9.28,1.11,110301,Petrol,Dealer,Manual,0,1197,12.3,Hyderabad,Silver,9
9940,Maruti Fronx,2012,10.19,1.22,135698,Petrol,Individual,Manual,0,1199,22.6,Amritsar,Blue,14
9941,Mahindra XUV700,2013,27.6,3.31,79850,Diesel,Individual,Automatic,0,1497,13.9,Ludhiana,White,13
9942,Toyota Innova Crysta,2013,26.84,3.22,92346,Diesel,Dealer,Manual,1,1997,17.7,Jaipur,Brown,13
9943,Hyundai Grand i10,2014,6.63,0.8,89002,Petrol,Individual,Manual,0,1956,17.2,Lucknow,Brown,12
9944,Renault Kwid,2023,4.8,3.76,21406,Petrol,Dealer,Manual,0,998,12.4,Noida,Black,3
9945,Tata Safari,2022,26.71,15.58,40394,Diesel,Dealer,Automatic,0,2755,21.3,Chennai,Silver,4
9946,Maruti Ertiga,2024,12.5,9.73,27378,Petrol,Dealer,Manual,0,1997,13.4,Ludhiana,White,2
9947,Honda Amaze,2012,8.07,0.97,135479,Petrol,Individual,Manual,1,1956,15.5,Chandigarh,Blue,14
9948,Ford EcoSport,2016,10.41,1.25,59785,Diesel,Dealer,Manual,2,1197,24.1,Noida,Silver,10
9949,Maruti Alto,2012,3.83,0.55,86295,Petrol,Individual,Manual,0,2179,16.5,Amritsar,Silver,14
9950,Tata Tiago,2012,6.67,0.8,102590,Petrol,Individual,Manual,0,799,16.8,Gurugram,Blue,14
9951,Maruti Alto,2019,4.42,1.11,56511,Petrol,Dealer,Manual,1,1597,13.3,Noida,Blue,7
9952,Maruti Wagon R,2024,6.19,4.24,53412,Petrol,Dealer,Manual,0,998,13.7,Delhi,Grey,2
9953,Mahindra XUV700,2023,28.47,16.81,55665,Diesel,Dealer,Automatic,0,1956,18.6,Kolkata,White,3
9954,Hyundai Grand i10,2012,7.74,0.93,105851,Petrol,Dealer,Manual,2,1597,14.9,Ludhiana,Black,14
9955,Hyundai Grand i10,2017,7.78,0.93,77532,Petrol,Dealer,Manual,0,1497,20.9,Pune,Silver,9
9956,Renault Kwid,2021,5.38,2.15,39539,Petrol,Individual,Manual,2,1497,16.3,Delhi,Silver,5
9957,Kia Sonet,2018,12.13,1.58,71405,Petrol,Individual,Manual,0,1498,20.6,Hyderabad,Red,8
9958,Mahindra Scorpio,2025,18.87,14.41,35360,Diesel,Individual,Manual,0,2393,18.8,Hyderabad,White,1
9959,MG Hector,2012,18.53,2.22,67362,Petrol,Dealer,Automatic,2,1997,23.7,Noida,Black,14
9960,Renault Kwid,2018,5.53,1.73,38412,Petrol,Dealer,Manual,1,998,16.1,Jaipur,Brown,8
9961,Maruti Baleno,2012,7.93,0.95,110939,Petrol,Dealer,Manual,0,799,14.1,Chennai,White,14
9962,Maruti Ertiga,2018,10.8,1.74,85812,Petrol,Dealer,Manual,0,2393,19.8,Chandigarh,Brown,8
9963,Hyundai Venue,2023,11.27,8.88,2500,Petrol,Individual,Manual,0,2393,12.6,Amritsar,Red,3
9964,Hyundai Grand i10,2015,7.57,0.91,54532,Petrol,Dealer,Manual,3,1498,24.9,Hyderabad,Red,11
9965,Mahindra Bolero,2023,10.07,6.79,23226,Diesel,Dealer,Manual,0,2393,16.3,Mohali,Blue,3
9966,Mahindra XUV700,2014,25.47,3.06,76843,Diesel,Dealer,Automatic,1,1597,17.1,Lucknow,Silver,12
9967,Kia Sonet,2013,12.62,1.51,100935,Petrol,Individual,Manual,0,799,23.3,Chandigarh,Red,13
9968,Hyundai Verna,2018,16.73,2.55,65335,Petrol,Dealer,Manual,0,1597,16.0,Gurugram,Red,8
9969,Honda Elevate,2025,17.3,14.21,2500,Petrol,Individual,Manual,2,1497,25.0,Chandigarh,Black,1
9970,MG Hector,2023,22.23,13.14,37811,Petrol,Dealer,Automatic,1,1597,17.7,Mumbai,Silver,3
9971,Tata Harrier,2024,20.95,17.47,2500,Diesel,Dealer,Manual,0,1997,12.8,Noida,Red,2
9972,Kia Seltos,2014,15.7,1.88,122720,Diesel,Dealer,Manual,0,2179,20.2,Chennai,Black,12
9973,Maruti Brezza,2020,12.48,4.23,72474,Petrol,Individual,Manual,0,1497,17.8,Mumbai,Blue,6
9974,Renault Kiger,2025,8.59,7.67,2500,Petrol,Individual,Manual,1,1199,12.2,Amritsar,White,1
9975,Mahindra Thar,2014,16.62,1.99,61438,Diesel,Individual,Manual,1,998,17.9,Chennai,Brown,12
9976,Skoda Rapid,2020,10.3,3.96,48976,Diesel,Individual,Manual,1,1199,12.8,Hyderabad,Red,6
9977,Toyota Innova Crysta,2023,25.96,19.12,2500,Diesel,Individual,Manual,0,2755,17.8,Noida,Red,3
9978,Honda Elevate,2020,15.63,7.18,25677,Petrol,Individual,Manual,0,1498,15.1,Noida,Silver,6
9979,Tata Harrier,2018,20.42,4.6,64763,Diesel,Individual,Manual,0,2755,17.6,Jaipur,Silver,8
9980,Volkswagen Virtus,2023,18.35,12.21,38956,Petrol,Dealer,Automatic,0,998,22.7,Bengaluru,White,3
9981,Toyota Fortuner,2015,36.61,4.39,98943,Diesel,Dealer,Automatic,1,1997,17.9,Pune,Brown,11
9982,Hyundai Creta,2017,17.49,2.1,91335,Diesel,Individual,Manual,1,2755,15.9,Pune,Silver,9
9983,Volkswagen Virtus,2019,15.03,4.25,36320,Petrol,Individual,Automatic,2,1498,12.1,Ludhiana,Brown,7
9984,Tata Harrier,2024,18.54,13.28,39792,Diesel,Dealer,Manual,0,998,16.7,Chandigarh,Brown,2
9985,Mahindra XUV700,2015,27.33,3.28,71555,Diesel,Individual,Automatic,0,799,24.0,Gurugram,Silver,11
9986,Nissan Magnite,2019,9.62,2.69,67435,Petrol,Dealer,Manual,0,1597,22.3,Mohali,Grey,7
9987,Hyundai i20,2012,9.89,1.19,135814,Petrol,Dealer,Manual,1,1956,13.2,Chandigarh,White,14
9988,Toyota Fortuner,2017,41.19,6.74,52586,Diesel,Dealer,Automatic,0,2179,19.9,Mumbai,Red,9
9989,Mahindra Bolero,2022,10.54,5.83,38679,Diesel,Dealer,Manual,0,998,18.3,Hyderabad,Grey,4
9990,Kia Seltos,2018,17.22,2.07,81736,Diesel,Dealer,Manual,0,1956,12.9,Delhi,Red,8
9991,Tata Safari,2025,23.86,21.34,7024,Diesel,Individual,Automatic,0,1997,14.2,Mumbai,Blue,1
9992,Maruti Dzire,2015,8.33,1.0,124740,Petrol,Individual,Manual,1,1497,21.4,Mohali,Black,11
9993,Hyundai Verna,2016,14.64,1.76,84354,Petrol,Individual,Manual,0,799,14.5,Amritsar,Blue,10
9994,Hyundai i20,2023,8.38,4.41,52225,Petrol,Dealer,Manual,2,1497,12.5,Gurugram,Red,3
9995,Tata Harrier,2023,17.77,11.9,35365,Diesel,Dealer,Manual,0,799,14.3,Jaipur,Brown,3
9996,Maruti Brezza,2018,13.07,1.96,108913,Petrol,Dealer,Manual,1,2393,23.2,Chennai,Red,8
9997,Maruti Alto,2017,3.73,0.55,65923,Petrol,Dealer,Manual,0,1956,23.4,Chandigarh,Silver,9
9998,Skoda Slavia,2012,16.16,1.94,104580,Petrol,Individual,Automatic,1,1199,24.0,Chennai,Red,14
9999,Mahindra Scorpio,2012,21.12,2.53,115189,Diesel,Individual,Manual,0,2179,18.4,Chennai,Brown,14
10000,Mahindra Thar,2024,16.02,12.34,2500,Diesel,Individual,Manual,1,2755,15.8,Hyderabad,White,2
